Iowa DOT Case Number,Law Enforcement Case Number,Date of Crash,Month of Crash,Day of Week,Time of Crash,Hour,DOT District,City Name,County Name,Route with System,Location Description,First Harmful Event,Location of First Harmful Event,Manner of Crash/Collision,Major Cause,Drug or Alcohol ,Environmental Conditions,Light Conditions,Surface Conditions,Weather Conditions,Roadway Contribution,Roadway Type,Roadway Surface,Work Zone,Crash Severity,Number of Fatalities,Number of Injuries,Number of Major Injuries,Number of Minor Injuries,Number of Possible Injuries,Number of Unknown Injuries,Amount of Property Damage,Number of Vehicles Involved,Total Number of Occupants,Travel Direction,Location
2014831394,14-009958,11/19/2014,11-November,4-Wednesday,07:50,0700 Hours,District 6 (East Central),MANCHESTER,DELAWARE,IA 13,IA 13/N FRANKLIN ST/IOWA 13,Collision with:  Vehicle in traffic,On Roadway,Head-on (front to front),FTYROW:  Making left turn,None Indicated,,Daylight,Dry,Cloudy,None apparent,Non-intersection:  Driveway access (within),Paved,,Possible/Unknown,0,1,0,0,0,1,8500,2,3,,POINT (-91.457930888103 42.50258296702)
2014830262,W14-114295,11/19/2014,11-November,4-Wednesday,15:05,1500 Hours,District 2 (Northeast),WATERLOO,BLACK HAWK,,DOWNING AVE & ANSBOROUGH AVE,Collision with:  Vehicle in traffic,On Roadway,"Angle, oncoming left turn",Made improper turn,None Indicated,,Daylight,Dry,Clear,None apparent,Intersection:  Four-way intersection,Paved,,Property Damage Only,0,0,0,0,0,0,6000,2,2,,POINT (-92.376924645494 42.494829322175)
2014829780,,11/19/2014,11-November,4-Wednesday,16:45,1600 Hours,District 4 (Southwest),ADEL,DALLAS,,GREENE ST & S 12TH ST,Collision with:  Vehicle in traffic,On Roadway,Rear-end (front to rear),Followed too close,None Indicated,,Daylight,Dry,Clear,None apparent,Non-intersection:  Non-junction/no special feature,Paved,,Possible/Unknown,0,1,0,0,1,0,6000,2,3,,POINT (-94.022667200005 41.614247186408)
2014828773,14-5861,11/19/2014,11-November,4-Wednesday,17:40,1700 Hours,District 1 (Central),WEST DES MOINES,POLK,,E P TRUE PKWY,Collision with:  Animal,On Roadway,Non-collision (single vehicle),Animal,None Indicated,,Dark - roadway lighted,Dry,Cloudy,None apparent,Non-intersection:  Non-junction/no special feature,Paved,,Property Damage Only,0,0,0,0,0,0,2000,1,1,,POINT (-93.749043874607 41.570130756589)
2014830203,4514-057,11/19/2014,11-November,4-Wednesday,18:37,1800 Hours,District 2 (Northeast),,HOWARD,US 63,US 63 & MAJOR RD,Collision with:  Animal,,,Animal,None Indicated,,,,,,,Paved,,Property Damage Only,0,0,0,0,0,0,1500,1,1,,POINT (-92.32075793688 43.47123630848)
2014828789,14-10181,11/19/2014,11-November,4-Wednesday,17:30,1700 Hours,District 4 (Southwest),,CASS,US 6,US 6/WHITE POLE RD,Collision with:  Vehicle in traffic,On Roadway,Rear-end (front to rear),Followed too close,None Indicated,,Dusk,Wet,Cloudy,None apparent,Non-intersection:  Non-junction/no special feature,Paved,,Possible/Unknown,0,2,0,0,2,0,20000,2,2,,POINT (-94.95812045925 41.403733416274)
2014829213,,11/19/2014,11-November,4-Wednesday,11:30,1100 Hours,District 3 (Northwest),WEST BEND,PALO ALTO,,1ST AVE NW,Collision with:  Parked motor vehicle,Outside trafficway,Rear-end (front to rear),Lost Control,None Indicated,,Daylight,Snow,Clear,"Surface condition (e.g., wet, icy)",Non-intersection:  Non-junction/no special feature,Paved,,Property Damage Only,0,0,0,0,0,0,2000,2,1,,POINT (-94.446402013458 42.961677004977)
2014829424,2014064830,11/19/2014,11-November,4-Wednesday,19:40,1900 Hours,District 6 (East Central),,IOWA,,Co Rd V66/M AVE,Collision with:  Animal,,,Animal,None Indicated,,,,,,,Paved,,Property Damage Only,0,0,0,0,0,0,5000,1,1,,POINT (-92.065782358185 41.604776944249)
2014836100,14-07860,11/19/2014,11-November,4-Wednesday,15:50,1500 Hours,District 2 (Northeast),OELWEIN,FAYETTE,IA 3,IA 3/FREDERICK AVE N & 5TH ST NW,Collision with:  Vehicle in traffic,On Roadway,Broadside (front to side),FTYROW:  From yield sign,None Indicated,,Daylight,Snow,Clear,None apparent,Intersection:  Four-way intersection,Paved,,Minor Injury,0,1,0,1,0,0,6500,2,3,,POINT (-91.913270441637 42.684378652362)
2014828768,SO14-1453,11/19/2014,11-November,4-Wednesday,04:30,0400 Hours,District 2 (Northeast),,WRIGHT,,Co Rd C20/130TH ST & OBRIEN AVE,Collision with:  Animal,,,Animal,None Indicated,,,,,,,Paved,,Property Damage Only,0,0,0,0,0,0,3000,1,1,,POINT (-93.695291925646 42.862947784331)
2014830052,,11/19/2014,11-November,4-Wednesday,07:30,0700 Hours,District 3 (Northwest),SIOUX CITY,WOODBURY,IA 376,IA 376/S LEWIS BLVD & GLENN AVE,Collision with:  Vehicle in traffic,On Roadway,Rear-end (front to rear),Unknown,None Indicated,,Dawn,Dry,Cloudy,,Non-intersection:  Non-junction/no special feature,Paved,,Property Damage Only,0,0,0,0,0,0,3000,2,2,,POINT (-96.375714971836 42.465342298842)
2014828766,14-3723,11/19/2014,11-November,4-Wednesday,18:20,1800 Hours,District 1 (Central),FORT DODGE,WEBSTER,,N 32ND ST,Collision with:  Animal,On Roadway,Non-collision (single vehicle),Animal,None Indicated,,Dark - roadway lighted,Dry,Cloudy,None apparent,Non-intersection:  Non-junction/no special feature,Paved,,Property Damage Only,0,0,0,0,0,0,2000,1,1,,POINT (-94.149901417069 42.512295796912)
2014850915,14-009341,11/19/2014,11-November,4-Wednesday,18:10,1800 Hours,District 5 (Southeast),COLUMBUS JUNCTION,LOUISA,,Co Rd X99/CO HWY 99,Collision with:  Vehicle in traffic,On Roadway,"Sideswipe, opposite direction",Crossed centerline (undivided),None Indicated,,Dark - roadway not lighted,Dry,Clear,None apparent,Non-intersection:  Non-junction/no special feature,Paved,,Possible/Unknown,0,1,0,0,1,0,8000,2,2,,POINT (-91.087170398624 41.148233246331)
2014828849,14112065,11/19/2014,11-November,4-Wednesday,16:57,1600 Hours,District 4 (Southwest),CLARINDA,PAGE,,W STUART ST,Collision with fixed object:  Utility pole/light support,Shoulder,Non-collision (single vehicle),Ran off road - left,None Indicated,,Dusk,Ice/frost,Cloudy,None apparent,Non-intersection:  Non-junction/no special feature,Paved,,Property Damage Only,0,0,0,0,0,0,2000,1,2,,POINT (-95.042344349363 40.737275091402)
2014829191,2014-24954,11/19/2014,11-November,4-Wednesday,14:27,1400 Hours,District 5 (Southeast),INDIANOLA,WARREN,US 65,US 65 & HAYES ST,Non-collision events:  Other non-collision (explain in narrative),Shoulder,Non-collision (single vehicle),Other (explain in narrative):  Other,None Indicated,,Daylight,Dry,Cloudy,None apparent,Non-intersection:  Non-junction/no special feature,Paved,,Possible/Unknown,0,1,0,0,1,0,2500,1,1,,POINT (-93.558711300059 41.394901782094)
2014828623,14-048849,11/19/2014,11-November,4-Wednesday,07:21,0700 Hours,District 4 (Southwest),COUNCIL BLUFFS,POTTAWATTAMIE,,WASHINGTON AVE & N 6TH ST,Collision with:  Parked motor vehicle,On Roadway,Rear-end (front to rear),Ran off road - right,None Indicated,,Daylight,Dry,Cloudy,None apparent,Non-intersection:  Non-junction/no special feature,Paved,,Property Damage Only,0,0,0,0,0,0,10000,2,4,,POINT (-95.85142829417 41.263198079252)
2014831354,141119PM01,11/19/2014,11-November,4-Wednesday,16:18,1600 Hours,District 3 (Northwest),ORANGE CITY,SIOUX,IA 10,IA 10/8TH ST SW,Collision with:  Vehicle in traffic,On Roadway,Rear-end (front to rear),Followed too close,None Indicated,,Daylight,Dry,Cloudy,None apparent,Non-intersection:  Non-junction/no special feature,Paved,,Minor Injury,0,1,0,1,0,0,8000,2,2,,POINT (-96.073125473942 42.999004219793)
2014828778,14-028319,11/19/2014,11-November,4-Wednesday,02:30,0200 Hours,District 5 (Southeast),,MARION,IA 5,IA 5/IOWA 5 & 185TH PL,Collision with:  Animal,,,Animal,None Indicated,,,,,,,Paved,,Property Damage Only,0,0,0,0,0,0,3000,1,3,,POINT (-92.994690603795 41.225948539017)
2014829230,,11/19/2014,11-November,4-Wednesday,17:45,1700 Hours,District 1 (Central),STORY CITY,STORY,,Co Rd R61/HILLCREST DR,Collision with:  Animal,On Roadway,Non-collision (single vehicle),Animal,None Indicated,,Dark - roadway not lighted,Dry,Cloudy,,Non-intersection:  Non-junction/no special feature,Paved,,Property Damage Only,0,0,0,0,0,0,3000,1,1,,POINT (-93.58316892112 42.167343318228)
2014832828,,11/19/2014,11-November,4-Wednesday,18:00,1800 Hours,District 5 (Southeast),DES MOINES,WARREN,,SW 9TH ST,Collision with:  Animal,On Roadway,Non-collision (single vehicle),Animal,None Indicated,,Dusk,Dry,Clear,,Non-intersection:  Non-junction/no special feature,Paved,,Property Damage Only,0,0,0,0,0,0,3500,1,2,,POINT (-93.625639779155 41.508411669675)
2014829624,80-14-365,11/19/2014,11-November,4-Wednesday,07:50,0700 Hours,District 2 (Northeast),HUMBOLDT,HUMBOLDT,IA 3,IA 3/10TH AVE N & 5TH ST N,Collision with:  Vehicle in traffic,On Roadway,Broadside (front to side),Ran Stop Sign,None Indicated,,Daylight,Wet,Cloudy,None apparent,Intersection:  T-intersection,Paved,,Property Damage Only,0,0,0,0,0,0,4000,2,2,,POINT (-94.215000281143 42.731745868147)
2014830653,14028331,11/19/2014,11-November,4-Wednesday,08:30,0800 Hours,District 5 (Southeast),,MARION,IA 163,IA 163/IOWA 163,Collision with:  Vehicle in traffic,On Roadway,Rear-end (front to rear),Followed too close,None Indicated,,Daylight,Dry,Cloudy,None apparent,Non-intersection:  Non-junction/no special feature,Paved,,Property Damage Only,0,0,0,0,0,0,4500,2,2,,POINT (-93.016963101449 41.444294380474)
2014828891,2014012923,11/19/2014,11-November,4-Wednesday,15:20,1500 Hours,District 6 (East Central),IOWA CITY,JOHNSON,,S CAPITOL ST,Collision with:  Vehicle in traffic,On Roadway,"Sideswipe, same direction",FTYROW:  From parked position,None Indicated,,Daylight,Dry,Cloudy,None apparent,Non-intersection:  Non-junction/no special feature,Paved,,Property Damage Only,0,0,0,0,0,0,2500,2,5,,POINT (-91.536259855028 41.653214228159)
2014828868,14-005018,11/19/2014,11-November,4-Wednesday,12:24,1200 Hours,District 1 (Central),ANKENY,POLK,,SE SHURFINE DR,Collision with fixed object:  Curb/island/raised median,On Roadway,Non-collision (single vehicle),Ran off road - right,None Indicated,,Daylight,Dry,Snow,None apparent,Non-intersection:  Non-junction/no special feature,Paved,,Property Damage Only,0,0,0,0,0,0,4500,1,1,,POINT (-93.59868778754 41.711929191262)
2014829877,2014012915,11/19/2014,11-November,4-Wednesday,05:10,0500 Hours,District 6 (East Central),IOWA CITY,JOHNSON,,GLENDALE RD & GLENDALE CIR,Collision with:  Vehicle in traffic,On Roadway,Head-on (front to front),Driving too fast for conditions,Refused,,Dark - unknown roadway lighting,Ice/frost,Clear,None apparent,Non-intersection:  Non-junction/no special feature,Paved,,Minor Injury,0,1,0,1,0,0,16500,3,1,,POINT (-91.506385773286 41.661314285432)
2014829598,14-001379,11/19/2014,11-November,4-Wednesday,18:02,1800 Hours,District 1 (Central),,STORY,US 69,US 69 & 160TH ST,Collision with:  Vehicle in traffic,On Roadway,"Sideswipe, same direction",Swerving/Evasive Action,None Indicated,,Dark - roadway not lighted,Dry,Clear,None apparent,Intersection:  T-intersection,Paved,,Property Damage Only,0,0,0,0,0,0,5000,2,2,,POINT (-93.620397063878 42.122809602701)
2014828758,14-38265,11/19/2014,11-November,4-Wednesday,21:41,2100 Hours,District 3 (Northwest),SIOUX CITY,WOODBURY,,FLOYD BLVD & CLEVELAND ST,Collision with:  Vehicle in traffic,On Roadway,Broadside (front to side),FTYROW:  From stop sign,None Indicated,,Dark - roadway lighted,Dry,Clear,None apparent,Intersection:  Four-way intersection,Paved,,Property Damage Only,0,0,0,0,0,0,4500,2,4,,POINT (-96.351568168178 42.546480028723)
2014831257,,11/19/2014,11-November,4-Wednesday,14:52,1400 Hours,District 3 (Northwest),ARNOLDS PARK,DICKINSON,,LOWER GAR ST REC AREA,Collision with:  Vehicle in traffic,On Roadway,"Sideswipe, opposite direction",Swerving/Evasive Action,None Indicated,,Daylight,Ice/frost,Clear,None apparent,Non-intersection:  Non-junction/no special feature,Paved,,Property Damage Only,0,0,0,0,0,0,5000,2,3,,POINT (-95.12580440008 43.355452967079)
2014828736,14-7684,11/19/2014,11-November,4-Wednesday,17:10,1700 Hours,District 1 (Central),DES MOINES,POLK,US 69,US 69/NE 14TH ST,Collision with:  Vehicle in traffic,On Roadway,Rear-end (front to rear),Other (explain in narrative):  Other,None Indicated,,Dusk,Dry,Cloudy,None apparent,Non-intersection:  Non-junction/no special feature,Paved,,Property Damage Only,0,0,0,0,0,0,3200,2,2,,POINT (-93.600530897592 41.655499054278)
2014829900,03278,11/19/2014,11-November,4-Wednesday,08:41,0800 Hours,District 6 (East Central),DYERSVILLE,DUBUQUE,,5TH AVE SE,Collision with:  Vehicle in traffic,On Roadway,Rear-end (front to rear),Lost Control,None Indicated,,Daylight,Dry,Clear,None apparent,Non-intersection:  Non-junction/no special feature,Paved,,Property Damage Only,0,0,0,0,0,0,3000,2,1,,POINT (-91.119727220203 42.480997873034)
2014828885,2014012925,11/19/2014,11-November,4-Wednesday,15:55,1500 Hours,District 6 (East Central),IOWA CITY,JOHNSON,IA 1,IA 1/IOWA 1,Collision with:  Vehicle in traffic,On Roadway,Rear-end (front to rear),Followed too close,None Indicated,,Daylight,Dry,Cloudy,None apparent,Non-intersection:  Non-junction/no special feature,Paved,,Property Damage Only,0,0,0,0,0,0,2500,2,3,,POINT (-91.564460242805 41.636330766246)
2014828757,14-38236,11/19/2014,11-November,4-Wednesday,17:44,1700 Hours,District 3 (Northwest),SIOUX CITY,WOODBURY,I-29,I-29 & IA 376/SINGING HILLS BLVD,Collision with:  Vehicle in traffic,On Roadway,"Angle, oncoming left turn",Ran Traffic Signal,None Indicated,,Dark - roadway lighted,Dry,Clear,None apparent,Intersection:  Four-way intersection,Paved,,Property Damage Only,0,0,0,0,0,0,3500,2,3,,POINT (-96.374050327387 42.43459580019)
2014828880,14-3718,11/19/2014,11-November,4-Wednesday,13:15,1300 Hours,District 1 (Central),FORT DODGE,WEBSTER,,5TH AVE S & S 18TH ST,Collision with:  Vehicle in traffic,On Roadway,Rear-end (front to rear),Followed too close,None Indicated,,Daylight,Dry,Cloudy,None apparent,Non-intersection:  Non-junction/no special feature,Paved,,Property Damage Only,0,0,0,0,0,0,3000,2,3,,POINT (-94.173525225656 42.501060335956)
2014837047,14110438,11/19/2014,11-November,4-Wednesday,18:03,1800 Hours,District 5 (Southeast),,WAPELLO,US 63,US 63,Collision with:  Vehicle in traffic,Shoulder,Rear-end (front to rear),FTYROW:  Other (explain in narrative),None Indicated,,Dark - roadway not lighted,Dry,Clear,None apparent,Non-intersection:  Non-junction/no special feature,Paved,,Property Damage Only,0,0,0,0,0,0,4700,2,3,,POINT (-92.555404349034 41.120580371376)
2014829467,14-001378,11/19/2014,11-November,4-Wednesday,17:22,1700 Hours,District 1 (Central),,STORY,,Co Rd E41/LINCOLN HWY & 580TH AVE,Collision with:  Vehicle in traffic,On Roadway,Rear-end (front to rear),FTYROW:  Making left turn,None Indicated,,Dark - roadway lighted,Dry,Cloudy,None apparent,Intersection:  Four-way intersection,Paved,,Property Damage Only,0,0,0,0,0,0,5000,2,4,,POINT (-93.540888813643 42.023086564879)
2014828962,W14-114357,11/19/2014,11-November,4-Wednesday,19:01,1900 Hours,District 2 (Northeast),WATERLOO,BLACK HAWK,US 63,US 63/W MULLAN AVE & COMMERCIAL ST & W COMMERCIAL ST,Collision with:  Vehicle in traffic,On Roadway,"Angle, oncoming left turn",Ran Traffic Signal,None Indicated,,Dark - roadway lighted,Dry,Clear,None apparent,Intersection:  Four-way intersection,Paved,,Property Damage Only,0,0,0,0,0,0,2000,2,2,,POINT (-92.345062277438 42.498605228175)
2014835935,1411-085,11/19/2014,11-November,4-Wednesday,17:40,1700 Hours,District 3 (Northwest),,OSCEOLA,IA 60,IA 60/IOWA 60,Collision with:  Animal,,,Animal,None Indicated,,,,,,,Paved,,Property Damage Only,0,0,0,0,0,0,7500,1,1,,POINT (-95.713455033688 43.448052820102)
2014828869,1409817,11/19/2014,11-November,4-Wednesday,17:24,1700 Hours,District 5 (Southeast),,WASHINGTON,US 218,US 218/NW RAMP/SW RAMP & Co Rd G36/220TH ST,Collision with:  Vehicle in traffic,On Roadway,Rear-end (front to rear),Followed too close,None Indicated,,Dark - roadway lighted,Dry,Snow,None apparent,Intersection:  Intersection with ramp,Paved,,Minor Injury,0,1,0,1,0,0,6000,2,3,,POINT (-91.554213127885 41.337066893566)
2014829116,2014064712,11/19/2014,11-November,4-Wednesday,09:30,0900 Hours,District 2 (Northeast),,ALLAMAKEE,,Co Rd X42/LANSING HARPERS RD,Collision with fixed object:  Tree,On Roadway,Non-collision (single vehicle),Swerving/Evasive Action,None Indicated,,Daylight,Ice/frost,Snow,"Surface condition (e.g., wet, icy)",Non-intersection:  Non-junction/no special feature,Paved,,Minor Injury,0,1,0,1,0,0,5000,1,1,,POINT (-91.205413049899 43.215549288231)
2014828782,20144245,11/19/2014,11-November,4-Wednesday,15:40,1500 Hours,District 1 (Central),REINBECK,GRUNDY,,CLARK ST & BROAD ST,Collision with:  Vehicle in traffic,On Roadway,Broadside (front to side),FTYROW:  From yield sign,None Indicated,,Daylight,Snow,Cloudy,"Surface condition (e.g., wet, icy)",Intersection:  Four-way intersection,Paved,,Possible/Unknown,0,2,0,0,2,0,5800,2,4,,POINT (-92.597774858267 42.323694501143)
2014829570,14-151119-01,11/19/2014,11-November,4-Wednesday,19:25,1900 Hours,District 6 (East Central),,IOWA,,E AVE,Non-collision events:  Overturn/rollover,On Roadway,Non-collision (single vehicle),Swerving/Evasive Action,None Indicated,,Dark - roadway not lighted,Snow,Clear,None apparent,Non-intersection:  Non-junction/no special feature,Unpaved,,Property Damage Only,0,0,0,0,0,0,10000,1,1,,POINT (-92.221094136062 41.622723550254)
2014829855,14-008866,11/19/2014,11-November,4-Wednesday,13:46,1300 Hours,District 4 (Southwest),PERRY,DALLAS,IA 141,IA 141/141ST ST/IOWA 141 & IA 144/1ST AVE & Co Rd P58/J AVE,Collision with:  Vehicle in traffic,On Roadway,Broadside (front to side),FTYROW:  Other (explain in narrative),None Indicated,,Daylight,Dry,Cloudy,None apparent,Intersection:  Four-way intersection,Paved,,Property Damage Only,0,0,0,0,0,0,2000,2,2,,POINT (-94.10650836909 41.830375120553)
2014828737,14-7686,11/19/2014,11-November,4-Wednesday,18:03,1800 Hours,District 1 (Central),,POLK,,SE 80TH ST,Collision with:  Animal,,,Animal,None Indicated,,,,,,,Paved,,Property Damage Only,0,0,0,0,0,0,5000,1,1,,POINT (-93.443197209055 41.583425937276)
2014833138,2014-80098,11/19/2014,11-November,4-Wednesday,11:01,1100 Hours,District 6 (East Central),DAVENPORT,SCOTT,,W 4TH ST & WARREN ST,Collision with:  Vehicle in traffic,On Roadway,Broadside (front to side),Ran Traffic Signal,None Indicated,,Daylight,Dry,Cloudy,None apparent,Intersection:  Other intersection (explain in narrative),Paved,,Minor Injury,0,1,0,1,0,0,4000,2,2,,POINT (-90.585899360665 41.523499061907)
2014828564,2014012918,11/19/2014,11-November,4-Wednesday,10:45,1000 Hours,District 6 (East Central),IOWA CITY,JOHNSON,,N RIVERSIDE DR,Collision with:  Vehicle in traffic,On Roadway,Rear-end (front to rear),Followed too close,None Indicated,,Daylight,Dry,Cloudy,None apparent,Intersection:  T-intersection,Paved,,Property Damage Only,0,0,0,0,0,0,1501,2,2,,POINT (-91.541412123588 41.663844783038)
2014828456,20140034387,11/19/2014,11-November,4-Wednesday,07:50,0700 Hours,District 1 (Central),DES MOINES,POLK,I-235,I-235,Collision with:  Vehicle in traffic,On Roadway,Rear-end (front to rear),Lost Control,None Indicated,,Daylight,Dry,Cloudy,None apparent,Non-intersection:  Non-junction/no special feature,Paved,,Property Damage Only,0,0,0,0,0,0,6000,3,4,,POINT (-93.575988824249 41.622523266818)
2014829237,W14-114373,11/19/2014,11-November,4-Wednesday,20:16,2000 Hours,District 2 (Northeast),WATERLOO,BLACK HAWK,,ANSBOROUGH AVE,Collision with:  Animal,On Roadway,Non-collision (single vehicle),Animal,None Indicated,,Dark - roadway lighted,Dry,Cloudy,None apparent,Non-intersection:  Non-junction/no special feature,Paved,,Property Damage Only,0,0,0,0,0,0,2500,1,1,,POINT (-92.377047053573 42.487400163915)
2014829009,S2014-011976,11/19/2014,11-November,4-Wednesday,09:09,0900 Hours,District 3 (Northwest),,WOODBURY,I-29,I-29,Collision with fixed object:  Ditch,Median,Non-collision (single vehicle),Swerving/Evasive Action,None Indicated,,Daylight,Dry,Cloudy,None apparent,Non-intersection:  Non-junction/no special feature,Paved,,Major Injury,0,1,1,0,0,0,14000,1,1,,POINT (-96.338464997884 42.355515620577)
2014828970,14017058,11/19/2014,11-November,4-Wednesday,08:19,0800 Hours,District 6 (East Central),,CEDAR,,Co Rd F36/CEDAR VALLEY RD,Collision with:  Animal,,,Animal,None Indicated,,,,,,,Paved,,Property Damage Only,0,0,0,0,0,0,2000,1,1,,POINT (-91.18339395513 41.741189137442)
2014829192,14-41343,11/19/2014,11-November,4-Wednesday,10:55,1000 Hours,District 5 (Southeast),BURLINGTON,DES MOINES,,CLEARVIEW AVE & TERRACE DR,Collision with:  Parked motor vehicle,Roadside,Rear-end (front to rear),Improper Backing,None Indicated,,Daylight,Dry,Cloudy,None apparent,Non-intersection:  Non-junction/no special feature,Paved,,Property Damage Only,0,0,0,0,0,0,3800,2,2,,POINT (-91.134839307274 40.804735816367)
2014829725,14-114229,11/19/2014,11-November,4-Wednesday,10:07,1000 Hours,District 2 (Northeast),CEDAR FALLS,BLACK HAWK,,5TH ST,Collision with:  Vehicle in traffic,On Roadway,Broadside (front to side),Lost Control,None Indicated,,Daylight,Snow,Clear,None apparent,Non-intersection:  Non-junction/no special feature,Paved,,Property Damage Only,0,0,0,0,0,0,2250,2,2,,POINT (-92.462564764956 42.53414104867)
2014829122,CL14004096,11/19/2014,11-November,4-Wednesday,16:02,1600 Hours,District 6 (East Central),CLINTON,CLINTON,,2ND AVE S & S 3RD ST,Collision with:  Vehicle in traffic,On Roadway,Broadside (front to side),Ran Stop Sign,None Indicated,,Dusk,Dry,Cloudy,None apparent,Intersection:  Four-way intersection,Paved,,Property Damage Only,0,0,0,0,0,0,3000,2,2,,POINT (-90.190802377365 41.844515072753)
2014828447,20140034423,11/19/2014,11-November,4-Wednesday,13:15,1300 Hours,District 1 (Central),DES MOINES,POLK,,8TH PL,Collision with:  Vehicle in traffic,On Roadway,"Sideswipe, same direction",FTYROW:  Other (explain in narrative),None Indicated,,Daylight,Dry,Cloudy,None apparent,Non-intersection:  Non-junction/no special feature,Paved,,Property Damage Only,0,0,0,0,0,0,6000,2,3,,POINT (-93.62857612476 41.590164023742)
2014828761,CL14004094,11/19/2014,11-November,4-Wednesday,14:28,1400 Hours,District 6 (East Central),CLINTON,CLINTON,US 67,US 67/N 2ND ST,Collision with:  Vehicle in traffic,On Roadway,Rear-end (front to rear),Followed too close,None Indicated,,Daylight,Dry,Clear,None apparent,Non-intersection:  Non-junction/no special feature,Paved,,Possible/Unknown,0,1,0,0,1,0,2500,2,2,,POINT (-90.184355591744 41.860234126111)
2014828727,1411202711,11/19/2014,11-November,4-Wednesday,23:00,2300 Hours,District 6 (East Central),,CLINTON,,235 ST,Collision with fixed object:  Ditch,Shoulder,Non-collision (single vehicle),Crossed centerline (undivided),None Indicated,,Dark - roadway not lighted,Dry,Clear,None apparent,Non-intersection:  Non-junction/no special feature,Paved,,Property Damage Only,0,0,0,0,0,0,3000,1,1,,POINT (-90.86068938072 41.841942219577)
2014830042,,11/19/2014,11-November,4-Wednesday,17:30,1700 Hours,District 2 (Northeast),,WINNEBAGO,IA 9,IA 9/420TH ST,Collision with:  Vehicle in traffic,On Roadway,Rear-end (front to rear),Swerving/Evasive Action,None Indicated,,Dark - roadway not lighted,Dry,Clear,None apparent,Non-intersection:  Non-junction/no special feature,Paved,,Property Damage Only,0,0,0,0,0,0,4500,2,2,,POINT (-93.724176513417 43.371155954187)
2014829508,14-1641,11/19/2014,11-November,4-Wednesday,21:46,2100 Hours,District 3 (Northwest),SPIRIT LAKE,DICKINSON,,ERIE AVE,Collision with fixed object:  Mailbox,Shoulder,Non-collision (single vehicle),Ran off road - right,Alcohol (< Statutory),,Dark - roadway lighted,Ice/frost,Cloudy,"Surface condition (e.g., wet, icy)",Non-intersection:  Non-junction/no special feature,Paved,,Property Damage Only,0,0,0,0,0,0,2400,1,2,,POINT (-95.097361239634 43.418791139889)
2014829874,14-13436,11/19/2014,11-November,4-Wednesday,17:10,1700 Hours,District 3 (Northwest),,SIOUX,US 18,US 18/320TH ST & Co Rd K60/INDIAN AVE,Collision with:  Other non-fixed object (explain in narrative),On Roadway,Non-collision (single vehicle),Ran off road - right,None Indicated,,Dark - roadway not lighted,Dry,Cloudy,Debris,Intersection:  Four-way intersection,Paved,,Possible/Unknown,0,1,0,0,1,0,6000,2,5,,POINT (-96.09800939234 43.185896183184)
2014828831,2014012926,11/19/2014,11-November,4-Wednesday,17:24,1700 Hours,District 6 (East Central),IOWA CITY,JOHNSON,IA 1,IA 1/W BURLINGTON ST/E BURLINGTON ST & S MADISON ST,Collision with:  Vehicle in traffic,On Roadway,Rear-end (front to rear),Followed too close,None Indicated,,Dark - roadway lighted,Dry,Cloudy,None apparent,Intersection:  Four-way intersection,Paved,,Property Damage Only,0,0,0,0,0,0,3000,2,2,,POINT (-91.537727509424 41.657880453378)
2014828743,20140034426,11/19/2014,11-November,4-Wednesday,13:35,1300 Hours,District 1 (Central),DES MOINES,POLK,,E LELAND AVE & SE 5TH ST,Collision with:  Vehicle in traffic,On Roadway,Rear-end (front to rear),Other (explain in narrative):  Other,None Indicated,,Daylight,Dry,Cloudy,None apparent,Intersection:  T-intersection,Paved,,Possible/Unknown,0,2,0,0,2,0,4500,2,2,,POINT (-93.606472726829 41.528258479026)
2014831609,,11/19/2014,11-November,4-Wednesday,15:27,1500 Hours,District 2 (Northeast),ALGONA,KOSSUTH,,E GROVE ST & S HALE ST,Collision with:  Vehicle in traffic,Outside trafficway,Unknown,Unknown,None Indicated,,Daylight,Snow,Cloudy,"Surface condition (e.g., wet, icy)",Non-intersection:  Non-junction/no special feature,Paved,,Property Damage Only,0,0,0,0,0,0,1600,2,2,,POINT (-94.223144968193 43.064937807854)
2014832050,,11/19/2014,11-November,4-Wednesday,03:41,0300 Hours,District 2 (Northeast),,WINNESHIEK,,Co Rd W14/CO RD W14 & 172ND ST,Collision with fixed object:  Ditch,Outside trafficway,Non-collision (single vehicle),Crossed centerline (undivided),None Indicated,,Dark - roadway not lighted,Dry,Cloudy,None apparent,Non-intersection:  Non-junction/no special feature,Paved,,Possible/Unknown,0,1,0,0,1,0,9500,1,1,,POINT (-91.963200843114 43.187262091962)
2014843247,1119141A,11/19/2014,11-November,4-Wednesday,06:20,0600 Hours,District 4 (Southwest),,PAGE,IA 2,IA 2/IOWA 2,Collision with:  Animal,On Roadway,Non-collision (single vehicle),Animal,None Indicated,,Dawn,Dry,Cloudy,None apparent,Non-intersection:  Non-junction/no special feature,Paved,,Possible/Unknown,0,1,0,0,1,0,8000,1,1,,POINT (-95.116734278305 40.742392810385)
2014829188,14-3719,11/19/2014,11-November,4-Wednesday,13:20,1300 Hours,District 1 (Central),FORT DODGE,WEBSTER,,6TH AVE S & S 14TH ST,Collision with:  Parked motor vehicle,Shoulder,Head-on (front to front),Driving too fast for conditions,None Indicated,,Daylight,Snow,Snow,"Surface condition (e.g., wet, icy)",Non-intersection:  Non-junction/no special feature,Paved,,Property Damage Only,0,0,0,0,0,0,5000,2,1,,POINT (-94.179383460165 42.499991552692)