Iowa DOT Case Number,Law Enforcement Case Number,Date of Crash,Month of Crash,Day of Week,Time of Crash,Hour,DOT District,City Name,County Name,Route with System,Location Description,First Harmful Event,Location of First Harmful Event,Manner of Crash/Collision,Major Cause,Drug or Alcohol ,Environmental Conditions,Light Conditions,Surface Conditions,Weather Conditions,Roadway Contribution,Roadway Type,Roadway Surface,Work Zone,Crash Severity,Number of Fatalities,Number of Injuries,Number of Major Injuries,Number of Minor Injuries,Number of Possible Injuries,Number of Unknown Injuries,Amount of Property Damage,Number of Vehicles Involved,Total Number of Occupants,Travel Direction,Location
2014828839,14-22543,11/19/2014,11-November,4-Wednesday,20:09,2000 Hours,District 2 (Northeast),WAVERLY,BREMER,IA 3,IA 3/E BREMER AVE,Collision with:  Animal,,,Animal,None Indicated,,,,,,,Paved,,Property Damage Only,0,0,0,0,0,0,4000,1,1,,POINT (-92.421402203577 42.714999091553)
2014829422,2014064676,11/19/2014,11-November,4-Wednesday,06:50,0600 Hours,District 6 (East Central),,IOWA,,Co Rd V44/D AVE,Collision with fixed object:  Ditch,Outside trafficway,Non-collision (single vehicle),Swerving/Evasive Action,None Indicated,,Dawn,Dry,Clear,None apparent,Non-intersection:  Non-junction/no special feature,Unpaved,,Property Damage Only,0,0,0,0,0,0,2000,1,1,,POINT (-92.240351485941 41.729739487141)
2014828774,148941,11/19/2014,11-November,4-Wednesday,17:27,1700 Hours,District 4 (Southwest),,DALLAS,IA 141,IA 141/IOWA 141,Collision with:  Animal,,,Animal,None Indicated,,,,,,,Paved,,Property Damage Only,0,0,0,0,0,0,6500,1,1,,POINT (-93.898914530914 41.803419660069)
2014829067,2014-039824,11/19/2014,11-November,4-Wednesday,13:58,1300 Hours,District 6 (East Central),DUBUQUE,DUBUQUE,,W 4TH ST & LOCUST ST S,Collision with:  Vehicle in traffic,On Roadway,Rear-end (front to rear),Followed too close,None Indicated,,Daylight,Dry,Cloudy,None apparent,Intersection:  Four-way intersection,Paved,,Property Damage Only,0,0,0,0,0,0,2100,2,2,,POINT (-90.666496539682 42.497274099846)
2014829179,201417356,11/19/2014,11-November,4-Wednesday,17:58,1700 Hours,District 6 (East Central),CEDAR RAPIDS,LINN,I-380,I-380,Collision with:  Vehicle in traffic,Shoulder,Rear-end (front to rear),Followed too close,None Indicated,,Dark - roadway not lighted,Dry,Clear,None apparent,Non-intersection:  Non-junction/no special feature,Paved,,Property Damage Only,0,0,0,0,0,0,16000,2,2,,POINT (-91.670579942359 41.883555027188)
2014828886,11191417,11/19/2014,11-November,4-Wednesday,07:40,0700 Hours,District 5 (Southeast),OSCEOLA,CLARKE,US 34,US 34/W MC LANE ST/E MC LANE ST & US 69/S MAIN ST,Collision with:  Vehicle in traffic,On Roadway,Rear-end (front to rear),Followed too close,None Indicated,,Daylight,Dry,Cloudy,None apparent,Intersection:  Four-way intersection,Paved,,Possible/Unknown,0,1,0,0,1,0,1600,2,2,,POINT (-93.765675946868 41.03059732741)
2014828881,111914-104,11/19/2014,11-November,4-Wednesday,10:18,1000 Hours,District 3 (Northwest),STORM LAKE,BUENA VISTA,,E 4TH ST & HUDSON ST,Collision with:  Vehicle in traffic,On Roadway,Broadside (front to side),FTYROW:  From stop sign,None Indicated,,Daylight,Dry,Cloudy,None apparent,Intersection:  Four-way intersection,Paved,,Property Damage Only,0,0,0,0,0,0,5000,2,4,,POINT (-95.194056627124 42.642474119229)
2014829066,2014-039810,11/19/2014,11-November,4-Wednesday,09:46,0900 Hours,District 6 (East Central),DUBUQUE,DUBUQUE,US 20,US 20/DODGE ST & UNIVERSITY CONN,Collision with:  Vehicle in traffic,On Roadway,Rear-end (front to rear),Lost Control,None Indicated,,Daylight,Dry,Cloudy,"Surface condition (e.g., wet, icy)",Non-intersection:  Non-junction/no special feature,Paved,,Property Damage Only,0,0,0,0,0,0,6000,2,4,,POINT (-90.706703552718 42.491935536229)
2014829774,,11/19/2014,11-November,4-Wednesday,07:00,0700 Hours,District 1 (Central),TAMA,TAMA,,16TH ST & SIEGEL ST,Collision with:  Vehicle in traffic,On Roadway,Broadside (front to side),Lost Control,None Indicated,,Dawn,Ice/frost,Severe winds,None apparent,Intersection:  Four-way intersection,Paved,,Property Damage Only,0,0,0,0,0,0,5000,2,5,,POINT (-92.579291277267 41.974566811024)
2014828834,14-048184,11/19/2014,11-November,4-Wednesday,07:24,0700 Hours,District 5 (Southeast),MUSCATINE,MUSCATINE,,OREGON ST,Collision with:  Vehicle in traffic,On Roadway,Broadside (front to side),FTYROW:  From driveway,None Indicated,,Daylight,Dry,Cloudy,None apparent,Non-intersection:  Driveway access (within),Paved,,Property Damage Only,0,0,0,0,0,0,6500,2,2,,POINT (-91.063178370131 41.407994050292)
2014828734,14-7674,11/19/2014,11-November,4-Wednesday,12:23,1200 Hours,District 1 (Central),,POLK,US 69,US 69/NE 14TH ST & NE 51ST AVE,Collision with:  Vehicle in traffic,On Roadway,"Sideswipe, same direction",FTYROW:  Other (explain in narrative),None Indicated,,Daylight,Dry,Cloudy,None apparent,Intersection:  Four-way intersection,Paved,,Property Damage Only,0,0,0,0,0,0,5000,2,2,,POINT (-93.6004488501 41.653130601242)
2014828866,14-005013,11/19/2014,11-November,4-Wednesday,06:57,0600 Hours,District 1 (Central),ANKENY,POLK,,W 1ST ST & SW STATE ST & NW STATE ST,Collision with:  Vehicle in traffic,On Roadway,"Angle, oncoming left turn",FTYROW:  Making left turn,None Indicated,,Dawn,Dry,Clear,None apparent,Intersection:  Four-way intersection,Paved,,Property Damage Only,0,0,0,0,0,0,5500,2,3,,POINT (-93.621490592775 41.731866816901)
2014829448,S14-114351,11/19/2014,11-November,4-Wednesday,17:57,1700 Hours,District 2 (Northeast),DUNKERTON,BLACK HAWK,,LITTLETON RD,Collision with fixed object:  Ditch,Shoulder,Non-collision (single vehicle),Ran off road - right,Under Influence of Alcohol/Drugs/Medications,,Dusk,Dry,Cloudy,None apparent,Non-intersection:  Non-junction/no special feature,Unpaved,,Minor Injury,0,1,0,1,0,0,3000,1,1,,POINT (-92.086388005082 42.533632525278)
2014829681,201400004256,11/19/2014,11-November,4-Wednesday,16:11,1600 Hours,District 6 (East Central),,LINN,,COTTAGE GROVE AVE SE & EAST POST RD,Collision with:  Vehicle in traffic,On Roadway,Rear-end (front to rear),Followed too close,Alcohol (< Statutory),,Dusk,Dry,Cloudy,None apparent,Intersection:  T-intersection,Paved,,Possible/Unknown,0,1,0,0,1,0,2000,2,5,,POINT (-91.601294282071 41.99873526044)
2014829132,PD14-11644,11/19/2014,11-November,4-Wednesday,06:49,0600 Hours,District 1 (Central),MARSHALLTOWN,MARSHALL,,N 4TH ST,Collision with:  Parked motor vehicle,On Roadway,"Sideswipe, same direction",Lost Control,None Indicated,,Dawn,Ice/frost,Cloudy,None apparent,Non-intersection:  Non-junction/no special feature,Paved,,Property Damage Only,0,0,0,0,0,0,4000,2,1,,POINT (-92.91938812765 42.058170458317)
2014830182,14020200,11/19/2014,11-November,4-Wednesday,18:06,1800 Hours,District 2 (Northeast),MASON CITY,CERRO GORDO,,N CAROLINA AVE,Collision with:  Parked motor vehicle,On Roadway,"Sideswipe, same direction",Unknown,None Indicated,,Dark - roadway lighted,Dry,Clear,None apparent,Non-intersection:  Non-junction/no special feature,Paved,,Property Damage Only,0,0,0,0,0,0,1500,2,1,,POINT (-93.190136699937 43.16181611938)
2014828735,14-7683,11/19/2014,11-November,4-Wednesday,16:32,1600 Hours,District 1 (Central),,POLK,,NE 56TH ST & NE 62ND AVE,Collision with:  Vehicle in traffic,On Roadway,Broadside (front to side),FTYROW:  From stop sign,None Indicated,,Dusk,Dry,Cloudy,None apparent,Intersection:  Four-way intersection,Paved,,Property Damage Only,0,0,0,0,0,0,20000,2,2,,POINT (-93.503132836073 41.672963164319)
2014829653,1400001029,11/19/2014,11-November,4-Wednesday,05:45,0500 Hours,District 1 (Central),,MARSHALL,,PRICE WAY & 300TH ST,Collision with:  Animal,,,Animal,None Indicated,,,,,,,Unpaved,,Property Damage Only,0,0,0,0,0,0,3500,1,1,,POINT (-92.927087064097 41.9203553305)
2014829685,201404258,11/19/2014,11-November,4-Wednesday,17:21,1700 Hours,District 6 (East Central),,LINN,I-380,I-380,Collision with:  Animal,,,Animal,None Indicated,,,,,,,Paved,,Property Damage Only,0,0,0,0,0,0,4000,1,1,,POINT (-91.71970499026 42.127475749581)
2014828772,14-048941,11/19/2014,11-November,4-Wednesday,21:36,2100 Hours,District 4 (Southwest),COUNCIL BLUFFS,POTTAWATTAMIE,I-29,I-29,Collision with fixed object:  Concrete traffic barrier (median or right side),On Roadway,Non-collision (single vehicle),Swerving/Evasive Action,None Indicated,,Dark - roadway lighted,Dry,Clear,None apparent,Non-intersection:  Other non-intersection (explain in narrative),Paved,,Property Damage Only,0,0,0,0,0,0,4500,1,1,,POINT (-95.906799028765 41.252697901733)
2014831174,14-41383,11/19/2014,11-November,4-Wednesday,17:14,1700 Hours,District 5 (Southeast),,DES MOINES,,Co Rd X99/DMC 99 & 115TH ST,Collision with:  Animal,,,Animal,None Indicated,,,,,,,Paved,,Property Damage Only,0,0,0,0,0,0,2000,1,1,,POINT (-91.109758727785 40.847609961744)
2014828982,14024524,11/19/2014,11-November,4-Wednesday,07:37,0700 Hours,District 6 (East Central),MARION,LINN,US 151,US 151/DUBUQUE RD & IA 13/IOWA 13 & 10TH AVE,Collision with:  Vehicle in traffic,On Roadway,Rear-end (front to rear),Followed too close,None Indicated,,Dawn,Dry,Cloudy,None apparent,Non-intersection:  Non-junction/no special feature,Paved,,Major Injury,0,2,1,0,1,0,7000,2,2,,POINT (-91.550298562772 42.035721923027)
2014829488,14027044,11/19/2014,11-November,4-Wednesday,07:15,0700 Hours,District 5 (Southeast),OSKALOOSA,MAHASKA,US 63,US 63/S MARKET ST & 15TH AVE E,Collision with:  Vehicle in traffic,On Roadway,Rear-end (front to rear),Driver Distraction:  Manual operation of an electronic communication device,None Indicated,,Dawn,Dry,Cloudy,None apparent,Intersection:  T-intersection,Paved,,Property Damage Only,0,0,0,0,0,0,9000,2,3,,POINT (-92.64558082526 41.281594018799)
2014829063,2014-013877,11/19/2014,11-November,4-Wednesday,05:45,0500 Hours,District 6 (East Central),,DUBUQUE,US 20,US 20,Collision with:  Animal,,,Animal,None Indicated,,,,,,,Paved,,Property Damage Only,0,0,0,0,0,0,4500,1,1,,POINT (-90.843295521848 42.44078158455)
2014828521,S14-004592,11/19/2014,11-November,4-Wednesday,02:35,0200 Hours,District 4 (Southwest),,POTTAWATTAMIE,,Co Rd H10/BUNGE AVE & ATTICA LN,Collision with:  Animal,,,Animal,None Indicated,,,,,,,Paved,,Property Damage Only,0,0,0,0,0,0,2500,1,1,,POINT (-95.799950697577 41.16376117286)
2014832832,,11/19/2014,11-November,4-Wednesday,17:20,1700 Hours,District 2 (Northeast),,BREMER,US 218,US 218,Collision with:  Animal,On Roadway,Non-collision (single vehicle),Animal,None Indicated,,Dark - roadway not lighted,Dry,Cloudy,,Non-intersection:  Non-junction/no special feature,Paved,,Property Damage Only,0,0,0,0,0,0,14400,1,1,,POINT (-92.534019496431 42.704237709651)
2014829379,2014-80198,11/19/2014,11-November,4-Wednesday,20:43,2000 Hours,District 6 (East Central),DAVENPORT,SCOTT,I-80,I-80,Collision with:  Vehicle in traffic,On Roadway,"Sideswipe, same direction",Improper or erratic lane changing,None Indicated,,Dark - roadway lighted,Dry,Clear,None apparent,Non-intersection:  Non-junction/no special feature,Paved,,Property Damage Only,0,0,0,0,0,0,10000,2,4,,POINT (-90.575969653054 41.597115374679)
2014828754,14-38202,11/19/2014,11-November,4-Wednesday,07:18,0700 Hours,District 3 (Northwest),SIOUX CITY,WOODBURY,,27TH ST & CHEYENNE BLVD & DUPONT ST,Collision with:  Vehicle in traffic,On Roadway,Broadside (front to side),FTYROW:  From stop sign,None Indicated,,Daylight,Dry,Cloudy,None apparent,Intersection:  Four-way intersection,Paved,,Property Damage Only,0,0,0,0,0,0,8500,2,2,,POINT (-96.38865328998 42.517537338069)
2014828775,148945,11/19/2014,11-November,4-Wednesday,19:52,1900 Hours,District 4 (Southwest),,DALLAS,IA 141,IA 141/IOWA 141,Collision with fixed object:  Ditch,Shoulder,Non-collision (single vehicle),Swerving/Evasive Action,None Indicated,,Dark - roadway not lighted,Dry,Cloudy,None apparent,Non-intersection:  Non-junction/no special feature,Paved,,Property Damage Only,0,0,0,0,0,0,5000,1,1,,POINT (-93.870461407545 41.782346544528)
2014828455,20140034386,11/19/2014,11-November,4-Wednesday,07:40,0700 Hours,District 1 (Central),DES MOINES,POLK,,UNIVERSITY AVE,Collision with:  Vehicle in traffic,On Roadway,Broadside (front to side),FTYROW:  From driveway,None Indicated,,Daylight,Dry,Cloudy,None apparent,Non-intersection:  Driveway access (within),Paved,,Possible/Unknown,0,6,0,0,6,0,5500,2,9,,POINT (-93.632383513807 41.600411395012)
2014832525,148962,11/19/2014,11-November,4-Wednesday,17:00,1700 Hours,District 4 (Southwest),,DALLAS,,H AVE & 358TH PL & 358TH CT,Collision with fixed object:  Ditch,Gore,Non-collision (single vehicle),Ran off road - right,None Indicated,,Dark - unknown roadway lighting,Dry,Clear,None apparent,Non-intersection:  Non-junction/no special feature,Unpaved,,Possible/Unknown,0,1,0,0,0,1,4496,1,1,,POINT (-94.146554270964 41.521313612639)
2014828835,14-048195,11/19/2014,11-November,4-Wednesday,10:15,1000 Hours,District 5 (Southeast),MUSCATINE,MUSCATINE,,E 5TH ST & MULBERRY AVE,Collision with:  Vehicle in traffic,On Roadway,Rear-end (front to rear),Ran Stop Sign,None Indicated,,Daylight,Dry,Cloudy,None apparent,Intersection:  Four-way intersection,Paved,,Property Damage Only,0,0,0,0,0,0,6500,2,3,,POINT (-91.04379356189 41.426058119588)
2014828744,20140034427,11/19/2014,11-November,4-Wednesday,13:54,1300 Hours,District 1 (Central),DES MOINES,POLK,,MADISON AVE & LOWER BEAVER RD,Collision with:  Vehicle in traffic,On Roadway,Broadside (front to side),Ran Traffic Signal,None Indicated,,Daylight,Dry,Cloudy,None apparent,Intersection:  Four-way intersection,Paved,,Property Damage Only,0,0,0,0,0,0,9000,2,2,,POINT (-93.664315304455 41.6331796458)
2014828729,14024566,11/19/2014,11-November,4-Wednesday,20:39,2000 Hours,District 6 (East Central),MARION,LINN,,16TH AVE & 10TH ST,Collision with:  Vehicle in traffic,On Roadway,Rear-end (front to rear),Other (explain in narrative):  Other,None Indicated,,Dark - roadway lighted,Dry,Cloudy,None apparent,Non-intersection:  Non-junction/no special feature,Paved,,Property Damage Only,0,0,0,0,0,0,5000,2,3,,POINT (-91.599350784298 42.041086444534)
2014828788,14-010353,11/19/2014,11-November,4-Wednesday,14:55,1400 Hours,District 6 (East Central),INDEPENDENCE,BUCHANAN,IA 150,IA 150/5TH AVE NE & 8TH ST NE,Collision with fixed object:  Utility pole/light support,Shoulder,Non-collision (single vehicle),Other (explain in narrative):  Other,None Indicated,,Daylight,Dry,Cloudy,None apparent,Intersection:  Four-way intersection,Paved,,Property Damage Only,0,0,0,0,0,0,2600,1,1,,POINT (-91.889357255334 42.475741490938)
2014829115,2014064674,11/19/2014,11-November,4-Wednesday,06:10,0600 Hours,District 4 (Southwest),,MONTGOMERY,US 34,US 34 & Co Rd H34/200 ST,Collision with:  Animal,,Non-collision (single vehicle),Animal,None Indicated,,,,,,,Paved,,Property Damage Only,0,0,0,0,0,0,15000,1,1,,POINT (-95.17134851072 41.016619692876)
2014829507,14-1636,11/19/2014,11-November,4-Wednesday,00:38,0000 Hours,District 3 (Northwest),SPIRIT LAKE,DICKINSON,,27TH ST,Collision with fixed object:  Mailbox,Outside trafficway,Non-collision (single vehicle),Driving too fast for conditions,Under Influence of Alcohol/Drugs/Medications,,Dark - roadway lighted,Ice/frost,Cloudy,"Surface condition (e.g., wet, icy)",Non-intersection:  Non-junction/no special feature,Paved,,Major Injury,0,1,1,0,0,0,10200,1,1,,POINT (-95.094385338871 43.415955390622)
2014828785,C14003708,11/19/2014,11-November,4-Wednesday,18:28,1800 Hours,District 6 (East Central),CORALVILLE,JOHNSON,,1ST AVE,Collision with:  Vehicle in traffic,On Roadway,"Sideswipe, same direction",Improper or erratic lane changing,None Indicated,,Dark - roadway lighted,Dry,Clear,None apparent,Non-intersection:  Non-junction/no special feature,Paved,,Property Damage Only,0,0,0,0,0,0,2850,2,2,,POINT (-91.565448884724 41.669695583722)
2014829682,201400004259,11/19/2014,11-November,4-Wednesday,18:10,1800 Hours,District 6 (East Central),,LINN,IA 13,IA 13/IOWA 13,Collision with:  Animal,,,Animal,None Indicated,,,,,,,Paved,,Property Damage Only,0,0,0,0,0,0,1500,1,1,,POINT (-91.483293277832 42.283685382948)
2014828838,14-22538,11/19/2014,11-November,4-Wednesday,17:45,1700 Hours,District 2 (Northeast),,BREMER,,WHITETAIL AVE & 180TH ST,Non-collision events:  Overturn/rollover,On Roadway,Non-collision (single vehicle),Made improper turn,None Indicated,,Dark - roadway not lighted,Snow,Clear,None apparent,Intersection:  T-intersection,Unpaved,,Property Damage Only,0,0,0,0,0,0,25000,1,1,,POINT (-92.121417177958 42.787799578859)
2014828745,20140034456,11/19/2014,11-November,4-Wednesday,19:25,1900 Hours,District 1 (Central),DES MOINES,POLK,US 69,US 69/SE 14TH ST & E PARK AVE,Collision with:  Vehicle in traffic,On Roadway,"Angle, oncoming left turn",Ran Traffic Signal,None Indicated,,Dark - roadway lighted,Dry,Clear,None apparent,Intersection:  Four-way intersection,Paved,,Property Damage Only,0,0,0,0,0,0,4000,2,2,,POINT (-93.596856959703 41.55535779517)
2014828660,CL14004088,11/19/2014,11-November,4-Wednesday,06:35,0600 Hours,District 6 (East Central),CLINTON,CLINTON,,S 8TH ST,Collision with:  Parked motor vehicle,On Roadway,Unknown,Unknown,None Indicated,,Unknown,Unknown,Unknown,None apparent,Non-intersection:  Non-junction/no special feature,Paved,,Property Damage Only,0,0,0,0,0,0,1500,2,777,,POINT (-90.204047462183 41.83739978413)
2014828971,14017074,11/19/2014,11-November,4-Wednesday,14:34,1400 Hours,District 6 (East Central),,CEDAR,,300TH,Non-collision events:  Overturn/rollover,On Roadway,Non-collision (single vehicle),Driving too fast for conditions,None Indicated,,Daylight,"Mud, dirt",Cloudy,None apparent,Non-intersection:  Non-junction/no special feature,Unpaved,,Possible/Unknown,0,1,0,0,1,0,3000,1,1,,POINT (-91.31378619122 41.656559941177)
2014828927,2014064671,11/19/2014,11-November,4-Wednesday,06:10,0600 Hours,District 1 (Central),,JASPER,I-80,I-80,Collision with:  Animal,,,Animal,None Indicated,,,,,,,Paved,,Property Damage Only,0,0,0,0,0,0,5000,1,1,,POINT (-93.300653742728 41.682065849987)
2014829596,14-001369,11/19/2014,11-November,4-Wednesday,06:33,0600 Hours,District 1 (Central),,STORY,US 30,US 30,Collision with:  Other non-fixed object (explain in narrative),On Roadway,Non-collision (single vehicle),Other (explain in narrative):  No improper action,None Indicated,,Dawn,Dry,Unknown,Obstruction in roadway,Non-intersection:  Non-junction/no special feature,Paved,,Property Damage Only,0,0,0,0,0,0,3000,1,1,,POINT (-93.510831005494 42.008858737099)
2014828972,14017077,11/19/2014,11-November,4-Wednesday,15:15,1500 Hours,District 6 (East Central),,CEDAR,US 30,US 30,Collision with:  Vehicle in traffic,On Roadway,Rear-end (front to rear),Swerving/Evasive Action,None Indicated,,Daylight,Dry,Clear,None apparent,Non-intersection:  Non-junction/no special feature,Paved,,Property Damage Only,0,0,0,0,0,0,5000,2,7,,POINT (-91.199733271673 41.888719968696)
2014829656,1400001034,11/19/2014,11-November,4-Wednesday,18:56,1800 Hours,District 1 (Central),,MARSHALL,IA 330,IA 330/MARSHALLTOWN BLVD,Collision with:  Animal,,,Animal,None Indicated,,,,,,,Paved,,Property Damage Only,0,0,0,0,0,0,1500,1,1,,POINT (-93.224995941318 41.868323762706)
2014829655,1400001033,11/19/2014,11-November,4-Wednesday,14:15,1400 Hours,District 1 (Central),,MARSHALL,US 30,US 30/240TH ST,,On Roadway,Non-collision (single vehicle),Crossed centerline (undivided),None Indicated,,Daylight,Dry,Cloudy,None apparent,Non-intersection:  Non-junction/no special feature,Paved,,Property Damage Only,0,0,0,0,0,0,3000,1,1,,POINT (-92.872274407872 42.005619130452)
2014829068,2014-039825,11/19/2014,11-November,4-Wednesday,14:04,1400 Hours,District 6 (East Central),DUBUQUE,DUBUQUE,,LORAS BLVD & GRANDVIEW AVE N,Collision with:  Vehicle in traffic,On Roadway,Broadside (front to side),Ran Traffic Signal,None Indicated,,Daylight,Dry,Cloudy,None apparent,Intersection:  Four-way intersection,Paved,,Property Damage Only,0,0,0,0,0,0,1500,2,2,,POINT (-90.688702088615 42.50032682115)
2014829118,2014064825,11/19/2014,11-November,4-Wednesday,19:44,1900 Hours,District 5 (Southeast),BURLINGTON,JEFFERSON,US 61,US 61 & E BURLINGTON AVE,Collision with:  Animal,,Non-collision (single vehicle),Animal,None Indicated,,,,,,,Paved,,Property Damage Only,0,0,0,0,0,0,6000,1,1,,POINT (-91.963323474896 41.006642870391)
2014830774,C14003707,11/19/2014,11-November,4-Wednesday,17:54,1700 Hours,District 6 (East Central),CORALVILLE,JOHNSON,I-80,I-80 & IA 965/CORAL RIDGE AVE & COMMERCE DR,Collision with:  Vehicle in traffic,Shoulder,Broadside (front to side),Ran Traffic Signal,None Indicated,,Dark - roadway lighted,Dry,Clear,None apparent,Intersection:  Four-way intersection,Paved,,Possible/Unknown,0,1,0,0,1,0,8000,2,2,,POINT (-91.608463777811 41.695966106141)
2014828740,20140034450,11/19/2014,11-November,4-Wednesday,18:06,1800 Hours,District 1 (Central),DES MOINES,POLK,,FOREST AVE & 21ST ST,Collision with:  Vehicle in traffic,On Roadway,Broadside (front to side),FTYROW:  From stop sign,None Indicated,,Dark - roadway lighted,Dry,Cloudy,None apparent,Intersection:  Four-way intersection,Paved,,Property Damage Only,0,0,0,0,0,0,5000,2,2,,POINT (-93.645343793065 41.604068365553)
2014829041,14-1419,11/19/2014,11-November,4-Wednesday,08:40,0800 Hours,District 1 (Central),CLIVE,POLK,I-35,I-35,Collision with:  Vehicle in traffic,On Roadway,"Sideswipe, same direction",Unknown,None Indicated,,Daylight,Dry,Cloudy,None apparent,Non-intersection:  Non-junction/no special feature,Paved,,Property Damage Only,0,0,0,0,0,0,3000,2,4,,POINT (-93.776888466694 41.606659395255)
2014846512,AC14-067,11/19/2014,11-November,4-Wednesday,19:00,1900 Hours,District 4 (Southwest),HARLAN,SHELBY,,LINCOLN AVE & 19TH ST,Collision with:  Vehicle in traffic,On Roadway,Broadside (front to side),FTYROW:  From stop sign,None Indicated,,Dark - roadway lighted,Slush,Cloudy,None apparent,Intersection:  Four-way intersection,Paved,,Property Damage Only,0,0,0,0,0,0,9000,2,3,,POINT (-95.335220399843 41.647985258339)
2014828517,14-048878,11/19/2014,11-November,4-Wednesday,12:15,1200 Hours,District 4 (Southwest),COUNCIL BLUFFS,POTTAWATTAMIE,IA 192,IA 192/N 16TH ST,Collision with:  Vehicle in traffic,On Roadway,Rear-end (front to rear),Lost Control,None Indicated,,Daylight,Dry,Cloudy,None apparent,Non-intersection:  Non-junction/no special feature,Paved,,Property Damage Only,0,0,0,0,0,0,3050,2,2,,POINT (-95.867518640746 41.262392842)
2014828914,C14003705,11/19/2014,11-November,4-Wednesday,17:00,1700 Hours,District 6 (East Central),CORALVILLE,JOHNSON,I-80,I-80 & IA 965/CORAL RIDGE AVE & COMMERCE DR,Collision with:  Vehicle in traffic,On Roadway,"Sideswipe, same direction",Made improper turn,None Indicated,,Dark - roadway lighted,Dry,Cloudy,None apparent,Intersection:  Four-way intersection,Paved,,Property Damage Only,0,0,0,0,0,0,3500,2,2,,POINT (-91.608463777811 41.695966106141)
2014829117,2014064803,11/19/2014,11-November,4-Wednesday,15:15,1500 Hours,District 2 (Northeast),,WINNESHIEK,,Co Rd A6W/RIVER RD,Non-collision events:  Overturn/rollover,On Roadway,Non-collision (single vehicle),Lost Control,None Indicated,,Daylight,"Mud, dirt",Clear,None apparent,Non-intersection:  Non-junction/no special feature,Unpaved,,Property Damage Only,0,0,0,0,0,0,5000,1,1,,POINT (-91.629354117845 43.409455080836)
2014829438,14-22605,11/19/2014,11-November,4-Wednesday,19:56,1900 Hours,District 6 (East Central),BETTENDORF,SCOTT,,18TH ST,Collision with:  Vehicle in traffic,On Roadway,Broadside (front to side),FTYROW:  Making left turn,None Indicated,,Dark - roadway lighted,Dry,Cloudy,None apparent,Intersection:  Four-way intersection,Paved,,Property Damage Only,0,0,0,0,0,0,5500,2,3,,POINT (-90.502192262285 41.550800914821)
2014829686,201404261,11/19/2014,11-November,4-Wednesday,20:27,2000 Hours,District 6 (East Central),,LINN,,Co Rd E34/COUNTY HOME RD & QUAKER LN,Collision with:  Animal,,,Animal,None Indicated,,,,,,,Paved,,Property Damage Only,0,0,0,0,0,0,2000,1,1,,POINT (-91.379023032008 42.089511931358)
2014828756,14-38220,11/19/2014,11-November,4-Wednesday,13:55,1300 Hours,District 3 (Northwest),SIOUX CITY,WOODBURY,I-29,I-29,Collision with:  Vehicle in traffic,On Roadway,"Sideswipe, same direction",Unknown,None Indicated,,Daylight,Dry,Cloudy,Work Zone (roadway-related),Non-intersection:  Non-junction/no special feature,Paved,Yes,Property Damage Only,0,0,0,0,0,0,2500,2,3,,POINT (-96.392332418515 42.484769098459)
2014829025,PD1410384,11/19/2014,11-November,4-Wednesday,15:57,1500 Hours,District 5 (Southeast),FAIRFIELD,JEFFERSON,,W BURLINGTON AVE,Collision with:  Vehicle in traffic,On Roadway,Rear-end (front to rear),Lost Control,None Indicated,,Daylight,Dry,Cloudy,None apparent,Non-intersection:  Non-junction/no special feature,Paved,,Property Damage Only,0,0,0,0,0,0,5000,2,5,,POINT (-91.973588165175 41.006482513451)
2014829965,2014-1873,11/19/2014,11-November,4-Wednesday,17:28,1700 Hours,District 1 (Central),JEFFERSON,GREENE,,Co Rd E53/240TH,Collision with:  Animal,On Roadway,Non-collision (single vehicle),Animal,None Indicated,,Dark - roadway lighted,Snow,Cloudy,None apparent,Non-intersection:  Non-junction/no special feature,Paved,,Property Damage Only,0,0,0,0,0,0,4000,1,1,,POINT (-94.438798100802 42.008128645478)
2014829062,14009956,11/19/2014,11-November,4-Wednesday,05:00,0500 Hours,District 6 (East Central),,DELAWARE,,Co Rd X21/197TH AVE,Non-collision events:  Overturn/rollover,Outside trafficway,Non-collision (single vehicle),Ran off road - left,None Indicated,,Dark - roadway not lighted,Dry,Clear,None apparent,Non-intersection:  Non-junction/no special feature,Paved,,Possible/Unknown,0,1,0,0,1,0,5500,1,1,,POINT (-91.408348209336 42.436335044724)
2014830032,,11/19/2014,11-November,4-Wednesday,18:25,1800 Hours,District 1 (Central),,HARDIN,US 65,US 65,Collision with:  Animal,On Roadway,Non-collision (single vehicle),Animal,None Indicated,,Dark - roadway lighted,Dry,Clear,,Non-intersection:  Non-junction/no special feature,Paved,,Property Damage Only,0,0,0,0,0,0,4605,1,1,,POINT (-93.30978754814 42.351999533104)
2014829184,210417347,11/19/2014,11-November,4-Wednesday,16:40,1600 Hours,District 6 (East Central),CEDAR RAPIDS,LINN,,BOYSON RD NE,Collision with:  Vehicle in traffic,On Roadway,Rear-end (front to rear),Lost Control,None Indicated,,Dusk,Dry,Cloudy,None apparent,Non-intersection:  Non-junction/no special feature,Paved,,Property Damage Only,0,0,0,0,0,0,5500,2,3,,POINT (-91.643136625913 42.046755132)
2014829597,14-001377,11/19/2014,11-November,4-Wednesday,17:10,1700 Hours,District 1 (Central),,STORY,US 30,US 30 & 248TH ST,Collision with:  Animal,,,Animal,None Indicated,,,,,,,Paved,,Property Damage Only,0,0,0,0,0,0,2500,1,1,,POINT (-93.3912080465 42.007779606837)
2014829177,201417340,11/19/2014,11-November,4-Wednesday,11:50,1100 Hours,District 6 (East Central),CEDAR RAPIDS,LINN,,FRANKLIN AVE NE & 27TH ST NE,Collision with:  Vehicle in traffic,On Roadway,Broadside (front to side),FTYROW:  From stop sign,None Indicated,,Daylight,Dry,Clear,None apparent,Intersection:  Four-way intersection,Paved,,Property Damage Only,0,0,0,0,0,0,7000,2,2,,POINT (-91.641450214969 42.004531375392)