Iowa DOT Case Number,Law Enforcement Case Number,Date of Crash,Month of Crash,Day of Week,Time of Crash,Hour,DOT District,City Name,County Name,Route with System,Location Description,First Harmful Event,Location of First Harmful Event,Manner of Crash/Collision,Major Cause,Drug or Alcohol ,Environmental Conditions,Light Conditions,Surface Conditions,Weather Conditions,Roadway Contribution,Roadway Type,Roadway Surface,Work Zone,Crash Severity,Number of Fatalities,Number of Injuries,Number of Major Injuries,Number of Minor Injuries,Number of Possible Injuries,Number of Unknown Injuries,Amount of Property Damage,Number of Vehicles Involved,Total Number of Occupants,Travel Direction,Location
2014830186,14020259,11/20/2014,11-November,5-Thursday,17:49,1700 Hours,District 2 (Northeast),MASON CITY,CERRO GORDO,,3RD ST NE & N PENNSYLVANIA AVE,Collision with:  Vehicle in traffic,On Roadway,Broadside (front to side),FTYROW:  From stop sign,None Indicated,,Dark - roadway lighted,Dry,Clear,None apparent,Intersection:  Four-way intersection,Paved,,Property Damage Only,0,0,0,0,0,0,9000,2,2,,POINT (-93.197862900568 43.154554124758)
2014837091,W-14-2484,11/20/2014,11-November,5-Thursday,14:01,1400 Hours,District 2 (Northeast),WAUKON,ALLAMAKEE,,2ND ST NE,Collision with fixed object:  Tree,On Roadway,Non-collision (single vehicle),"Operating vehicle in an reckless, erratic, careless, negligent manner",None Indicated,,Daylight,Snow,Clear,None apparent,Non-intersection:  Non-junction/no special feature,Paved,,Property Damage Only,0,0,0,0,0,0,6500,1,3,,POINT (-91.471830300541 43.270357765433)
2014829135,14-13481,11/20/2014,11-November,5-Thursday,18:50,1800 Hours,District 3 (Northwest),,SIOUX,,Co Rd B40/400TH ST,Collision with:  Animal,On Roadway,Non-collision (single vehicle),Animal,None Indicated,,Dark - roadway not lighted,Dry,Clear,None apparent,Non-intersection:  Non-junction/no special feature,Paved,,Property Damage Only,0,0,0,0,0,0,10500,1,3,,POINT (-95.956813061733 43.069629359713)
2014829121,2014065029,11/20/2014,11-November,5-Thursday,19:26,1900 Hours,District 5 (Southeast),MOUNT PLEASANT,HENRY,US 34,US 34,Collision with fixed object:  Guardrail - face,On Roadway,Non-collision (single vehicle),Swerving/Evasive Action,None Indicated,,Dark - roadway not lighted,Dry,Clear,None apparent,Non-intersection:  Non-junction/no special feature,Paved,,Possible/Unknown,0,1,0,0,1,0,10384,1,1,,POINT (-91.516718086695 40.963531209993)
2014829257,14-007964,11/20/2014,11-November,5-Thursday,12:56,1200 Hours,District 3 (Northwest),ONAWA,MONONA,IA 175,IA 175/IOWA AVE & 10TH ST,Collision with:  Vehicle in traffic,On Roadway,Rear-end (front to rear),Other (explain in narrative):  Other,None Indicated,,Daylight,Dry,Clear,None apparent,Intersection:  Four-way intersection,Paved,,Property Damage Only,0,0,0,0,0,0,6000,2,2,,POINT (-96.097289521817 42.026708913071)
2014830559,14-005488,11/20/2014,11-November,5-Thursday,07:35,0700 Hours,District 1 (Central),AMES,STORY,US 30,US 30/NE RAMP CURV/SPECIAL CASE & US 69/S DUFF AVE,Collision with:  Vehicle in traffic,On Roadway,Rear-end (front to rear),Followed too close,None Indicated,,Daylight,Dry,Clear,None apparent,Intersection:  Intersection with ramp,Paved,,Property Damage Only,0,0,0,0,0,0,4499,2,3,,POINT (-93.610033901064 42.005888575239)
2014829684,201400004272,11/20/2014,11-November,5-Thursday,20:25,2000 Hours,District 6 (East Central),,LINN,IA 13,IA 13/IOWA 13 & HUTCHINSON RD,Collision with:  Animal,,,Animal,None Indicated,,,,,,,Paved,,Property Damage Only,0,0,0,0,0,0,5000,1,1,,POINT (-91.527886928792 42.268154958199)
2014831406,14-41503,11/20/2014,11-November,5-Thursday,17:51,1700 Hours,District 5 (Southeast),,DES MOINES,US 61,US 61 & MEMORIAL PARK RD,Collision with:  Animal,,,Animal,None Indicated,,,,,,,Paved,,Property Damage Only,0,0,0,0,0,0,3500,1,1,,POINT (-91.14816007612 40.844503791603)
2014833594,14-103,11/20/2014,11-November,5-Thursday,16:35,1600 Hours,District 3 (Northwest),SIOUX CENTER,SIOUX,US 75,US 75/MAIN AVE & 2ND ST NW & 2ND ST NE,Collision with:  Vehicle in traffic,On Roadway,Broadside (front to side),FTYROW:  From stop sign,None Indicated,,Daylight,Dry,Cloudy,None apparent,Intersection:  Other intersection (explain in narrative),Paved,,Property Damage Only,0,0,0,0,0,0,3500,2,2,,POINT (-96.175516936985 43.07861175338)
2014829938,14007308,11/20/2014,11-November,5-Thursday,05:58,0500 Hours,District 2 (Northeast),,CERRO GORDO,US 18,US 18,Collision with fixed object:  Ditch,On Roadway,Non-collision (single vehicle),Swerving/Evasive Action,None Indicated,,Dark - roadway lighted,Dry,Clear,None apparent,Non-intersection:  Non-junction/no special feature,Paved,,Property Damage Only,0,0,0,0,0,0,2500,1,1,,POINT (-93.108539108915 43.117276480231)
2014829349,14-38288,11/20/2014,11-November,5-Thursday,08:20,0800 Hours,District 3 (Northwest),SIOUX CITY,WOODBURY,,4TH ST & STEUBEN ST,Collision with:  Vehicle in traffic,On Roadway,"Angle, oncoming left turn",FTYROW:  Making left turn,None Indicated,,Daylight,Dry,Clear,None apparent,Intersection:  T-intersection,Paved,,Property Damage Only,0,0,0,0,0,0,4350,2,2,,POINT (-96.388903775428 42.494262338878)
2014831479,2014064902,11/20/2014,11-November,5-Thursday,07:40,0700 Hours,District 1 (Central),,STORY,I-35,I-35,Collision with:  Parked motor vehicle,Shoulder,Rear-end (front to rear),Illegally Parked/Unattended,None Indicated,,Daylight,Dry,Clear,None apparent,Interchange-related:  Off-ramp,Paved,,Property Damage Only,0,0,0,0,0,0,6000,2,2,,POINT (-93.570133808202 41.92312419113)
2014832681,2014064991,11/20/2014,11-November,5-Thursday,15:45,1500 Hours,District 2 (Northeast),WATERLOO,BLACK HAWK,,W RIDGEWAY AVE,Collision with:  Vehicle in traffic,On Roadway,Rear-end (front to rear),Followed too close,None Indicated,,Daylight,Dry,Clear,None apparent,Non-intersection:  Non-junction/no special feature,Paved,,Property Damage Only,0,0,0,0,0,0,3500,2,2,,POINT (-92.386957976827 42.469315788793)
2014830012,14-17580,11/20/2014,11-November,5-Thursday,22:36,2200 Hours,District 3 (Northwest),SPENCER,CLAY,,E 9TH ST & 5TH AVE E,Collision with:  Vehicle in traffic,On Roadway,Broadside (front to side),FTYROW:  At uncontrolled intersection,None Indicated,,Dark - roadway lighted,Snow,Clear,"Surface condition (e.g., wet, icy)",Intersection:  Four-way intersection,Paved,,Possible/Unknown,0,1,0,0,1,0,5100,2,2,,POINT (-95.138165000706 43.146979966554)
2014832604,14-275,11/20/2014,11-November,5-Thursday,08:06,0800 Hours,District 4 (Southwest),BEDFORD,TAYLOR,,WASHINGTON ST & STATE ST,Collision with:  Vehicle in traffic,On Roadway,"Angle, oncoming left turn",FTYROW:  Making left turn,None Indicated,,Daylight,Dry,Clear,None apparent,Intersection:  T-intersection,Paved,,Property Damage Only,0,0,0,0,0,0,11000,2,4,,POINT (-94.716148366016 40.666064183687)
2014831418,2014065013,11/20/2014,11-November,5-Thursday,17:23,1700 Hours,District 6 (East Central),,JOHNSON,I-380,I-380,Non-collision events:  Other non-collision (explain in narrative),On Roadway,Non-collision (single vehicle),Cargo/equipment loss or shift,None Indicated,,Dark - roadway not lighted,Dry,Clear,None apparent,Non-intersection:  Non-junction/no special feature,Paved,,Property Damage Only,0,0,0,0,0,0,3500,2,2,,POINT (-91.668650332181 41.858647431602)
2014829425,2014064944,11/20/2014,11-November,5-Thursday,11:50,1100 Hours,District 6 (East Central),WILLIAMSBURG,IOWA,I-80,I-80,Collision with:  Vehicle in traffic,On Roadway,"Sideswipe, same direction",Lost Control,None Indicated,,Daylight,Dry,Clear,None apparent,Non-intersection:  Non-junction/no special feature,Paved,,Property Damage Only,0,0,0,0,0,0,69336,2,3,,POINT (-92.079031187249 41.689919733085)
2014829054,14-2605,11/20/2014,11-November,5-Thursday,20:03,2000 Hours,District 1 (Central),URBANDALE,POLK,,142ND ST,Collision with:  Animal,On Roadway,Non-collision (single vehicle),Animal,None Indicated,,Dark - roadway lighted,Dry,Clear,None apparent,Non-intersection:  Non-junction/no special feature,Paved,,Property Damage Only,0,0,0,0,0,0,2000,1,1,,POINT (-93.812198405318 41.626996716965)
2014829386,2014-80420,11/20/2014,11-November,5-Thursday,22:37,2200 Hours,District 6 (East Central),DAVENPORT,SCOTT,,,Collision with fixed object:  Utility pole/light support,On Roadway,Non-collision (single vehicle),Lost Control,None Indicated,,Dark - roadway lighted,Dry,Clear,None apparent,Non-intersection:  Non-junction/no special feature,,,Property Damage Only,0,0,0,0,0,0,8095,1,1,,POINT (-96.643700149993 40.233091251414)
2014829029,14-5882,11/20/2014,11-November,5-Thursday,15:34,1500 Hours,District 1 (Central),WEST DES MOINES,POLK,,CORPORATE DR & 50TH ST,Collision with:  Vehicle in traffic,On Roadway,Rear-end (front to rear),Followed too close,None Indicated,,Daylight,Dry,Cloudy,None apparent,Non-intersection:  Non-junction/no special feature,Paved,,Possible/Unknown,0,1,0,0,1,0,5500,3,4,,POINT (-93.77127727877 41.59803225733)
2014828748,20140034496,11/20/2014,11-November,5-Thursday,09:00,0900 Hours,District 1 (Central),DES MOINES,POLK,,E SHERIDAN AVE,Collision with:  Parked motor vehicle,On Roadway,Unknown,Unknown,None Indicated,,Daylight,Unknown,Clear,Unknown,Non-intersection:  Non-junction/no special feature,Paved,,Property Damage Only,0,0,0,0,0,0,1500,2,1,,POINT (-93.56864430451 41.618641696082)
2014829003,20140034522,11/20/2014,11-November,5-Thursday,14:29,1400 Hours,District 1 (Central),DES MOINES,POLK,,WALKER ST & E 12TH ST,Collision with:  Vehicle in traffic,On Roadway,Broadside (front to side),FTYROW:  From stop sign,None Indicated,,Daylight,Dry,Clear,None apparent,Intersection:  Four-way intersection,Paved,,Property Damage Only,0,0,0,0,0,0,3000,2,3,,POINT (-93.603490387526 41.596819684958)
2014833595,14-104,11/20/2014,11-November,5-Thursday,16:51,1600 Hours,District 3 (Northwest),SIOUX CENTER,SIOUX,US 75,US 75/MAIN AVE,Collision with:  Vehicle in traffic,On Roadway,Rear-end (front to rear),Followed too close,None Indicated,,Daylight,Dry,Cloudy,None apparent,Non-intersection:  Non-junction/no special feature,Paved,,Possible/Unknown,0,1,0,0,1,0,1000,2,2,,POINT (-96.175435240397 43.070852550807)
2014828996,20140034546,11/20/2014,11-November,5-Thursday,17:47,1700 Hours,District 1 (Central),DES MOINES,POLK,US 6,US 6/E EUCLID AVE,Collision with:  Vehicle in traffic,On Roadway,Broadside (front to side),FTYROW:  From yield sign,None Indicated,,Dark - roadway lighted,Dry,Clear,None apparent,Unknown,Paved,,Property Damage Only,0,0,0,0,0,0,8000,2,3,,POINT (-93.54855645766 41.6278005606)
2014831175,14-41422,11/20/2014,11-November,5-Thursday,02:29,0200 Hours,District 5 (Southeast),,DES MOINES,,Co Rd H38/MEDIAPOLIS RD & Co Rd X31/DANVILLE RD,Collision with fixed object:  Ditch,On Roadway,Non-collision (single vehicle),Ran off road - right,Under Influence of Alcohol/Drugs/Medications,,Dark - roadway not lighted,Dry,Cloudy,None apparent,Intersection:  T-intersection,Paved,,Minor Injury,0,2,0,2,0,0,3000,1,2,,POINT (-91.313845223762 41.001907312626)
2014828747,20140034494,11/20/2014,11-November,5-Thursday,10:45,1000 Hours,District 1 (Central),DES MOINES,POLK,,42ND ST,Collision with:  Vehicle in traffic,On Roadway,Rear-end (front to rear),Followed too close,None Indicated,,Daylight,Dry,Clear,None apparent,Non-intersection:  Non-junction/no special feature,Paved,,Property Damage Only,0,0,0,0,0,0,7000,3,3,,POINT (-93.674357986846 41.588787706425)
2014829385,2014-80364,11/20/2014,11-November,5-Thursday,16:05,1600 Hours,District 6 (East Central),DAVENPORT,SCOTT,,W 3RD ST & WAVERLY RD,Collision with:  Vehicle in traffic,On Roadway,"Sideswipe, opposite direction",Traveling wrong way or on wrong side of road,None Indicated,,Dusk,Dry,Clear,None apparent,Non-intersection:  Non-junction/no special feature,Paved,,Property Damage Only,0,0,0,0,0,0,1500,2,2,,POINT (-90.614383422867 41.522274491874)
2014829351,14-38312,11/20/2014,11-November,5-Thursday,13:05,1300 Hours,District 3 (Northwest),SIOUX CITY,WOODBURY,,COUNCIL OAKS DR,Collision with fixed object:  Other fixed object (explain in narrative),On Roadway,Non-collision (single vehicle),Other (explain in narrative):  Vision obstructed,None Indicated,,Daylight,Dry,Clear,None apparent,Non-intersection:  Non-junction/no special feature,Paved,,Possible/Unknown,0,1,0,0,1,0,2800,1,1,,POINT (-96.467671846006 42.49661269786)
2014829709,14-005036,11/20/2014,11-November,5-Thursday,17:10,1700 Hours,District 1 (Central),ANKENY,POLK,US 69,US 69/S ANKENY BLVD,Collision with:  Vehicle in traffic,On Roadway,Rear-end (front to rear),Driver Distraction:  Manual operation of an electronic communication device,None Indicated,,Dusk,Dry,Clear,None apparent,Non-intersection:  Non-junction/no special feature,Paved,,Property Damage Only,0,0,0,0,0,0,3500,2,2,,POINT (-93.600508270827 41.70863211409)
2014829024,14-3731,11/20/2014,11-November,5-Thursday,16:00,1600 Hours,District 1 (Central),FORT DODGE,WEBSTER,US 169,US 169 & IA 7/190TH ST & 3RD AVE NW,Collision with:  Vehicle in traffic,On Roadway,Broadside (front to side),FTYROW:  From stop sign,None Indicated,,Daylight,Dry,Clear,None apparent,Intersection:  Four-way intersection,Paved,,Property Damage Only,0,0,0,0,0,0,3500,2,3,,POINT (-94.22372917687 42.515457625408)
2014829708,14-005034,11/20/2014,11-November,5-Thursday,15:55,1500 Hours,District 1 (Central),ANKENY,POLK,US 69,US 69/S ANKENY BLVD & SE SHURFINE DR,Collision with:  Vehicle in traffic,On Roadway,Rear-end (front to rear),Other (explain in narrative):  Other,None Indicated,,Daylight,Dry,Clear,None apparent,Intersection:  T-intersection,Paved,,Major Injury,0,2,1,1,0,0,10000,2,3,,POINT (-93.600514995592 41.711937671887)
2014830233,SA1409837,11/20/2014,11-November,5-Thursday,11:29,1100 Hours,District 5 (Southeast),,WASHINGTON,,KIWI AVE,Collision with fixed object:  Ditch,On Roadway,Non-collision (single vehicle),Ran off road - left,None Indicated,,Daylight,"Mud, dirt",Clear,None apparent,Non-intersection:  Non-junction/no special feature,Unpaved,,Property Damage Only,0,0,0,0,0,0,10000,1,1,,POINT (-91.74803616066 41.471629470518)
2014829008,S14-12048,11/20/2014,11-November,5-Thursday,18:28,1800 Hours,District 3 (Northwest),,WOODBURY,US 20,US 20,Collision with:  Animal,,,Animal,None Indicated,,,,,,,Paved,,Property Damage Only,0,0,0,0,0,0,1500,1,1,,POINT (-95.819915084219 42.482359937603)
2014830733,14-019670,11/20/2014,11-November,5-Thursday,06:15,0600 Hours,District 5 (Southeast),NEW LONDON,HENRY,US 34,US 34,Collision with:  Other non-fixed object (explain in narrative),,,Unknown,None Indicated,,,,,,,Paved,,Property Damage Only,0,0,0,0,0,0,2000,1,1,,POINT (-91.412217057072 40.912442847911)
2014829903,14-13459,11/20/2014,11-November,5-Thursday,08:43,0800 Hours,District 3 (Northwest),,SIOUX,,Co Rd B30/360TH ST & Co Rd K30/ELMWOOD AVE,Collision with:  Vehicle in traffic,On Roadway,Broadside (front to side),FTYROW:  From stop sign,None Indicated,,Daylight,Dry,Clear,None apparent,Intersection:  Four-way intersection,Paved,,Property Damage Only,0,0,0,0,0,0,16000,3,3,,POINT (-96.294395680372 43.127668558591)
2014830563,14-005501,11/20/2014,11-November,5-Thursday,17:32,1700 Hours,District 1 (Central),AMES,STORY,,UNIVERSITY BLVD,Collision with:  Vehicle in traffic,On Roadway,Rear-end (front to rear),Followed too close,None Indicated,,Dark - roadway lighted,Dry,Clear,None apparent,Non-intersection:  Non-junction/no special feature,Paved,,Possible/Unknown,0,3,0,0,0,3,10800,3,3,,POINT (-93.639407038231 42.005170305995)
2014836362,,11/20/2014,11-November,5-Thursday,14:00,1400 Hours,District 2 (Northeast),DECORAH,WINNESHIEK,,RIVER ST,Collision with:  Parked motor vehicle,On Roadway,"Sideswipe, same direction",FTYROW:  Other (explain in narrative),None Indicated,,Daylight,Dry,Clear,None apparent,Non-intersection:  Non-junction/no special feature,Paved,,Property Damage Only,0,0,0,0,0,0,2500,2,1,,POINT (-91.78967572065 43.302905457562)
2014829380,2014-80281,11/20/2014,11-November,5-Thursday,01:00,0100 Hours,District 6 (East Central),DAVENPORT,SCOTT,,W 72ND ST & HILLANDALE RD,Collision with:  Vehicle in traffic,Outside trafficway,"Angle, oncoming left turn",Unknown,None Indicated,,Dark - roadway not lighted,Dry,Clear,None apparent,Intersection:  Other intersection (explain in narrative),Paved,,Property Damage Only,0,0,0,0,0,0,1500,2,1,,POINT (-90.620369524719 41.593333134889)
2014829186,S14-004607,11/20/2014,11-November,5-Thursday,04:40,0400 Hours,District 4 (Southwest),,POTTAWATTAMIE,,Co Rd M47/500TH ST,Collision with:  Vehicle in traffic,On Roadway,Non-collision (single vehicle),Animal,None Indicated,,Dark - roadway not lighted,Dry,Clear,None apparent,Non-intersection:  Non-junction/no special feature,Paved,,Major Injury,0,1,1,0,0,0,15000,1,1,,POINT (-95.232438205831 41.166015728099)
2014829569,14-051120-01,11/20/2014,11-November,5-Thursday,06:50,0600 Hours,District 6 (East Central),,IOWA,,Co Rd V62/L AVE,Collision with:  Animal,On Roadway,Non-collision (single vehicle),Animal,None Indicated,,Dawn,Dry,Clear,None apparent,Non-intersection:  Non-junction/no special feature,Unpaved,,Property Damage Only,0,0,0,0,0,0,4000,1,1,,POINT (-92.084960541289 41.743783801162)
2014829692,14-005040,11/20/2014,11-November,5-Thursday,18:08,1800 Hours,District 1 (Central),ANKENY,POLK,US 69,US 69/S ANKENY BLVD/N 14TH ST & IA 160/SW ORALABOR RD/SE ORALABOR RD,Collision with:  Vehicle in traffic,On Roadway,Rear-end (front to rear),Followed too close,None Indicated,,Dark - roadway lighted,Dry,Clear,None apparent,Intersection:  Four-way intersection,Paved,,Property Damage Only,0,0,0,0,0,0,6000,2,2,,POINT (-93.600562715852 41.70285829484)
2014833139,2014-80367,11/20/2014,11-November,5-Thursday,16:40,1600 Hours,District 6 (East Central),DAVENPORT,SCOTT,,IA 461/HARRISON ST & W LOCUST ST,Collision with:  Vehicle in traffic,On Roadway,Rear-end (front to rear),Followed too close,None Indicated,,Dusk,Dry,Clear,None apparent,Intersection:  Other intersection (explain in narrative),Paved,,Property Damage Only,0,0,0,0,0,0,3500,2,3,,POINT (-90.577233957256 41.538285400634)
2014828997,20140034521,11/20/2014,11-November,5-Thursday,14:15,1400 Hours,District 1 (Central),DES MOINES,POLK,,31ST ST,Collision with:  Vehicle in traffic,On Roadway,Rear-end (front to rear),"Operating vehicle in an reckless, erratic, careless, negligent manner",None Indicated,,Daylight,Dry,Clear,None apparent,Intersection:  Intersection with ramp,Paved,,Possible/Unknown,0,1,0,0,1,0,2100,2,2,,POINT (-93.659378088217 41.592837780913)
2014831181,4514-060,11/20/2014,11-November,5-Thursday,18:56,1800 Hours,District 2 (Northeast),,HOWARD,IA 9,IA 9/IOWA 9,Collision with:  Animal,,,Animal,None Indicated,,,,,,,Paved,,Property Damage Only,0,0,0,0,0,0,4000,1,1,,POINT (-92.143876204335 43.371072716882)
2014828998,20140034543,11/20/2014,11-November,5-Thursday,17:30,1700 Hours,District 1 (Central),DES MOINES,POLK,I-235,I-235,Collision with:  Vehicle in traffic,On Roadway,Rear-end (front to rear),Followed too close,None Indicated,,Dusk,Dry,Clear,None apparent,Non-intersection:  Non-junction/no special feature,Paved,,Property Damage Only,0,0,0,0,0,0,6000,4,4,,POINT (-93.624383229951 41.595807390799)
2014828999,20140034548,11/20/2014,11-November,5-Thursday,18:11,1800 Hours,District 1 (Central),DES MOINES,POLK,IA 163,IA 163/E UNIVERSITY AVE,Collision with:  Vehicle in traffic,On Roadway,Rear-end (front to rear),Driving too fast for conditions,None Indicated,,Dark - roadway lighted,Dry,Clear,None apparent,Non-intersection:  Non-junction/no special feature,Paved,,Property Damage Only,0,0,0,0,0,0,3000,2,3,,POINT (-93.566144913855 41.600486451523)
2014829042,14-1430,11/20/2014,11-November,5-Thursday,09:50,0900 Hours,District 4 (Southwest),CLIVE,DALLAS,,NW 164TH ST,Collision with:  Vehicle in traffic,On Roadway,Broadside (front to side),Improper Backing,None Indicated,,Daylight,Dry,Clear,None apparent,Non-intersection:  Driveway access (within),Paved,,Property Damage Only,0,0,0,0,0,0,2100,2,1,,POINT (-93.843898202113 41.638603732295)
2014829854,201405503,11/20/2014,11-November,5-Thursday,19:00,1900 Hours,District 1 (Central),,BOONE,US 30,US 30/220TH ST,Collision with:  Animal,,,Animal,None Indicated,,,,,,,Paved,,Property Damage Only,0,0,0,0,0,0,5000,1,1,,POINT (-93.963408607413 42.032494574984)
2014831735,201400056640,11/20/2014,11-November,5-Thursday,16:43,1600 Hours,District 5 (Southeast),OTTUMWA,WAPELLO,,W LOOMIS AVE & S LILLIAN ST,Collision with:  Vehicle in traffic,On Roadway,Broadside (front to side),FTYROW:  From yield sign,None Indicated,,Daylight,Dry,Clear,None apparent,Unknown,Paved,,Property Damage Only,0,0,0,0,0,0,2500,2,2,,POINT (-92.430054362001 40.990906476266)
2014831311,2014064931,11/20/2014,11-November,5-Thursday,10:34,1000 Hours,District 2 (Northeast),,CERRO GORDO,,Co Rd S14/BALSAM AVE & 340TH ST,Collision with:  Non-motorist (see non-motorist section - NOT a unit),On Roadway,Non-collision (single vehicle),Other (explain in narrative):  No improper action,None Indicated,,Daylight,Snow,Clear,None apparent,Intersection:  Four-way intersection,Paved,,Fatal,1,0,0,0,0,0,1000,1,1,,POINT (-93.477861254386 43.255399926282)
2014828988,20140034547,11/20/2014,11-November,5-Thursday,18:02,1800 Hours,District 1 (Central),DES MOINES,POLK,,MLK JR PKWY,Collision with:  Vehicle in traffic,On Roadway,Rear-end (front to rear),Other (explain in narrative):  Other,None Indicated,,Dark - roadway lighted,Dry,Cloudy,None apparent,Intersection:  Four-way intersection,Paved,,Possible/Unknown,0,1,0,0,1,0,4500,2,2,,POINT (-93.64478523057 41.585327440241)
2014828964,W14-114538,11/20/2014,11-November,5-Thursday,14:34,1400 Hours,District 2 (Northeast),WATERLOO,BLACK HAWK,,RUDI PL & W 9TH ST,Collision with:  Vehicle in traffic,On Roadway,Rear-end (front to rear),Driver Distraction:  Manual operation of an electronic communication device,None Indicated,,Daylight,Dry,Clear,None apparent,Intersection:  T-intersection,Paved,,Property Damage Only,0,0,0,0,0,0,15000,2,2,,POINT (-92.343211625692 42.466110520878)
2014829382,2014-80309,11/20/2014,11-November,5-Thursday,12:02,1200 Hours,District 6 (East Central),DAVENPORT,SCOTT,US 6,US 6/W KIMBERLY RD/E KIMBERLY RD & IA 461/WELCOME WAY,Collision with:  Vehicle in traffic,On Roadway,"Sideswipe, same direction",Made improper turn,None Indicated,,Daylight,Dry,Clear,None apparent,Non-intersection:  Non-junction/no special feature,Paved,,Property Damage Only,0,0,0,0,0,0,2500,2,2,,POINT (-90.570930788018 41.560317081912)
2014830751,2014-25047,11/20/2014,11-November,5-Thursday,18:16,1800 Hours,District 5 (Southeast),,WARREN,,Co Rd R63/HWY R63,Collision with:  Animal,,,Animal,None Indicated,,,,,,,Paved,,Property Damage Only,0,0,0,0,0,0,10000,1,1,,POINT (-93.630874665412 41.479847642985)
2014830204,4514-058,11/20/2014,11-November,5-Thursday,19:30,1900 Hours,District 2 (Northeast),,HOWARD,IA 9,IA 9/IOWA 9,Collision with:  Animal,,,Animal,None Indicated,,,,,,,Paved,,Property Damage Only,0,0,0,0,0,0,2000,1,1,,POINT (-92.241760531081 43.370818129417)
2014831928,2014064950,11/20/2014,11-November,5-Thursday,13:15,1300 Hours,District 1 (Central),,HAMILTON,I-35,I-35,Collision with:  Vehicle in traffic,On Roadway,Rear-end (front to rear),Followed too close,None Indicated,,Daylight,Dry,Clear,None apparent,Non-intersection:  Non-junction/no special feature,Paved,,Property Damage Only,0,0,0,0,0,0,3000,2,2,,POINT (-93.570435924276 42.382826419413)
2014829049,14-30709,11/20/2014,11-November,5-Thursday,08:06,0800 Hours,District 1 (Central),NEWTON,JASPER,US 6,US 6/1ST AVE E & E 28TH ST S,Collision with:  Vehicle in traffic,On Roadway,Rear-end (front to rear),Ran off road - right,None Indicated,,Daylight,Dry,Clear,None apparent,Intersection:  T-intersection,Paved,,Property Damage Only,0,0,0,0,0,0,2500,2,3,,POINT (-93.018544215311 41.699174877504)
2014843248,1120146A,11/20/2014,11-November,5-Thursday,18:43,1800 Hours,District 4 (Southwest),CLARINDA,PAGE,IA 2,IA 2/IOWA 2,Collision with:  Animal,,,Animal,None Indicated,,,,,,,Paved,,Property Damage Only,0,0,0,0,0,0,5000,1,1,,POINT (-95.220436886359 40.742163946558)
2014830184,14020253,11/20/2014,11-November,5-Thursday,16:06,1600 Hours,District 2 (Northeast),MASON CITY,CERRO GORDO,US 65,US 65/S WASHINGTON AVE & 2ND ST SW,Collision with:  Vehicle in traffic,On Roadway,"Sideswipe, same direction",Made improper turn,None Indicated,,Daylight,Dry,Clear,None apparent,Intersection:  Four-way intersection,Paved,,Property Damage Only,0,0,0,0,0,0,5000,2,3,,POINT (-93.202644552673 43.14996228877)
2014828719,W14-114458,11/20/2014,11-November,5-Thursday,07:32,0700 Hours,District 2 (Northeast),WATERLOO,BLACK HAWK,,W 2ND ST & VERMONT ST,Collision with:  Vehicle in traffic,On Roadway,Broadside (front to side),FTYROW:  From stop sign,None Indicated,,Daylight,Snow,Clear,None apparent,Intersection:  Four-way intersection,Paved,,Property Damage Only,0,0,0,0,0,0,3000,2,3,,POINT (-92.355708965556 42.48814675677)
2014828978,14-8433,11/20/2014,11-November,5-Thursday,16:38,1600 Hours,District 3 (Northwest),IDA GROVE,IDA,,ASH DR & MOOREHEAD AVE,Collision with:  Vehicle in traffic,On Roadway,"Angle, oncoming left turn",FTYROW:  Making left turn,None Indicated,,Daylight,Dry,Clear,None apparent,Non-intersection:  Driveway access (within),Paved,,Property Damage Only,0,0,0,0,0,0,4500,2,4,,POINT (-95.46920816426 42.347967891864)
2014832404,80-14-368,11/20/2014,11-November,5-Thursday,18:07,1800 Hours,District 2 (Northeast),HUMBOLDT,HUMBOLDT,US 169,US 169/13TH ST N,Collision with:  Vehicle in traffic,On Roadway,Rear-end (front to rear),Followed too close,None Indicated,,Dark - roadway lighted,Dry,Clear,None apparent,Non-intersection:  Non-junction/no special feature,Paved,,Property Damage Only,0,0,0,0,0,0,2600,2,4,,POINT (-94.2271403592 42.745268513245)
2014830185,14020255,11/20/2014,11-November,5-Thursday,15:00,1500 Hours,District 2 (Northeast),MASON CITY,CERRO GORDO,,15TH ST SW,Collision with fixed object:  Other fixed object (explain in narrative),On Roadway,Non-collision (single vehicle),Ran off road - left,None Indicated,,Daylight,Snow,Cloudy,None apparent,Non-intersection:  Non-junction/no special feature,Paved,,Property Damage Only,0,0,0,0,0,0,4000,1,1,,POINT (-93.237776062974 43.138980789799)
2014829325,14-38313,11/20/2014,11-November,5-Thursday,13:18,1300 Hours,District 3 (Northwest),SIOUX CITY,WOODBURY,,NEBRASKA ST,Non-collision events:  Other non-collision (explain in narrative),Outside trafficway,"Sideswipe, same direction",Traveling wrong way or on wrong side of road,None Indicated,,Daylight,Dry,Clear,None apparent,Non-intersection:  Non-junction/no special feature,Paved,,Property Damage Only,0,0,0,0,0,0,6200,2,777,,POINT (-96.403448922675 42.494803311186)