Iowa DOT Case Number,Law Enforcement Case Number,Date of Crash,Month of Crash,Day of Week,Time of Crash,Hour,DOT District,City Name,County Name,Route with System,Location Description,First Harmful Event,Location of First Harmful Event,Manner of Crash/Collision,Major Cause,Drug or Alcohol ,Environmental Conditions,Light Conditions,Surface Conditions,Weather Conditions,Roadway Contribution,Roadway Type,Roadway Surface,Work Zone,Crash Severity,Number of Fatalities,Number of Injuries,Number of Major Injuries,Number of Minor Injuries,Number of Possible Injuries,Number of Unknown Injuries,Amount of Property Damage,Number of Vehicles Involved,Total Number of Occupants,Travel Direction,Location
2014829676,143567,11/21/2014,11-November,6-Friday,15:25,1500 Hours,District 3 (Northwest),DENISON,CRAWFORD,US 30,US 30/4TH AVE S & DONNA REED DR,Collision with fixed object:  Culvert/pipe opening,On Roadway,Non-collision (single vehicle),Lost Control,None Indicated,,Daylight,Dry,Cloudy,None apparent,Non-intersection:  Non-junction/no special feature,Paved,,Possible/Unknown,0,1,0,0,1,0,4000,1,2,,POINT (-95.334578629121 42.012853282489)
2014831718,2014065197,11/21/2014,11-November,6-Friday,17:20,1700 Hours,District 1 (Central),,POLK,I-80,I-80,Collision with:  Vehicle in traffic,On Roadway,Rear-end (front to rear),Driving too fast for conditions,None Indicated,,Dusk,Dry,Clear,None apparent,Non-intersection:  Non-junction/no special feature,Paved,,Property Damage Only,0,0,0,0,0,0,5000,2,3,,POINT (-93.528067508409 41.659115404304)
2014831671,201400004274,11/21/2014,11-November,6-Friday,00:06,0000 Hours,District 6 (East Central),,LINN,,BIG CREEK RD,Collision with fixed object:  Tree,Outside trafficway,Non-collision (single vehicle),Swerving/Evasive Action,None Indicated,,Dark - roadway not lighted,Dry,Cloudy,None apparent,Non-intersection:  Non-junction/no special feature,Unpaved,,Major Injury,0,1,1,0,0,0,5000,1,2,,POINT (-91.511560079204 41.961409985569)
2014829980,14-11809,11/21/2014,11-November,6-Friday,06:20,0600 Hours,District 3 (Northwest),CARROLL,CARROLL,US 30,US 30/6TH ST & CLARK ST,Collision with:  Vehicle in traffic,On Roadway,Rear-end (front to rear),Swerving/Evasive Action,None Indicated,,Dark - roadway lighted,Dry,Clear,Work Zone (roadway-related),Intersection:  Four-way intersection,Paved,Yes,Property Damage Only,0,0,0,0,0,0,3000,2,2,,POINT (-94.864326348842 42.064867400451)
2014829258,14-007977,11/21/2014,11-November,6-Friday,15:55,1500 Hours,District 3 (Northwest),ONAWA,MONONA,,PEARL ST & 6TH ST,Collision with:  Vehicle in traffic,On Roadway,Broadside (front to side),FTYROW:  At uncontrolled intersection,None Indicated,,Daylight,Wet,Clear,None apparent,Non-intersection:  Non-junction/no special feature,Paved,,Property Damage Only,0,0,0,0,0,0,10000,2,3,,POINT (-96.09170288732 42.028066374853)
2014831278,K14-035777,11/21/2014,11-November,6-Friday,09:51,0900 Hours,District 5 (Southeast),KEOKUK,LEE,,EICHER ST & MIDDLE RD,Collision with:  Vehicle in traffic,On Roadway,Broadside (front to side),FTYROW:  From stop sign,None Indicated,,Daylight,Dry,Clear,None apparent,Intersection:  Four-way intersection,Paved,,Possible/Unknown,0,1,0,0,1,0,1500,2,2,,POINT (-91.392741938658 40.415891940832)
2014829558,14-1881,11/21/2014,11-November,6-Friday,16:45,1600 Hours,District 1 (Central),,GREENE,,Co Rd E53/235TH,Non-collision events:  Other non-collision (explain in narrative),On Roadway,Non-collision (single vehicle),Crossed centerline (undivided),None Indicated,,Daylight,Dry,Cloudy,None apparent,Non-intersection:  Non-junction/no special feature,Paved,,Property Damage Only,0,0,0,0,0,0,11000,1,1,,POINT (-94.347062776177 42.015240270479)
2014830346,C14003727,11/21/2014,11-November,6-Friday,17:00,1700 Hours,District 6 (East Central),CORALVILLE,JOHNSON,,CORAL RIDGE AVE,Collision with:  Vehicle in traffic,On Roadway,Rear-end (front to rear),Followed too close,None Indicated,,Dark - roadway not lighted,Dry,Cloudy,None apparent,Non-intersection:  Non-junction/no special feature,Paved,,Possible/Unknown,0,2,0,0,2,0,2700,2,4,,POINT (-91.608428444489 41.697604921535)
2014831228,2014-039883,11/21/2014,11-November,6-Friday,15:02,1500 Hours,District 6 (East Central),DUBUQUE,DUBUQUE,,CLARKE DR & BUNKER HL,Collision with:  Vehicle in traffic,On Roadway,Broadside (front to side),FTYROW:  From stop sign,None Indicated,,Daylight,Dry,Clear,None apparent,Intersection:  Other intersection (explain in narrative),Paved,,Property Damage Only,0,0,0,0,0,0,4500,2,4,,POINT (-90.700680713364 42.505205590275)
2014829204,14-8046,11/21/2014,11-November,6-Friday,10:08,1000 Hours,District 2 (Northeast),ALGONA,KOSSUTH,US 18,US 18,Collision with:  Vehicle in traffic,On Roadway,Head-on (front to front),Crossed centerline (undivided),None Indicated,,Daylight,Dry,Cloudy,None apparent,Non-intersection:  Non-junction/no special feature,Paved,,Major Injury,0,4,1,0,3,0,27500,2,4,,POINT (-94.099620224125 43.082913563637)
2014829427,2014065159,11/21/2014,11-November,6-Friday,15:20,1500 Hours,District 6 (East Central),TIFFIN,JOHNSON,I-80,I-80 & I-380,Collision with:  Vehicle in traffic,On Roadway,Rear-end (front to rear),FTYROW:  Other (explain in narrative),None Indicated,,Daylight,Dry,Cloudy,Other (explain in narrative),"Interchange-related:  Off-ramp, diverge area",Paved,,Property Damage Only,0,0,0,0,0,0,6000,2,3,,POINT (-91.638611224486 41.695012249605)
2014829637,CL14004111,11/21/2014,11-November,6-Friday,14:15,1400 Hours,District 6 (East Central),CLINTON,CLINTON,US 67,US 67/N 2ND ST & IA 136/IOWA 136 & 19TH AVE N,Collision with:  Vehicle in traffic,On Roadway,Broadside (front to side),Ran Traffic Signal,None Indicated,,Daylight,Dry,Clear,None apparent,Intersection:  Four-way intersection,Paved,,Property Damage Only,0,0,0,0,0,0,8000,2,3,,POINT (-90.182141275269 41.866213579789)
2014829670,2014012984,11/21/2014,11-November,6-Friday,12:24,1200 Hours,District 6 (East Central),IOWA CITY,JOHNSON,IA 1,IA 1/E BURLINGTON ST & S CLINTON ST,Collision with:  Vehicle in traffic,On Roadway,Rear-end (front to rear),Followed too close,None Indicated,,Daylight,Dry,Clear,None apparent,Intersection:  Four-way intersection,Paved,,Property Damage Only,0,0,0,0,0,0,4000,2,3,,POINT (-91.534641180695 41.657868159233)
2014829252,14024722,11/21/2014,11-November,6-Friday,17:24,1700 Hours,District 6 (East Central),MARION,LINN,,10TH AVE,Collision with:  Vehicle in traffic,On Roadway,Rear-end (front to rear),Other (explain in narrative):  Other,None Indicated,,Dark - roadway lighted,Dry,Clear,None apparent,Intersection:  Four-way intersection,Paved,,Possible/Unknown,0,3,0,0,3,0,5500,3,6,,POINT (-91.553450822071 42.035761701519)
2014831794,C14114794,11/21/2014,11-November,6-Friday,10:17,1000 Hours,District 2 (Northeast),CEDAR FALLS,BLACK HAWK,,SPRUCE HILLS DR,Collision with:  Vehicle in traffic,On Roadway,"Sideswipe, opposite direction",FTYROW:  Making left turn,None Indicated,,Daylight,Snow,Clear,None apparent,Non-intersection:  Driveway access (within),Paved,,Property Damage Only,0,0,0,0,0,0,10000,2,3,,POINT (-92.445094897989 42.50064621144)
2014829434,P14-000625,11/21/2014,11-November,6-Friday,17:03,1700 Hours,District 1 (Central),WEBSTER CITY,HAMILTON,,3RD ST,Collision with:  Vehicle in traffic,On Roadway,"Sideswipe, opposite direction",Crossed centerline (undivided),Alcohol (Statutory),,Dusk,Slush,Clear,None apparent,Non-intersection:  Non-junction/no special feature,Paved,,Possible/Unknown,0,1,0,0,1,0,6000,2,4,,POINT (-93.833002488107 42.470476858539)
2014829555,14-17276,11/21/2014,11-November,6-Friday,15:31,1500 Hours,District 6 (East Central),MAQUOKETA,JACKSON,,117 ST,Non-collision events:  Overturn/rollover,Roadside,Non-collision (single vehicle),Swerving/Evasive Action,None Indicated,,Daylight,"Mud, dirt",Cloudy,None apparent,Non-intersection:  Non-junction/no special feature,Unpaved,,Property Damage Only,0,0,0,0,0,0,5000,1,2,,POINT (-90.607840210355 42.128741751503)
2014832529,171-2014,11/21/2014,11-November,6-Friday,19:30,1900 Hours,District 4 (Southwest),,HARRISON,,Co Rd F50/270TH ST & Co Rd L20/LOESS HILLS TRL,Collision with fixed object:  Traffic sign support,Outside trafficway,Non-collision (single vehicle),Ran Stop Sign,None Indicated,,Dark - roadway not lighted,Wet,Cloudy,None apparent,Intersection:  T-intersection,Paved,,Property Damage Only,0,0,0,0,0,0,1700,1,2,,POINT (-95.895413563507 41.61755238686)
2014829501,S14-004619,11/21/2014,11-November,6-Friday,13:36,1300 Hours,District 4 (Southwest),,POTTAWATTAMIE,IA 92,IA 92/IOWA 92 & HEARTHSTONE DR,Collision with:  Vehicle in traffic,On Roadway,"Sideswipe, same direction",Other (explain in narrative):  Other,None Indicated,,Daylight,Dry,Cloudy,None apparent,Intersection:  T-intersection,Paved,,Property Damage Only,0,0,0,0,0,0,10000,2,2,,POINT (-95.725453171462 41.232468120879)
2014833414,14-081121-01,11/21/2014,11-November,6-Friday,13:30,1300 Hours,District 6 (East Central),,IOWA,US 6,US 6,Collision with:  Vehicle in traffic,On Roadway,"Sideswipe, opposite direction",Crossed centerline (undivided),None Indicated,,Daylight,Dry,Clear,None apparent,Non-intersection:  Non-junction/no special feature,Paved,,Property Damage Only,0,0,0,0,0,0,3500,2,6,,POINT (-91.880337403911 41.762138266643)
2014829904,14-3333,11/21/2014,11-November,6-Friday,15:05,1500 Hours,District 2 (Northeast),OSAGE,MITCHELL,IA 9,IA 9/MAIN ST,Collision with:  Vehicle in traffic,On Roadway,"Sideswipe, same direction",FTYROW:  Other (explain in narrative),None Indicated,,Daylight,Dry,Clear,None apparent,Non-intersection:  Railroad grade crossing,Paved,,Property Damage Only,0,0,0,0,0,0,3000,2,3,,POINT (-92.819072397399 43.284043324403)
2014829334,14-38452,11/21/2014,11-November,6-Friday,18:34,1800 Hours,District 3 (Northwest),SIOUX CITY,WOODBURY,,36TH ST & JACKSON ST,Collision with:  Vehicle in traffic,On Roadway,Rear-end (front to rear),Followed too close,None Indicated,,Dark - roadway lighted,Wet,Clear,None apparent,Intersection:  Four-way intersection,Paved,,Property Damage Only,0,0,0,0,0,0,2000,2,2,,POINT (-96.402400889629 42.531977879646)
2014831218,2014-013918,11/21/2014,11-November,6-Friday,16:12,1600 Hours,District 6 (East Central),DUBUQUE,DUBUQUE,US 61,US 61,Collision with:  Animal,,,Animal,None Indicated,,,,,,,Paved,,Property Damage Only,0,0,0,0,0,0,6000,1,1,,POINT (-90.694937229537 42.415037298022)
2014829193,14-049141,11/21/2014,11-November,6-Friday,10:00,1000 Hours,District 4 (Southwest),COUNCIL BLUFFS,POTTAWATTAMIE,US 6,US 6/KANESVILLE BLVD & NORTH AVE,Collision with:  Vehicle in traffic,On Roadway,Rear-end (front to rear),Other (explain in narrative):  Other,None Indicated,,Daylight,Dry,Clear,None apparent,Intersection:  Four-way intersection,Paved,,Property Damage Only,0,0,0,0,0,0,2000,2,3,,POINT (-95.830961039031 41.271277928717)
2014829530,14-41578,11/21/2014,11-November,6-Friday,10:57,1000 Hours,District 5 (Southeast),WEST BURLINGTON,DES MOINES,,W AGENCY RD,Collision with:  Vehicle in traffic,On Roadway,Broadside (front to side),FTYROW:  From yield sign,None Indicated,,Daylight,Dry,Clear,None apparent,Non-intersection:  Driveway access (within),Paved,,Property Damage Only,0,0,0,0,0,0,4200,2,2,,POINT (-91.167725248149 40.812009787746)
2014828990,20140034617,11/21/2014,11-November,6-Friday,12:31,1200 Hours,District 1 (Central),DES MOINES,POLK,US 69,US 69/SE 14TH ST & E VIRGINIA AVE,Collision with:  Vehicle in traffic,On Roadway,Broadside (front to side),FTYROW:  From driveway,None Indicated,,Daylight,Dry,Clear,None apparent,Non-intersection:  Driveway access (within),Paved,,Property Damage Only,0,0,0,0,0,0,2500,2,2,,POINT (-93.596854687594 41.557717721546)
2014829052,14-0662,11/21/2014,11-November,6-Friday,00:10,0000 Hours,District 1 (Central),,WEBSTER,,Co Rd D20/200TH ST,Collision with:  Vehicle in traffic,On Roadway,Head-on (front to front),Crossed centerline (undivided),Alcohol (Statutory),,Dark - roadway not lighted,Dry,Clear,None apparent,Non-intersection:  Non-junction/no special feature,Paved,,Minor Injury,0,2,0,2,0,0,40000,2,2,,POINT (-94.05059202364 42.501100582247)
2014829388,2014-80492,11/21/2014,11-November,6-Friday,09:04,0900 Hours,District 6 (East Central),DAVENPORT,SCOTT,,E 53RD ST & UTICA RIDGE RD,Collision with:  Vehicle in traffic,On Roadway,Head-on (front to front),Followed too close,None Indicated,,Daylight,Dry,Clear,None apparent,Intersection:  Four-way intersection,Paved,,Property Damage Only,0,0,0,0,0,0,4000,2,2,,POINT (-90.513376500316 41.574919231094)
2014829728,14-1439,11/21/2014,11-November,6-Friday,16:12,1600 Hours,District 1 (Central),CLIVE,POLK,,ALICE AVE & NW 82ND ST,,Outside trafficway,Non-collision (single vehicle),Exceeded authorized speed,None Indicated,,Daylight,Dry,Cloudy,None apparent,Intersection:  T-intersection,Paved,,Property Damage Only,0,0,0,0,0,0,3100,1,2,,POINT (-93.731556319857 41.609451800382)
2014830776,2014-23805,11/21/2014,11-November,6-Friday,07:54,0700 Hours,District 6 (East Central),,SCOTT,,COONHUNTER S RD,Collision with:  Vehicle in traffic,On Roadway,"Sideswipe, opposite direction",Crossed centerline (undivided),None Indicated,,Daylight,Dry,Clear,None apparent,Non-intersection:  Non-junction/no special feature,Paved,,Property Damage Only,0,0,0,0,0,0,10000,2,5,,POINT (-90.74265896739 41.476535896376)
2014831227,2014-039882,11/21/2014,11-November,6-Friday,15:02,1500 Hours,District 6 (East Central),DUBUQUE,DUBUQUE,,ASBURY RD,Collision with:  Vehicle in traffic,On Roadway,Rear-end (front to rear),Lost Control,None Indicated,,Daylight,Dry,Clear,None apparent,Non-intersection:  Non-junction/no special feature,Paved,,Property Damage Only,0,0,0,0,0,0,4000,2,2,,POINT (-90.716504699375 42.510493026507)
2014829445,2014-23847,11/21/2014,11-November,6-Friday,18:12,1800 Hours,District 6 (East Central),,SCOTT,US 61,US 61/140 ST & Co Rd Y48/110 AVE,Collision with:  Vehicle in traffic,On Roadway,Rear-end (front to rear),Followed too close,None Indicated,,Dark - roadway lighted,Dry,Cloudy,None apparent,Non-intersection:  Non-junction/no special feature,Paved,,Property Damage Only,0,0,0,0,0,0,2100,2,2,,POINT (-90.688337943601 41.50848354221)
2014830188,14020289,11/21/2014,11-November,6-Friday,10:28,1000 Hours,District 2 (Northeast),MASON CITY,CERRO GORDO,,COLLEGE DR,Collision with:  Vehicle in traffic,On Roadway,Broadside (front to side),Other (explain in narrative):  Other,None Indicated,,Daylight,Dry,Clear,None apparent,Non-intersection:  Non-junction/no special feature,Paved,,Property Damage Only,0,0,0,0,0,0,6000,2,2,,POINT (-93.131250955326 43.15568548338)
2014831370,14110488,11/21/2014,11-November,6-Friday,20:44,2000 Hours,District 5 (Southeast),,WAPELLO,,Co Rd V5H/HIGHLAND CENTER RD & 163RD ST,Collision with fixed object:  Ditch,Shoulder,Non-collision (single vehicle),Other (explain in narrative):  Other,None Indicated,,Dark - roadway not lighted,Wet,Rain,None apparent,Intersection:  T-intersection,Paved,,Property Damage Only,0,0,0,0,0,0,1500,1,5,,POINT (-92.35813103552 41.122802958126)
2014829915,201404276,11/21/2014,11-November,6-Friday,07:35,0700 Hours,District 6 (East Central),,LINN,,Co Rd E36/BLAIRS FERRY RD,Collision with:  Vehicle in traffic,On Roadway,"Sideswipe, opposite direction",Swerving/Evasive Action,None Indicated,,Daylight,Dry,Clear,None apparent,Non-intersection:  Non-junction/no special feature,Paved,,Minor Injury,0,1,0,1,0,0,32500,2,2,,POINT (-91.80600268428 42.070847011685)
2014831616,,11/21/2014,11-November,6-Friday,18:00,1800 Hours,District 2 (Northeast),,CHICKASAW,US 18,US 18/270TH & QUINLAN AVE,Collision with:  Animal,On Roadway,Non-collision (single vehicle),Animal,None Indicated,,Dark - roadway not lighted,Dry,Other (explain in narrative),,Non-intersection:  Non-junction/no special feature,Paved,,Property Damage Only,0,0,0,0,0,0,2900,1,4,,POINT (-92.219002597188 42.965072107217)
2014830692,2014065206,11/21/2014,11-November,6-Friday,18:40,1800 Hours,District 4 (Southwest),COUNCIL BLUFFS,POTTAWATTAMIE,I-80,I-80,Collision with:  Animal,,,Animal,None Indicated,,,,,,,Paved,,Property Damage Only,0,0,0,0,0,0,4000,1,1,,POINT (-95.790370088872 41.272044511574)
2014829650,14-22673,11/21/2014,11-November,6-Friday,19:01,1900 Hours,District 2 (Northeast),,BREMER,US 218,US 218,Collision with:  Animal,,,Animal,None Indicated,,,,,,,Paved,,Property Damage Only,0,0,0,0,0,0,2000,1,1,,POINT (-92.472678743443 42.672074071265)
2014832211,112114A,11/21/2014,11-November,6-Friday,02:37,0200 Hours,District 4 (Southwest),,FREMONT,IA 2,IA 2/IOWA 2,Collision with fixed object:  Bridge overhead structure,On Roadway,Non-collision (single vehicle),Crossed centerline (undivided),None Indicated,,Dark - roadway not lighted,Dry,Clear,None apparent,Non-intersection:  Other non-intersection (explain in narrative),Paved,,Property Damage Only,0,0,0,0,0,0,15394,1,1,,POINT (-95.830777980433 40.670569867992)
2014829400,BP14000943,11/21/2014,11-November,6-Friday,13:40,1300 Hours,District 2 (Northeast),BELMOND,WRIGHT,,MAIN ST W & 4TH AVE SW & 4TH AVE NW,Collision with:  Vehicle in traffic,On Roadway,"Angle, oncoming left turn",Other (explain in narrative):  Other,None Indicated,,Daylight,Ice/frost,Cloudy,None apparent,Intersection:  Four-way intersection,Paved,,Property Damage Only,0,0,0,0,0,0,1600,2,4,,POINT (-93.623519716165 42.845854889473)
2014830205,4514-059,11/21/2014,11-November,6-Friday,17:00,1700 Hours,District 2 (Northeast),,HOWARD,,Co Rd V36/OAK AVE,Collision with:  Animal,,,Animal,None Indicated,,,,,,,Paved,,Property Damage Only,0,0,0,0,0,0,2000,1,1,,POINT (-92.278445493017 43.473687423228)
2014829605,14001385,11/21/2014,11-November,6-Friday,09:26,0900 Hours,District 1 (Central),COLO,STORY,,MAIN ST & 4TH ST,Collision with:  Parked motor vehicle,On Roadway,Rear-end (front to rear),FTYROW:  From parked position,None Indicated,,Daylight,Dry,Clear,None apparent,Non-intersection:  Non-junction/no special feature,Paved,,Property Damage Only,0,0,0,0,0,0,3000,2,2,,POINT (-93.315132895826 42.01852440382)
2014829981,14-11814,11/21/2014,11-November,6-Friday,12:00,1200 Hours,District 3 (Northwest),CARROLL,CARROLL,,7TH ST,Collision with:  Vehicle in traffic,On Roadway,Broadside (front to side),FTYROW:  From parked position,None Indicated,,Daylight,Dry,Cloudy,None apparent,Non-intersection:  Driveway access (within),Paved,,Property Damage Only,0,0,0,0,0,0,1500,2,2,,POINT (-94.869440823369 42.067404942391)
2014847712,14001391,11/21/2014,11-November,6-Friday,23:32,2300 Hours,District 1 (Central),,STORY,I-35,I-35,Collision with:  Vehicle in traffic,On Roadway,Rear-end (front to rear),Followed too close,None Indicated,,Dark - roadway not lighted,Dry,Clear,None apparent,Non-intersection:  Non-junction/no special feature,Paved,,Property Damage Only,0,0,0,0,0,0,6000,2,5,,POINT (-93.57002712612 41.926042903434)
2014829273,20140034642,11/21/2014,11-November,6-Friday,17:19,1700 Hours,District 1 (Central),DES MOINES,POLK,I-235,I-235,Collision with:  Vehicle in traffic,On Roadway,Rear-end (front to rear),Other (explain in narrative):  Other,None Indicated,,Dark - roadway lighted,Dry,Cloudy,None apparent,Non-intersection:  Non-junction/no special feature,Paved,,Property Damage Only,0,0,0,0,0,0,7000,2,2,,POINT (-93.699273271696 41.592872263606)
2014829329,14-38426,11/21/2014,11-November,6-Friday,12:12,1200 Hours,District 3 (Northwest),SIOUX CITY,WOODBURY,,HAMILTON BLVD,Collision with:  Vehicle in traffic,On Roadway,Rear-end (front to rear),Followed too close,None Indicated,,Daylight,Dry,Clear,None apparent,Intersection:  Four-way intersection,Paved,,Possible/Unknown,0,2,0,0,2,0,800,2,3,,POINT (-96.416807067793 42.513296742724)
2014829287,20140034590,11/21/2014,11-November,6-Friday,07:50,0700 Hours,District 1 (Central),DES MOINES,POLK,,INGERSOLL AVE & 19TH ST,Collision with:  Vehicle in traffic,On Roadway,"Sideswipe, same direction",Other (explain in narrative):  Other,None Indicated,,Daylight,Dry,Clear,None apparent,Intersection:  Other intersection (explain in narrative),Paved,,Property Damage Only,0,0,0,0,0,0,4000,2,41,,POINT (-93.642461769663 41.585727759691)
2014829266,14-7724,11/21/2014,11-November,6-Friday,15:03,1500 Hours,District 1 (Central),,POLK,US 69,US 69/NE 14TH ST,Collision with:  Vehicle in traffic,On Roadway,Rear-end (front to rear),FTYROW:  Other (explain in narrative),None Indicated,,Daylight,Dry,Cloudy,None apparent,Non-intersection:  Non-junction/no special feature,Paved,,Property Damage Only,0,0,0,0,0,0,1600,2,2,,POINT (-93.60040254992 41.649437909082)
2014829961,14-12890,11/21/2014,11-November,6-Friday,19:20,1900 Hours,District 3 (Northwest),,SAC,,Co Rd M54/SIERRA AVE & 220TH ST,Collision with fixed object:  Ditch,On Roadway,Non-collision (single vehicle),Ran off road - right,Alcohol (< Statutory),,Dark - roadway not lighted,Dry,Cloudy,None apparent,Non-intersection:  Non-junction/no special feature,Paved,,Minor Injury,0,1,0,1,0,0,1500,1,1,,POINT (-94.992615007892 42.474479335096)
2014829264,14-7732,11/21/2014,11-November,6-Friday,17:56,1700 Hours,District 1 (Central),ANKENY,POLK,I-35,I-35,Collision with:  Vehicle in traffic,On Roadway,Rear-end (front to rear),Other (explain in narrative):  Other,None Indicated,,Dark - roadway not lighted,Dry,Cloudy,None apparent,Non-intersection:  Non-junction/no special feature,Paved,,Property Damage Only,0,0,0,0,0,0,5000,2,3,,POINT (-93.577311796367 41.668543276238)
2014829441,2014013003,11/21/2014,11-November,6-Friday,18:52,1800 Hours,District 6 (East Central),IOWA CITY,JOHNSON,I-80,I-80,Collision with:  Vehicle in traffic,On Roadway,Rear-end (front to rear),Followed too close,None Indicated,,Dark - roadway not lighted,Dry,Clear,Other (explain in narrative),Interchange-related:  On-ramp merge area,Paved,,Possible/Unknown,0,1,0,0,1,0,8500,3,5,,POINT (-91.503067026318 41.686877486767)
2014832343,2014-039868,11/21/2014,11-November,6-Friday,08:00,0800 Hours,District 6 (East Central),DUBUQUE,DUBUQUE,,W 3RD ST & BLUFF ST,Collision with:  Vehicle in traffic,On Roadway,Broadside (front to side),FTYROW:  From stop sign,None Indicated,,Daylight,Dry,Clear,None apparent,Intersection:  Four-way intersection,Paved,,Property Damage Only,0,0,0,0,0,0,3500,2,2,,POINT (-90.667160194218 42.4961169385)
2014829534,2014-25101,11/21/2014,11-November,6-Friday,17:30,1700 Hours,District 5 (Southeast),,WARREN,IA 28,IA 28/IOWA 28,Collision with:  Animal,,,Animal,None Indicated,,,,,,,Paved,,Property Damage Only,0,0,0,0,0,0,5000,1,1,,POINT (-93.683984321685 41.450323984628)
2014831865,1411211702,11/21/2014,11-November,6-Friday,17:00,1700 Hours,District 6 (East Central),,JONES,US 151,US 151,Collision with:  Animal,,,Animal,None Indicated,,,,,,,Paved,,Property Damage Only,0,0,0,0,0,0,3500,1,1,,POINT (-91.260731310575 42.125929329135)
2014834797,2014004285,11/21/2014,11-November,6-Friday,23:41,2300 Hours,District 6 (East Central),,LINN,,Co Rd E2W/URBANA RD,Collision with:  Vehicle in traffic,On Roadway,"Sideswipe, opposite direction",Crossed centerline (undivided),Drug/Alcohol (Statutory),,Dark - roadway not lighted,Wet,Cloudy,Unknown,Non-intersection:  Non-junction/no special feature,Paved,,Fatal,1,0,0,0,0,0,10000,2,3,,POINT (-91.807147360779 42.194190644141)
2014828961,W14-114811,11/21/2014,11-November,6-Friday,10:54,1000 Hours,District 2 (Northeast),WATERLOO,BLACK HAWK,,DOWNING AVE & ANSBOROUGH AVE,Collision with:  Vehicle in traffic,On Roadway,"Angle, oncoming left turn",FTYROW:  Making left turn,None Indicated,,Daylight,Dry,Clear,None apparent,Intersection:  Four-way intersection,Paved,,Property Damage Only,0,0,0,0,0,0,8000,2,2,,POINT (-92.376937171692 42.494793366458)
2014831901,14007328,11/21/2014,11-November,6-Friday,16:15,1600 Hours,District 2 (Northeast),,CERRO GORDO,,Co Rd B20/310TH ST,Collision with fixed object:  Ditch,Shoulder,Non-collision (single vehicle),Ran off road - right,None Indicated,,Dusk,Dry,Cloudy,None apparent,Non-intersection:  Non-junction/no special feature,Paved,,Property Damage Only,0,0,0,0,0,0,10000,1,1,,POINT (-93.381601314584 43.213106236931)
2014829713,SO14-1462,11/21/2014,11-November,6-Friday,07:43,0700 Hours,District 2 (Northeast),,WRIGHT,,Co Rd C20/130TH ST,Collision with:  Animal,,,Animal,None Indicated,,,,,,,Paved,,Property Damage Only,0,0,0,0,0,0,2500,1,1,,POINT (-93.680615900353 42.863080996498)
2014829880,201405518,11/21/2014,11-November,6-Friday,18:35,1800 Hours,District 1 (Central),,STORY,US 30,US 30,Collision with:  Animal,,,Animal,None Indicated,,,,,,,Paved,,Property Damage Only,0,0,0,0,0,0,2000,1,1,,POINT (-93.69718859467 42.013993596457)
2014830044,,11/21/2014,11-November,6-Friday,06:45,0600 Hours,District 2 (Northeast),SUMNER,BREMER,,RAILROAD ST,Collision with:  Parked motor vehicle,On Roadway,Rear-end (front to rear),Other (explain in narrative):  No improper action,None Indicated,,Dawn,Snow,Clear,None apparent,Non-intersection:  Non-junction/no special feature,Paved,,Property Damage Only,0,0,0,0,0,0,7000,2,1,,POINT (-92.099018727541 42.850941723492)
2014829782,,11/21/2014,11-November,6-Friday,19:39,1900 Hours,District 5 (Southeast),CHARITON,LUCAS,,COURT AVE,Collision with:  Vehicle in traffic,On Roadway,Broadside (front to side),Downhill runaway,None Indicated,,Dark - roadway lighted,Wet,Rain,None apparent,Non-intersection:  Non-junction/no special feature,Paved,,Property Damage Only,0,0,0,0,0,0,2000,2,2,,POINT (-93.315794485517 41.014493486344)
2014829635,201417467,11/21/2014,11-November,6-Friday,18:51,1800 Hours,District 6 (East Central),CEDAR RAPIDS,LINN,,GLASS RD NE & EDGEWOOD RD NE,Collision with:  Vehicle in traffic,On Roadway,"Angle, oncoming left turn",Unknown,None Indicated,,Dark - roadway lighted,Dry,Cloudy,None apparent,Intersection:  T-intersection,Paved,,Property Damage Only,0,0,0,0,0,0,4000,2,2,,POINT (-91.702440758217 42.01708053005)
2014834533,14-259,11/21/2014,11-November,6-Friday,16:26,1600 Hours,District 2 (Northeast),WAVERLY,BREMER,,KNIGHT AVE,Collision with:  Vehicle in traffic,On Roadway,Broadside (front to side),Improper Backing,None Indicated,,Daylight,Dry,Cloudy,None apparent,Non-intersection:  Non-junction/no special feature,Paved,,Property Damage Only,0,0,0,0,0,0,2050,2,2,,POINT (-92.491123020409 42.737348507413)
2014829833,S14-12112,11/21/2014,11-November,6-Friday,17:32,1700 Hours,District 3 (Northwest),SIOUX CITY,WOODBURY,,IOWA ST,Collision with:  Vehicle in traffic,On Roadway,Rear-end (front to rear),FTYROW:  Other (explain in narrative),None Indicated,,Dusk,Dry,Cloudy,None apparent,Non-intersection:  Non-junction/no special feature,Paved,,Property Damage Only,0,0,0,0,0,0,4000,2,2,,POINT (-96.394902905165 42.493823456096)
2014829693,14-049196,11/21/2014,11-November,6-Friday,17:30,1700 Hours,District 4 (Southwest),COUNCIL BLUFFS,POTTAWATTAMIE,IA 192,IA 192/S EXPRESSWAY,Collision with:  Vehicle in traffic,On Roadway,Rear-end (front to rear),Followed too close,None Indicated,,Dark - roadway lighted,Dry,Clear,None apparent,Non-intersection:  Non-junction/no special feature,Paved,,Minor Injury,0,1,0,1,0,0,32000,3,5,,POINT (-95.851315136807 41.231525458349)