Iowa DOT Case Number,Law Enforcement Case Number,Date of Crash,Month of Crash,Day of Week,Time of Crash,Hour,DOT District,City Name,County Name,Route with System,Location Description,First Harmful Event,Location of First Harmful Event,Manner of Crash/Collision,Major Cause,Drug or Alcohol ,Environmental Conditions,Light Conditions,Surface Conditions,Weather Conditions,Roadway Contribution,Roadway Type,Roadway Surface,Work Zone,Crash Severity,Number of Fatalities,Number of Injuries,Number of Major Injuries,Number of Minor Injuries,Number of Possible Injuries,Number of Unknown Injuries,Amount of Property Damage,Number of Vehicles Involved,Total Number of Occupants,Travel Direction,Location
2014829524,14-1053,11/21/2014,11-November,6-Friday,17:10,1700 Hours,District 1 (Central),WINDSOR HEIGHTS,POLK,IA 28,IA 28/63RD ST & CENTER ST,Collision with:  Vehicle in traffic,On Roadway,Rear-end (front to rear),Followed too close,None Indicated,,Dark - roadway lighted,Dry,Clear,None apparent,Non-intersection:  Non-junction/no special feature,Paved,,Property Damage Only,0,0,0,0,0,0,7000,2,3,,POINT (-93.70350948567 41.591837610082)
2014829004,20140034576,11/21/2014,11-November,6-Friday,02:04,0200 Hours,District 1 (Central),DES MOINES,POLK,,KIRKWOOD AVE & COURTLAND DR,Collision with fixed object:  Other fixed object (explain in narrative),Outside trafficway,Non-collision (single vehicle),"Operating vehicle in an reckless, erratic, careless, negligent manner",Refused,,Dark - roadway lighted,Dry,Clear,None apparent,Non-intersection:  Non-junction/no special feature,Paved,,Property Damage Only,0,0,0,0,0,0,1500,1,1,,POINT (-93.620919737644 41.564940241587)
2014829666,14010401,11/21/2014,11-November,6-Friday,12:54,1200 Hours,District 6 (East Central),,BENTON,,Co Rd D65/BENTON-BUCHANAN RD,Collision with:  Vehicle in traffic,On Roadway,"Sideswipe, same direction",Made improper turn,None Indicated,,Daylight,Dry,Cloudy,None apparent,Non-intersection:  Driveway access (within),Paved,,Property Damage Only,0,0,0,0,0,0,6500,2,2,,POINT (-92.014401203284 42.297522910694)
2014829440,2014012995,11/21/2014,11-November,6-Friday,15:27,1500 Hours,District 6 (East Central),IOWA CITY,JOHNSON,,S 1ST AVE,Collision with:  Vehicle in traffic,On Roadway,Broadside (front to side),FTYROW:  Making left turn,None Indicated,,Daylight,Dry,Clear,None apparent,Non-intersection:  Driveway access (within),Paved,,Property Damage Only,0,0,0,0,0,0,3000,2,4,,POINT (-91.502095010688 41.658331213651)
2014829706,2014-6841,11/21/2014,11-November,6-Friday,15:36,1500 Hours,District 1 (Central),,HARDIN,IA 175,IA 175/IOWA 175,Collision with fixed object:  Ditch,On Roadway,Non-collision (single vehicle),Swerving/Evasive Action,None Indicated,,Daylight,Dry,Cloudy,None apparent,Non-intersection:  Non-junction/no special feature,Paved,,Minor Injury,0,1,0,1,0,0,2000,1,1,,POINT (-93.135473839312 42.360911801527)
2014828983,14006896,11/21/2014,11-November,6-Friday,08:11,0800 Hours,District 3 (Northwest),SHELDON,OBRIEN,US 18,US 18/2ND AVE/PARK ST,Collision with:  Vehicle in traffic,On Roadway,"Sideswipe, same direction",Other (explain in narrative):  Other,None Indicated,,Daylight,Ice/frost,Clear,None apparent,Intersection:  Four-way intersection,Paved,,Property Damage Only,0,0,0,0,0,0,2900,2,2,,POINT (-95.854238650293 43.185877159784)
2014830824,14010012,11/21/2014,11-November,6-Friday,09:15,0900 Hours,District 6 (East Central),,DELAWARE,IA 3,IA 3/IOWA 3,Collision with:  Other non-fixed object (explain in narrative),Shoulder,Non-collision (single vehicle),Swerving/Evasive Action,None Indicated,,Daylight,Dry,Clear,None apparent,Non-intersection:  Non-junction/no special feature,Paved,,Property Damage Only,0,0,0,0,0,0,3000,1,1,,POINT (-91.282513191248 42.632809735052)
2014831037,,11/21/2014,11-November,6-Friday,16:50,1600 Hours,District 6 (East Central),CEDAR RAPIDS,LINN,,EDGEWOOD RD NE,Collision with:  Vehicle in traffic,On Roadway,Rear-end (front to rear),Unknown,None Indicated,,Dusk,Dry,Cloudy,,Non-intersection:  Non-junction/no special feature,Paved,,Property Damage Only,0,0,0,0,0,0,3000,2,3,,POINT (-91.702310228357 42.022311766814)
2014829387,2014-80486,11/21/2014,11-November,6-Friday,08:18,0800 Hours,District 6 (East Central),DAVENPORT,SCOTT,,E 53RD ST & WOODLAND AVE,Collision with:  Vehicle in traffic,On Roadway,Rear-end (front to rear),Followed too close,None Indicated,,Daylight,Dry,Clear,None apparent,Non-intersection:  Non-junction/no special feature,Paved,,Property Damage Only,0,0,0,0,0,0,3000,2,2,,POINT (-90.538796043581 41.574800025449)
2014831279,K14-035801,11/21/2014,11-November,6-Friday,15:02,1500 Hours,District 5 (Southeast),KEOKUK,LEE,,14TH ST S & TIMEA ST,Collision with:  Vehicle in traffic,On Roadway,Broadside (front to side),FTYROW:  From stop sign,None Indicated,,Daylight,Dry,Clear,None apparent,Intersection:  Four-way intersection,Paved,,Possible/Unknown,0,1,0,0,1,0,1500,2,4,,POINT (-91.394867976905 40.400327606415)
2014832265,14-48432,11/21/2014,11-November,6-Friday,06:35,0600 Hours,District 5 (Southeast),,MUSCATINE,,137TH ST,Collision with:  Animal,On Roadway,Non-collision (single vehicle),Animal,None Indicated,,Daylight,Dry,Clear,None apparent,Non-intersection:  Non-junction/no special feature,Unpaved,,Property Damage Only,0,0,0,0,0,0,5000,1,1,,POINT (-91.173403404535 41.549422536266)
2014832212,112114E,11/21/2014,11-November,6-Friday,18:50,1800 Hours,District 4 (Southwest),,FREMONT,I-29,I-29,Collision with:  Animal,,,Animal,None Indicated,,,,,,,Paved,,Property Damage Only,0,0,0,0,0,0,5000,1,1,,POINT (-95.786973607247 40.694703572526)
2014829951,2014-80564,11/21/2014,11-November,6-Friday,16:25,1600 Hours,District 6 (East Central),DAVENPORT,SCOTT,US 6,US 6/W KIMBERLY RD,Collision with:  Vehicle in traffic,On Roadway,Rear-end (front to rear),FTYROW:  Other (explain in narrative),None Indicated,,Dusk,Dry,Cloudy,None apparent,Non-intersection:  Non-junction/no special feature,Paved,,Property Damage Only,0,0,0,0,0,0,3000,2,2,,POINT (-90.643674132039 41.572071930881)
2014829275,20140034649,11/21/2014,11-November,6-Friday,17:54,1700 Hours,District 1 (Central),DES MOINES,POLK,,INGERSOLL AVE & 29TH ST,Collision with:  Vehicle in traffic,On Roadway,Broadside (front to side),FTYROW:  From stop sign,None Indicated,,Dark - roadway lighted,Dry,Cloudy,None apparent,Intersection:  T-intersection,Paved,,Property Damage Only,0,0,0,0,0,0,2700,2,4,,POINT (-93.656596227733 41.585909118138)
2014830189,14020312,11/21/2014,11-November,6-Friday,16:01,1600 Hours,District 2 (Northeast),MASON CITY,CERRO GORDO,US 65,US 65/S FEDERAL AVE,Collision with:  Vehicle in traffic,On Roadway,"Angle, oncoming left turn",FTYROW:  Making left turn,None Indicated,,Daylight,Dry,Cloudy,None apparent,Non-intersection:  Driveway access (within),Paved,,Property Damage Only,0,0,0,0,0,0,4500,2,2,,POINT (-93.201079015688 43.141356408069)
2014831866,1411212348,11/21/2014,11-November,6-Friday,23:48,2300 Hours,District 6 (East Central),ANAMOSA,JONES,,Co Rd E34/FAIRVIEW RD/COUNTY HOME RD & Co Rd X28/LINN-JONES RD,Collision with fixed object:  Ditch,On Roadway,Non-collision (single vehicle),Swerving/Evasive Action,None Indicated,,Dark - roadway not lighted,Ice/frost,"Sleet, hail","Surface condition (e.g., wet, icy)",Non-intersection:  Non-junction/no special feature,Paved,,Property Damage Only,0,0,0,0,0,0,4000,1,1,,POINT (-91.364473328484 42.085432794269)
2014829336,14-38470,11/21/2014,11-November,6-Friday,22:15,2200 Hours,District 3 (Northwest),SIOUX CITY,WOODBURY,,JONES ST,Collision with:  Vehicle in traffic,On Roadway,Rear-end (front to rear),Other (explain in narrative):  Vision obstructed,None Indicated,,Dark - roadway lighted,Dry,Cloudy,None apparent,Non-intersection:  Non-junction/no special feature,Paved,,Property Damage Only,0,0,0,0,0,0,3200,2,1,,POINT (-96.400917486216 42.5299959627)
2014829909,201400004282,11/21/2014,11-November,6-Friday,20:06,2000 Hours,District 6 (East Central),,LINN,,Co Rd W45/ALICE RD,Collision with:  Animal,On Roadway,Non-collision (single vehicle),Animal,None Indicated,,Dark - roadway not lighted,Dry,Clear,None apparent,Non-intersection:  Non-junction/no special feature,Paved,,Minor Injury,0,1,0,1,0,0,5500,1,2,,POINT (-91.69678478009 42.152525130973)
2014830453,201417455,11/21/2014,11-November,6-Friday,14:45,1400 Hours,District 6 (East Central),CEDAR RAPIDS,LINN,IA 922,IA 922/1ST AVE E & 19TH ST SE & 19TH ST NE,Collision with:  Vehicle in traffic,On Roadway,Broadside (front to side),Other (explain in narrative):  Vision obstructed,None Indicated,,Daylight,Dry,Cloudy,None apparent,Intersection:  Four-way intersection,Paved,,Property Damage Only,0,0,0,0,0,0,9000,2,2,,POINT (-91.644308806176 41.992739771786)
2014829390,2014-80511,11/21/2014,11-November,6-Friday,10:13,1000 Hours,District 6 (East Central),DAVENPORT,SCOTT,,W 13TH ST & GAINES ST,Collision with:  Vehicle in traffic,On Roadway,Broadside (front to side),FTYROW:  From stop sign,None Indicated,,Daylight,Dry,Clear,None apparent,Intersection:  Four-way intersection,Paved,,Possible/Unknown,0,2,0,0,2,0,3000,2,4,,POINT (-90.582860699555 41.533009032391)
2014830901,20144264,11/21/2014,11-November,6-Friday,12:00,1200 Hours,District 1 (Central),,GRUNDY,IA 175,IA 175/DIAGONAL RD,Collision with fixed object:  Utility pole/light support,On Roadway,Non-collision (single vehicle),Crossed centerline (undivided),None Indicated,,Daylight,Dry,Clear,None apparent,Non-intersection:  Non-junction/no special feature,Paved,,Major Injury,0,2,1,0,1,0,21900,1,2,,POINT (-92.72250207334 42.356513227739)
2014829557,14-049217,11/21/2014,11-November,6-Friday,20:43,2000 Hours,District 4 (Southwest),COUNCIL BLUFFS,POTTAWATTAMIE,,23RD AVE & S 16TH ST,Collision with:  Vehicle in traffic,On Roadway,Broadside (front to side),Ran Stop Sign,None Indicated,,Dark - roadway lighted,Wet,Cloudy,None apparent,Intersection:  T-intersection,Paved,,Property Damage Only,0,0,0,0,0,0,2000,2,4,,POINT (-95.867705549434 41.239394958443)
2014829634,201417450,11/21/2014,11-November,6-Friday,14:19,1400 Hours,District 6 (East Central),CEDAR RAPIDS,LINN,IA 100,IA 100/COLLINS RD NE/COLLINS RD SE & IA 922/1ST AVE E,Collision with:  Vehicle in traffic,On Roadway,Broadside (front to side),FTYROW:  Making right turn on red signal,None Indicated,,Daylight,Dry,Clear,None apparent,Non-intersection:  Non-junction/no special feature,Paved,,Property Damage Only,0,0,0,0,0,0,2000,2,3,,POINT (-91.621272839211 42.02576194308)
2014831864,1411210720,11/21/2014,11-November,6-Friday,07:20,0700 Hours,District 6 (East Central),,JONES,,110 AVE,Collision with fixed object:  Ditch,,,Lost Control,None Indicated,,,,,,,Unpaved,,Property Damage Only,0,0,0,0,0,0,4000,1,1,,POINT (-91.092876736463 42.055959455137)
2014829195,C14003722,11/21/2014,11-November,6-Friday,09:26,0900 Hours,District 6 (East Central),CORALVILLE,JOHNSON,US 6,US 6/2ND ST,Collision with:  Vehicle in traffic,On Roadway,Rear-end (front to rear),Driver Distraction:  Manual operation of an electronic communication device,None Indicated,,Daylight,Dry,Clear,None apparent,Intersection:  Four-way intersection,Paved,,Property Damage Only,0,0,0,0,0,0,3000,2,3,,POINT (-91.568244596601 41.669838533459)
2014829715,14-0010022,11/21/2014,11-November,6-Friday,13:52,1300 Hours,District 6 (East Central),MANCHESTER,DELAWARE,IA 13,IA 13/IOWA 13 & 195TH ST,Collision with:  Vehicle in traffic,On Roadway,Rear-end (front to rear),Ran off road - right,None Indicated,,Daylight,Dry,Clear,None apparent,Non-intersection:  Non-junction/no special feature,Paved,,Property Damage Only,0,0,0,0,0,0,15000,2,3,,POINT (-91.458729688559 42.505736662755)
2014829365,201417463,11/21/2014,11-November,6-Friday,17:33,1700 Hours,District 6 (East Central),CEDAR RAPIDS,LINN,,EDGEWOOD RD NE,Collision with:  Vehicle in traffic,On Roadway,Rear-end (front to rear),Followed too close,None Indicated,,Dark - roadway lighted,Dry,Cloudy,None apparent,Non-intersection:  Non-junction/no special feature,Paved,,Possible/Unknown,0,1,0,0,1,0,17000,4,7,,POINT (-91.702370018628 42.024717149015)
2014830670,201404284,11/21/2014,11-November,6-Friday,22:11,2200 Hours,District 6 (East Central),,LINN,,Co Rd E45/SECRIST RD & CREEKSIDE RD,Collision with fixed object:  Mailbox,On Roadway,Non-collision (single vehicle),Ran off road - left,None Indicated,,Dark - roadway not lighted,Ice/frost,"Sleet, hail","Surface condition (e.g., wet, icy)",Non-intersection:  Non-junction/no special feature,Paved,,Minor Injury,0,4,0,4,0,0,5100,1,4,,POINT (-91.476487043815 42.020391688601)
2014829932,14-014226,11/21/2014,11-November,6-Friday,15:18,1500 Hours,District 1 (Central),TRAER,TAMA,US 63,US 63 & PP AVE,Collision with:  Vehicle in traffic,On Roadway,Rear-end (front to rear),Followed too close,None Indicated,,Daylight,Dry,Clear,None apparent,Intersection:  T-intersection,Paved,,Minor Injury,0,2,0,1,1,0,20000,2,3,,POINT (-92.466546395031 42.176681678458)
2014829718,14-049313,11/22/2014,11-November,7-Saturday,13:10,1300 Hours,District 4 (Southwest),COUNCIL BLUFFS,POTTAWATTAMIE,,AVE B & N 29TH ST,Collision with:  Vehicle in traffic,On Roadway,Broadside (front to side),FTYROW:  From stop sign,None Indicated,,Daylight,Dry,Cloudy,None apparent,Intersection:  Four-way intersection,Paved,,Property Damage Only,0,0,0,0,0,0,2500,2,6,,POINT (-95.89075591554 41.263702593398)
2014829482,14-2615,11/22/2014,11-November,7-Saturday,13:40,1300 Hours,District 1 (Central),URBANDALE,POLK,I-35,I-35,Collision with fixed object:  Utility pole/light support,Shoulder,Non-collision (single vehicle),Ran off road - right,None Indicated,,Daylight,Dry,Clear,None apparent,"Interchange-related:  Off-ramp, diverge area",Paved,,Minor Injury,0,1,0,1,0,0,5000,1,1,,POINT (-93.703411115094 41.652366468776)
2014832752,14-17318,11/22/2014,11-November,7-Saturday,10:30,1000 Hours,District 6 (East Central),,JACKSON,,Co Rd E17/150 ST,Non-collision events:  Other non-collision (explain in narrative),On Roadway,Non-collision (single vehicle),Ran off road - right,None Indicated,,Daylight,Wet,"Fog, smoke, smog","Surface condition (e.g., wet, icy)",Non-intersection:  Non-junction/no special feature,Paved,,Property Damage Only,0,0,0,0,0,0,8500,1,3,,POINT (-90.869996998978 42.159739067022)
2014830191,14020340,11/22/2014,11-November,7-Saturday,03:11,0300 Hours,District 2 (Northeast),MASON CITY,CERRO GORDO,,CRESCENT DR,Collision with:  Vehicle in traffic,On Roadway,Rear-end (front to rear),"Operating vehicle in an reckless, erratic, careless, negligent manner",Alcohol (Statutory),,Dark - roadway lighted,Wet,Rain,None apparent,Non-intersection:  Non-junction/no special feature,Paved,,Possible/Unknown,0,1,0,0,1,0,10000,2,2,,POINT (-93.213284364143 43.15039319349)
2014829269,20140034718,11/22/2014,11-November,7-Saturday,11:30,1100 Hours,District 1 (Central),DES MOINES,POLK,,MLK JR PKWY,Collision with:  Vehicle in traffic,On Roadway,Rear-end (front to rear),Followed too close,None Indicated,,Daylight,Dry,Cloudy,None apparent,Non-intersection:  Non-junction/no special feature,Paved,,Property Damage Only,0,0,0,0,0,0,5500,2,3,,POINT (-93.644712297834 41.588849684241)
2014830193,14020349,11/22/2014,11-November,7-Saturday,09:27,0900 Hours,District 2 (Northeast),MASON CITY,CERRO GORDO,IA 122,IA 122/4TH ST SE,Collision with:  Animal,On Roadway,Non-collision (single vehicle),Animal,None Indicated,,Daylight,Wet,"Fog, smoke, smog",None apparent,Non-intersection:  Non-junction/no special feature,Paved,,Property Damage Only,0,0,0,0,0,0,2500,1,1,,POINT (-93.141749629765 43.148054855491)
2014830045,,11/22/2014,11-November,7-Saturday,05:15,0500 Hours,District 3 (Northwest),OKOBOJI,DICKINSON,US 71,US 71 & 175TH ST & BROOKS NORTH LN,Collision with:  Animal,On Roadway,Non-collision (single vehicle),Animal,None Indicated,,Dusk,Wet,Clear,None apparent,Intersection:  Four-way intersection,Paved,,Property Damage Only,0,0,0,0,0,0,1500,1,1,,POINT (-95.127204656688 43.393037203794)
2014831676,201404288,11/22/2014,11-November,7-Saturday,08:35,0800 Hours,District 6 (East Central),,LINN,,Co Rd E48/WEST MT VERNON RD,Non-collision events:  Other non-collision (explain in narrative),On Roadway,Non-collision (single vehicle),Ran off road - right,None Indicated,,Daylight,Ice/frost,"Fog, smoke, smog","Surface condition (e.g., wet, icy)",Non-intersection:  Other non-intersection (explain in narrative),Paved,,Minor Injury,0,1,0,1,0,0,8500,1,1,,POINT (-91.451800095192 41.942147403058)
2014831421,2014065382,11/22/2014,11-November,7-Saturday,20:15,2000 Hours,District 6 (East Central),CORALVILLE,JOHNSON,I-80,I-80,Collision with:  Vehicle in traffic,On Roadway,Rear-end (front to rear),Followed too close,None Indicated,,Dark - roadway not lighted,Ice/frost,Cloudy,"Surface condition (e.g., wet, icy)",Non-intersection:  Other non-intersection (explain in narrative),Paved,,Property Damage Only,0,0,0,0,0,0,3000,2,3,,POINT (-91.620506358724 41.694219879366)
2014829525,14-1059,11/22/2014,11-November,7-Saturday,17:25,1700 Hours,District 1 (Central),WINDSOR HEIGHTS,POLK,I-235,I-235 & 73RD ST,Collision with:  Vehicle in traffic,On Roadway,Broadside (front to side),Made improper turn,None Indicated,,Dark - roadway lighted,Wet,Clear,None apparent,Intersection:  Four-way intersection,Paved,,Possible/Unknown,0,2,0,0,2,0,12500,2,5,,POINT (-93.717450902433 41.595039091718)
2014831419,2014065358,11/22/2014,11-November,7-Saturday,18:42,1800 Hours,District 6 (East Central),CORALVILLE,JOHNSON,I-80,I-80,Collision with:  Vehicle in traffic,On Roadway,Rear-end (front to rear),Driving too fast for conditions,None Indicated,,Dark - roadway lighted,Wet,Rain,None apparent,Non-intersection:  Non-junction/no special feature,Paved,,Property Damage Only,0,0,0,0,0,0,3000,2,7,,POINT (-91.621623456315 41.694242291272)
2014830230,2014-2861,11/22/2014,11-November,7-Saturday,11:40,1100 Hours,District 1 (Central),JEFFERSON,GREENE,IA 4,IA 4/N ELM ST,Collision with:  Vehicle in traffic,On Roadway,"Angle, oncoming left turn",FTYROW:  Making left turn,None Indicated,,Daylight,Wet,Cloudy,None apparent,Non-intersection:  Driveway access (within),Paved,,Property Damage Only,0,0,0,0,0,0,13000,2,3,,POINT (-94.377654504572 42.026432289222)
2014831456,2014-039903,11/22/2014,11-November,7-Saturday,01:58,0100 Hours,District 6 (East Central),DUBUQUE,DUBUQUE,,GRANDVIEW AVE N,Collision with:  Parked motor vehicle,On Roadway,"Sideswipe, opposite direction",Lost Control,None Indicated,,Dark - roadway not lighted,Ice/frost,Cloudy,None apparent,Non-intersection:  Non-junction/no special feature,Paved,,Property Damage Only,0,0,0,0,0,0,3500,2,1,,POINT (-90.695760989683 42.505944214345)
2014829277,20140034707,11/22/2014,11-November,7-Saturday,05:00,0500 Hours,District 1 (Central),DES MOINES,POLK,,CAPITOL AVE & E 18TH ST,Collision with fixed object:  Curb/island/raised median,Shoulder,Non-collision (single vehicle),Ran off road - left,None Indicated,,Dark - roadway lighted,Wet,Rain,None apparent,Intersection:  Four-way intersection,Paved,,Possible/Unknown,0,1,0,0,0,1,1550,1,2,,POINT (-93.587115021568 41.594562592344)
2014829629,2014013038,11/22/2014,11-November,7-Saturday,12:18,1200 Hours,District 6 (East Central),IOWA CITY,JOHNSON,,F ST,Collision with:  Parked motor vehicle,On Roadway,Unknown,Unknown,None Indicated,,Daylight,Wet,Rain,None apparent,Non-intersection:  Non-junction/no special feature,Paved,,Property Damage Only,0,0,0,0,0,0,1800,2,1,,POINT (-91.504183058058 41.65062152877)
2014829268,20140034717,11/22/2014,11-November,7-Saturday,10:55,1000 Hours,District 1 (Central),DES MOINES,POLK,,MCKINLEY AVE & S UNION ST & E MCKINLEY AVE,Collision with:  Vehicle in traffic,On Roadway,"Angle, oncoming left turn",FTYROW:  Making left turn,None Indicated,,Daylight,Wet,Cloudy,None apparent,Intersection:  Four-way intersection,Paved,,Property Damage Only,0,0,0,0,0,0,2100,2,2,,POINT (-93.616086413231 41.540943751295)
2014831220,2014-013933,11/22/2014,11-November,7-Saturday,06:32,0600 Hours,District 6 (East Central),,DUBUQUE,US 52,US 52,Non-collision events:  Overturn/rollover,Shoulder,Non-collision (single vehicle),Driving too fast for conditions,None Indicated,,Dark - roadway not lighted,Ice/frost,"Sleet, hail",None apparent,Non-intersection:  Non-junction/no special feature,Paved,,Property Damage Only,0,0,0,0,0,0,5000,1,1,,POINT (-90.628676322486 42.428958059007)
2014829613,2014-80725,11/22/2014,11-November,7-Saturday,13:12,1300 Hours,District 6 (East Central),DAVENPORT,SCOTT,,E LOCUST ST & COLLEGE AVE,Collision with:  Vehicle in traffic,On Roadway,Rear-end (front to rear),Lost Control,None Indicated,,Daylight,Wet,Cloudy,None apparent,Intersection:  T-intersection,Paved,,Possible/Unknown,0,1,0,0,1,0,400,2,3,,POINT (-90.556544043401 41.53828869943)
2014829393,2014-80672,11/22/2014,11-November,7-Saturday,02:30,0200 Hours,District 6 (East Central),DAVENPORT,SCOTT,,E 3RD ST & PERSHING AVE,Collision with:  Other non-fixed object (explain in narrative),On Roadway,Non-collision (single vehicle),Other (explain in narrative):  Other,Refused,,Dark - roadway lighted,Wet,Rain,None apparent,Non-intersection:  Non-junction/no special feature,Paved,,Property Damage Only,0,0,0,0,0,0,10000,1,1,,POINT (-90.571150869244 41.522422798375)
2014829475,14-0668,11/22/2014,11-November,7-Saturday,18:00,1800 Hours,District 1 (Central),,WEBSTER,,Co Rd P73/UNION AVE,Collision with:  Animal,,,Animal,None Indicated,,,,,,,Paved,,Property Damage Only,0,0,0,0,0,0,7000,1,1,,POINT (-94.010567579037 42.430287632975)
2014830942,14010458,11/22/2014,11-November,7-Saturday,23:29,2300 Hours,District 6 (East Central),,BUCHANAN,,Co Rd D48/330TH ST & FROST AVE,Collision with fixed object:  Ditch,Outside trafficway,Non-collision (single vehicle),Crossed centerline (undivided),Alcohol (Statutory),,Dark - roadway not lighted,Wet,Clear,None apparent,Non-intersection:  Non-junction/no special feature,Paved,,Minor Injury,0,1,0,1,0,0,15000,1,1,,POINT (-91.980248915302 42.311985196861)
2014829585,14-049328,11/22/2014,11-November,7-Saturday,11:00,1100 Hours,District 4 (Southwest),COUNCIL BLUFFS,POTTAWATTAMIE,,AVE C,Collision with:  Parked motor vehicle,On Roadway,Unknown,Unknown,None Indicated,,Daylight,Unknown,Unknown,None apparent,Non-intersection:  Non-junction/no special feature,Paved,,Property Damage Only,0,0,0,0,0,0,1500,2,777,,POINT (-95.880731381498 41.264557486443)
2014831234,2014-039928,11/22/2014,11-November,7-Saturday,21:28,2100 Hours,District 6 (East Central),DUBUQUE,DUBUQUE,US 20,US 20/DODGE ST & SEIPPEL RD & PROP RD,Collision with:  Animal,On Roadway,Non-collision (single vehicle),Animal,None Indicated,,Dark - roadway not lighted,Wet,Rain,None apparent,Non-intersection:  Non-junction/no special feature,Paved,,Property Damage Only,0,0,0,0,0,0,2000,1,7,,POINT (-90.760432012464 42.476410822978)
2014832804,14222,11/22/2014,11-November,7-Saturday,14:16,1400 Hours,District 5 (Southeast),PELLA,MARION,,WASHINGTON ST & W 8TH ST,Collision with:  Vehicle in traffic,On Roadway,"Sideswipe, same direction",FTYROW:  Other (explain in narrative),None Indicated,,Daylight,Wet,Cloudy,None apparent,Intersection:  Four-way intersection,Paved,,Property Damage Only,0,0,0,0,0,0,1600,2,2,,POINT (-92.933702446698 41.410372043144)
2014829303,20140034757,11/22/2014,11-November,7-Saturday,19:43,1900 Hours,District 1 (Central),DES MOINES,POLK,,EASTON BLVD & E 42ND ST,Collision with:  Vehicle in traffic,On Roadway,Broadside (front to side),Unknown,None Indicated,,Dark - roadway lighted,Wet,Clear,None apparent,Intersection:  Four-way intersection,Paved,,Property Damage Only,0,0,0,0,0,0,2500,2,3,,POINT (-93.532101332758 41.615105672974)
2014834447,2014-80798,11/22/2014,11-November,7-Saturday,20:11,2000 Hours,District 6 (East Central),DAVENPORT,SCOTT,,E LOCUST ST,Collision with:  Vehicle in traffic,On Roadway,Rear-end (front to rear),Followed too close,None Indicated,,Dark - roadway lighted,Wet,Clear,None apparent,Non-intersection:  Non-junction/no special feature,Paved,,Property Damage Only,0,0,0,0,0,0,3000,3,4,,POINT (-90.558834124528 41.538274319809)
2014829234,W14-115104,11/22/2014,11-November,7-Saturday,04:21,0400 Hours,District 2 (Northeast),WATERLOO,BLACK HAWK,,COURTLAND ST,Collision with fixed object:  Tree,Shoulder,Non-collision (single vehicle),Ran off road - left,None Indicated,,Dark - roadway lighted,Dry,Clear,None apparent,Non-intersection:  Non-junction/no special feature,Paved,,Property Damage Only,0,0,0,0,0,0,5000,1,1,,POINT (-92.320394531516 42.497380904326)
2014834476,14-11042,11/22/2014,11-November,7-Saturday,17:10,1700 Hours,District 5 (Southeast),MOUNT PLEASANT,HENRY,,GRAND AVE & E MAPLE LEAF DR,Collision with:  Vehicle in traffic,On Roadway,Rear-end (front to rear),Driver Distraction:  Manual operation of an electronic communication device,None Indicated,,Dusk,Dry,Cloudy,None apparent,Intersection:  Four-way intersection,Paved,,Property Damage Only,0,0,0,0,0,0,2500,2,4,,POINT (-91.538054342328 40.974036730765)
2014829301,20140034738,11/22/2014,11-November,7-Saturday,15:58,1500 Hours,District 1 (Central),DES MOINES,POLK,,E COURT AVE & E 6TH ST,Collision with:  Vehicle in traffic,On Roadway,Broadside (front to side),Ran Traffic Signal,None Indicated,,Daylight,Dry,Cloudy,None apparent,Intersection:  Four-way intersection,Paved,,Property Damage Only,0,0,0,0,0,0,2000,2,3,,POINT (-93.60897172492 41.587639417113)
2014829358,14-22747,11/22/2014,11-November,7-Saturday,10:11,1000 Hours,District 6 (East Central),BETTENDORF,SCOTT,,OAK ST & 23RD ST,Collision with:  Vehicle in traffic,On Roadway,Broadside (front to side),FTYROW:  From stop sign,None Indicated,,Daylight,Dry,Cloudy,None apparent,Intersection:  Four-way intersection,Paved,,Property Damage Only,0,0,0,0,0,0,2300,2,2,,POINT (-90.500151366069 41.533140132738)
2014830431,32097-14,11/22/2014,11-November,7-Saturday,13:00,1300 Hours,District 3 (Northwest),,EMMET,IA 15,IA 15/IOWA 15,Collision with:  Animal,,,Animal,None Indicated,,,,,,,Paved,,Property Damage Only,0,0,0,0,0,0,2500,1,1,,POINT (-94.447261355311 43.499246435986)
2014829245,1411228021,11/22/2014,11-November,7-Saturday,01:40,0100 Hours,District 6 (East Central),,CLINTON,US 30,US 30,Collision with fixed object:  Ditch,Outside trafficway,Non-collision (single vehicle),Driving too fast for conditions,Under Influence of Alcohol/Drugs/Medications,,Dark - roadway not lighted,Ice/frost,Rain,"Surface condition (e.g., wet, icy)",Non-intersection:  Non-junction/no special feature,Paved,,Possible/Unknown,0,1,0,0,1,0,3500,1,1,,POINT (-90.620596087806 41.825635301606)
2014829917,201404292,11/22/2014,11-November,7-Saturday,14:06,1400 Hours,District 6 (East Central),,LINN,US 151,US 151/DUBUQUE RD,Collision with:  Vehicle in traffic,On Roadway,Non-collision (single vehicle),Animal,None Indicated,,Daylight,Wet,Cloudy,None apparent,Non-intersection:  Other non-intersection (explain in narrative),Paved,,Property Damage Only,0,0,0,0,0,0,15056,1,1,,POINT (-91.498328686237 42.045861157449)