Iowa DOT Case Number,Law Enforcement Case Number,Date of Crash,Month of Crash,Day of Week,Time of Crash,Hour,DOT District,City Name,County Name,Route with System,Location Description,First Harmful Event,Location of First Harmful Event,Manner of Crash/Collision,Major Cause,Drug or Alcohol ,Environmental Conditions,Light Conditions,Surface Conditions,Weather Conditions,Roadway Contribution,Roadway Type,Roadway Surface,Work Zone,Crash Severity,Number of Fatalities,Number of Injuries,Number of Major Injuries,Number of Minor Injuries,Number of Possible Injuries,Number of Unknown Injuries,Amount of Property Damage,Number of Vehicles Involved,Total Number of Occupants,Travel Direction,Location
2014832803,14221,11/22/2014,11-November,7-Saturday,20:57,2000 Hours,District 5 (Southeast),PELLA,MARION,IA 163,IA 163/IOWA 163,Collision with:  Animal,,Non-collision (single vehicle),Animal,None Indicated,,,,,,,Paved,,Property Damage Only,0,0,0,0,0,0,12000,1,1,,POINT (-92.948753416618 41.411496672619)
2014829671,2014013028,11/22/2014,11-November,7-Saturday,02:05,0200 Hours,District 6 (East Central),IOWA CITY,JOHNSON,,BROWN ST,Collision with:  Parked motor vehicle,On Roadway,Rear-end (front to rear),Driving too fast for conditions,None Indicated,,Dark - roadway not lighted,Ice/frost,"Sleet, hail","Surface condition (e.g., wet, icy)",Non-intersection:  Non-junction/no special feature,Paved,,Property Damage Only,0,0,0,0,0,0,2650,2,1,,POINT (-91.527971832837 41.670158328649)
2014829513,2014-13464,11/22/2014,11-November,7-Saturday,09:35,0900 Hours,District 2 (Northeast),FOREST CITY,WINNEBAGO,US 69,US 69/170TH AVE & E J ST,Collision with:  Vehicle in traffic,On Roadway,Broadside (front to side),Ran Traffic Signal,None Indicated,,Daylight,Wet,Rain,None apparent,Intersection:  Four-way intersection,Paved,,Property Damage Only,0,0,0,0,0,0,17000,2,2,,POINT (-93.632951767305 43.263399432763)
2014830192,14020346,11/22/2014,11-November,7-Saturday,00:00,0000 Hours,District 2 (Northeast),MASON CITY,CERRO GORDO,,N HARRISON AVE,Collision with:  Parked motor vehicle,On Roadway,"Sideswipe, same direction",Unknown,None Indicated,,Dark - unknown roadway lighting,Wet,"Fog, smoke, smog",None apparent,Non-intersection:  Non-junction/no special feature,Paved,,Property Damage Only,0,0,0,0,0,0,2500,2,1,,POINT (-93.214174289522 43.16222389003)
2014829431,201465354,11/22/2014,11-November,7-Saturday,18:15,1800 Hours,District 4 (Southwest),,MADISON,,Co Rd G50/SAINT CHARLES RD,Collision with:  Animal,,,Animal,None Indicated,,,,,,,Paved,,Property Damage Only,0,0,0,0,0,0,1500,1,1,,POINT (-93.880555922885 41.293499426679)
2014830124,1-14-000447,11/22/2014,11-November,7-Saturday,14:42,1400 Hours,District 4 (Southwest),,SHELBY,,Co Rd F58/STREET F58 & Co Rd M56/ROAD M56,Non-collision events:  Overturn/rollover,Shoulder,Non-collision (single vehicle),Swerving/Evasive Action,None Indicated,,Daylight,Dry,Clear,None apparent,Non-intersection:  Non-junction/no special feature,Paved,,Possible/Unknown,0,1,0,0,1,0,6000,1,1,,POINT (-95.137396010708 41.591735457738)
2014832682,2014065266,11/22/2014,11-November,7-Saturday,01:30,0100 Hours,District 1 (Central),DES MOINES,POLK,,DES MOINES ST & E 6TH ST,Collision with fixed object:  Utility pole/light support,Shoulder,Non-collision (single vehicle),"Operating vehicle in an reckless, erratic, careless, negligent manner",Alcohol (Statutory),,Dark - roadway lighted,Dry,Cloudy,None apparent,Non-intersection:  Non-junction/no special feature,Paved,,Property Damage Only,0,0,0,0,0,0,6000,1,1,,POINT (-93.610596053204 41.591954282488)
2014830738,14-7086,11/22/2014,11-November,7-Saturday,18:21,1800 Hours,District 3 (Northwest),CHEROKEE,CHEROKEE,,WALNUT ST & N 9TH ST,Collision with fixed object:  Utility pole/light support,On Roadway,Non-collision (single vehicle),Exceeded authorized speed,None Indicated,,Dark - roadway not lighted,Wet,Clear,None apparent,Non-intersection:  Non-junction/no special feature,Paved,,Minor Injury,0,1,0,1,0,0,5000,1,3,,POINT (-95.561804640664 42.753448285079)
2014831231,2014-039902,11/22/2014,11-November,7-Saturday,02:26,0200 Hours,District 6 (East Central),DUBUQUE,DUBUQUE,,LOWELL ST,Collision with fixed object:  Utility pole/light support,On Roadway,Non-collision (single vehicle),Lost Control,None Indicated,,Dark - roadway lighted,Ice/frost,Rain,None apparent,Non-intersection:  Non-junction/no special feature,Paved,,Property Damage Only,0,0,0,0,0,0,4000,1,1,,POINT (-90.680565823271 42.512031235452)
2014829468,14-002657,11/22/2014,11-November,7-Saturday,15:27,1500 Hours,District 1 (Central),ALTOONA,POLK,,8TH ST SW,Collision with:  Vehicle in traffic,On Roadway,Rear-end (front to rear),Followed too close,None Indicated,,Daylight,Dry,Cloudy,None apparent,Non-intersection:  Non-junction/no special feature,Paved,,Possible/Unknown,0,1,0,0,1,0,1020,2,2,,POINT (-93.50681130064 41.644160108655)
2014829918,201404298,11/22/2014,11-November,7-Saturday,20:14,2000 Hours,District 6 (East Central),,LINN,I-380,I-380,Collision with fixed object:  Traffic sign support,Shoulder,Non-collision (single vehicle),Crossed centerline (undivided),None Indicated,,Dark - roadway not lighted,Wet,Cloudy,None apparent,Non-intersection:  Non-junction/no special feature,Paved,,Property Damage Only,0,0,0,0,0,0,6000,1,1,,POINT (-91.70148175895 42.089687817225)
2014830569,14-005532,11/22/2014,11-November,7-Saturday,10:25,1000 Hours,District 1 (Central),AMES,STORY,US 69,US 69/LINCOLN WAY & S SHERMAN AVE,Collision with:  Vehicle in traffic,On Roadway,Rear-end (front to rear),Followed too close,None Indicated,,Daylight,Wet,Cloudy,None apparent,Non-intersection:  Non-junction/no special feature,Paved,,Property Damage Only,0,0,0,0,0,0,6998,2,3,,POINT (-93.612129126063 42.022899877498)
2014831221,2014-013935,11/22/2014,11-November,7-Saturday,03:13,0300 Hours,District 6 (East Central),,DUBUQUE,,OAKLAND FARMS RD,Collision with fixed object:  Ditch,On Roadway,Non-collision (single vehicle),Ran off road - right,None Indicated,,Dark - roadway not lighted,Ice/frost,Unknown,"Surface condition (e.g., wet, icy)",Non-intersection:  Non-junction/no special feature,Paved,,Property Damage Only,0,0,0,0,0,0,2000,1,1,,POINT (-90.73000587423 42.447508293237)
2014829575,2014-80793,11/22/2014,11-November,7-Saturday,20:38,2000 Hours,District 6 (East Central),DAVENPORT,SCOTT,I-280,I-280,Collision with:  Vehicle in traffic,On Roadway,Rear-end (front to rear),Other (explain in narrative):  Other,None Indicated,,Dark - roadway not lighted,Wet,"Fog, smoke, smog",None apparent,Non-intersection:  Non-junction/no special feature,Paved,,Property Damage Only,0,0,0,0,0,0,7000,2,2,,POINT (-90.674413439869 41.516227485948)
2014831106,1400001038,11/22/2014,11-November,7-Saturday,00:30,0000 Hours,District 1 (Central),LE GRAND,MARSHALL,,Co Rd E35/MAIN ST RD,Collision with fixed object:  Ditch,Shoulder,Non-collision (single vehicle),Ran off road - right,Alcohol (Statutory),,Dark - roadway not lighted,Dry,Clear,None apparent,Non-intersection:  Non-junction/no special feature,Paved,,Property Damage Only,0,0,0,0,0,0,10000,1,1,,POINT (-92.834112198701 42.053134271942)
2014829430,2014065301,11/22/2014,11-November,7-Saturday,10:45,1000 Hours,District 5 (Southeast),DES MOINES,WARREN,IA 5,IA 5/IOWA 5,Collision with:  Animal,,,Animal,None Indicated,,,,,,,Paved,,Property Damage Only,0,0,0,0,0,0,2000,1,1,,POINT (-93.580875086427 41.50475528292)
2014829869,P14-013076,11/22/2014,11-November,7-Saturday,12:21,1200 Hours,District 1 (Central),WEBSTER CITY,HAMILTON,,BANK ST & SUPERIOR ST,Collision with:  Vehicle in traffic,On Roadway,Head-on (front to front),FTYROW:  Making left turn,None Indicated,,Daylight,Wet,Clear,None apparent,Intersection:  Four-way intersection,Paved,,Property Damage Only,0,0,0,0,0,0,7000,2,4,,POINT (-93.815824598827 42.46661983598)
2014829626,14-005066,11/22/2014,11-November,7-Saturday,17:20,1700 Hours,District 1 (Central),ANKENY,POLK,I-35,I-35,Collision with:  Vehicle in traffic,On Roadway,Rear-end (front to rear),Driving too fast for conditions,None Indicated,,Dark - roadway not lighted,Wet,Rain,None apparent,"Interchange-related:  Off-ramp, diverge area",Paved,,Possible/Unknown,0,1,0,0,1,0,12000,2,3,,POINT (-93.574999747523 41.701646987424)
2014829657,1400001039,11/22/2014,11-November,7-Saturday,03:23,0300 Hours,District 1 (Central),LE GRAND,MARSHALL,IA 14,IA 14/REED AVE & Co Rd E63/290TH ST,Collision with fixed object:  Ditch,Unknown,Non-collision (single vehicle),Unknown,None Indicated,,Dark - unknown roadway lighting,Dry,Cloudy,None apparent,Intersection:  T-intersection,Paved,,Property Damage Only,0,0,0,0,0,0,3501,1,1,,POINT (-92.916793441216 41.934795209934)
2014829460,2014-80771,11/22/2014,11-November,7-Saturday,18:08,1800 Hours,District 6 (East Central),DAVENPORT,SCOTT,,W LOCUST ST & LOOKOUT LN,Collision with:  Vehicle in traffic,On Roadway,Rear-end (front to rear),Followed too close,None Indicated,,Dark - roadway lighted,Wet,Rain,"Surface condition (e.g., wet, icy)",Non-intersection:  Alley,Paved,,Property Damage Only,0,0,0,0,0,0,12000,3,3,,POINT (-90.607383281275 41.53824151852)
2014829567,14-041122-1,11/22/2014,11-November,7-Saturday,02:40,0200 Hours,District 6 (East Central),,IOWA,I-80,I-80,Non-collision events:  Jackknife,On Roadway,"Sideswipe, same direction",Swerving/Evasive Action,None Indicated,,Dark - roadway not lighted,Wet,Cloudy,None apparent,Non-intersection:  Non-junction/no special feature,Paved,,Property Damage Only,0,0,0,0,0,0,3000,2,2,,POINT (-91.841455874704 41.68726577799)
2014830259,14-8075,11/22/2014,11-November,7-Saturday,09:10,0900 Hours,District 2 (Northeast),BANCROFT,KOSSUTH,,Co Rd A42/360 ST,Collision with:  Vehicle in traffic,On Roadway,Rear-end (front to rear),Crossed centerline (undivided),None Indicated,,Daylight,Wet,"Fog, smoke, smog",None apparent,Non-intersection:  Non-junction/no special feature,Paved,,Possible/Unknown,0,3,0,0,2,1,7000,2,5,,POINT (-94.214052152772 43.283920471271)
2014830043,,11/22/2014,11-November,7-Saturday,19:18,1900 Hours,District 6 (East Central),WILLIAMSBURG,IOWA,,STATE ST,Collision with:  Vehicle in traffic,On Roadway,Rear-end (front to rear),Swerving/Evasive Action,Alcohol (Statutory),,Dark - roadway lighted,Dry,Cloudy,None apparent,Non-intersection:  Non-junction/no special feature,Paved,,Property Damage Only,0,0,0,0,0,0,1500,2,3,,POINT (-92.006981881706 41.661731234873)
2014829936,14-1445,11/22/2014,11-November,7-Saturday,17:53,1700 Hours,District 1 (Central),CLIVE,POLK,,UNIVERSITY AVE,Collision with:  Vehicle in traffic,On Roadway,Rear-end (front to rear),Followed too close,None Indicated,,Dark - roadway lighted,Wet,Rain,None apparent,Intersection:  Four-way intersection,Paved,,Possible/Unknown,0,1,0,0,1,0,5000,2,4,,POINT (-93.774401939959 41.600443195914)
2014831867,1411221756,11/22/2014,11-November,7-Saturday,17:55,1700 Hours,District 6 (East Central),,JONES,,Co Rd E28/RIDGE RD E-28,Collision with:  Animal,,,Animal,None Indicated,,,,,,,Paved,,Property Damage Only,0,0,0,0,0,0,3500,1,1,,POINT (-91.325870863661 42.117063850149)
2014829541,2014065307,11/22/2014,11-November,7-Saturday,11:29,1100 Hours,District 2 (Northeast),,WINNESHIEK,,295TH AVE,Collision with:  Vehicle in traffic,On Roadway,Broadside (front to side),FTYROW:  From driveway,None Indicated,,Daylight,Wet,"Fog, smoke, smog",None apparent,Non-intersection:  Driveway access (within),Unpaved,,Property Damage Only,0,0,0,0,0,0,4200,2,2,,POINT (-91.982710046979 43.155137285558)
2014829618,14-049344,11/22/2014,11-November,7-Saturday,17:25,1700 Hours,District 4 (Southwest),COUNCIL BLUFFS,POTTAWATTAMIE,,AVE E,Collision with:  Vehicle in traffic,On Roadway,Unknown,Unknown,None Indicated,,Dusk,"Mud, dirt",Cloudy,None apparent,Non-intersection:  Non-junction/no special feature,Paved,,Property Damage Only,0,0,0,0,0,0,1500,2,2,,POINT (-95.870013903912 41.266221354483)
2014829795,14-009852,11/22/2014,11-November,7-Saturday,21:15,2100 Hours,District 2 (Northeast),,CLAYTON,,JASPER AVE,Non-collision events:  Overturn/rollover,On Roadway,Non-collision (single vehicle),Swerving/Evasive Action,None Indicated,,Dark - roadway not lighted,"Mud, dirt",Rain,None apparent,Non-intersection:  Non-junction/no special feature,Unpaved,,Property Damage Only,0,0,0,0,0,0,10000,1,1,,POINT (-91.245316769687 43.016779123591)
2014829564,14-021122-01,11/22/2014,11-November,7-Saturday,14:26,1400 Hours,District 6 (East Central),,IOWA,I-80,I-80,Collision with fixed object:  Other fixed object (explain in narrative),On Roadway,Non-collision (single vehicle),Improper Backing,None Indicated,,Daylight,Wet,Cloudy,None apparent,Non-intersection:  Crossover-related,Paved,,Property Damage Only,0,0,0,0,0,0,6450,1,1,,POINT (-92.196980213775 41.696037542056)
2014829633,14-5914,11/22/2014,11-November,7-Saturday,03:14,0300 Hours,District 1 (Central),WEST DES MOINES,POLK,,GRAND AVE,Collision with fixed object:  Curb/island/raised median,On Roadway,Non-collision (single vehicle),Exceeded authorized speed,None Indicated,,Dark - roadway lighted,Wet,Rain,None apparent,Non-intersection:  Non-junction/no special feature,Paved,,Possible/Unknown,0,1,0,0,1,0,12500,1,1,,POINT (-93.732897150819 41.568847697386)
2014832753,14-17323,11/22/2014,11-November,7-Saturday,15:45,1500 Hours,District 6 (East Central),,JACKSON,US 61,US 61 & Co Rd Y53/HURSTVILLE RD/ESGATE RD,Collision with:  Vehicle in traffic,On Roadway,Broadside (front to side),FTYROW:  From stop sign,None Indicated,,Daylight,Wet,"Fog, smoke, smog",None apparent,Intersection:  T-intersection,Paved,,Minor Injury,0,2,0,2,0,0,13000,2,3,,POINT (-90.683309865041 42.09749229861)
2014829338,14-38521,11/22/2014,11-November,7-Saturday,12:33,1200 Hours,District 3 (Northwest),SIOUX CITY,WOODBURY,,18TH ST & JONES ST,Collision with:  Vehicle in traffic,On Roadway,Broadside (front to side),Unknown,None Indicated,,Daylight,Wet,Cloudy,None apparent,Intersection:  Four-way intersection,Paved,,Possible/Unknown,0,1,0,0,1,0,2600,2,2,,POINT (-96.400928921321 42.509132292389)
2014831243,2104-039908,11/22/2014,11-November,7-Saturday,12:42,1200 Hours,District 6 (East Central),DUBUQUE,DUBUQUE,,PENNSYLVANIA AVE & SYLVAN DR,Collision with:  Other non-fixed object (explain in narrative),On Roadway,Non-collision (single vehicle),Swerving/Evasive Action,None Indicated,,Daylight,Wet,Rain,"Surface condition (e.g., wet, icy)",Intersection:  T-intersection,Paved,,Property Damage Only,0,0,0,0,0,0,2100,1,2,,POINT (-90.727493367947 42.50048160542)
2014829717,14-049304,11/22/2014,11-November,7-Saturday,11:33,1100 Hours,District 4 (Southwest),COUNCIL BLUFFS,POTTAWATTAMIE,,24TH AVE & S 10TH ST,Collision with:  Vehicle in traffic,On Roadway,Broadside (front to side),Other (explain in narrative):  No improper action,None Indicated,,Daylight,Wet,Cloudy,None apparent,Intersection:  Four-way intersection,Paved,,Property Damage Only,0,0,0,0,0,0,1500,2,2,,POINT (-95.859077494314 41.238267743893)
2014892596,14680888,11/22/2014,11-November,7-Saturday,01:24,0100 Hours,District 5 (Southeast),,MONROE,,,Collision with fixed object:  Ditch,On Roadway,Non-collision (single vehicle),Driving too fast for conditions,Under Influence of Alcohol/Drugs/Medications,,Dark - roadway not lighted,Wet,Rain,None apparent,Non-intersection:  Non-junction/no special feature,,,Possible/Unknown,0,2,0,0,2,0,4500,1,2,,POINT (-92.891267840917 41.011154399865)
2014829994,2014065314,11/22/2014,11-November,7-Saturday,13:36,1300 Hours,District 5 (Southeast),,CLARKE,I-35,I-35,Collision with fixed object:  Guardrail - face,Median,Non-collision (single vehicle),Swerving/Evasive Action,None Indicated,,Daylight,Wet,Cloudy,None apparent,Non-intersection:  Non-junction/no special feature,Paved,,Property Damage Only,0,0,0,0,0,0,3500,1,1,,POINT (-93.788244778365 41.138414933438)
2014831176,14-41687,11/22/2014,11-November,7-Saturday,01:59,0100 Hours,District 5 (Southeast),,DES MOINES,,DMC HWY 34,Collision with fixed object:  Utility pole/light support,On Roadway,Non-collision (single vehicle),Crossed centerline (undivided),None Indicated,,Dark - roadway not lighted,Wet,Cloudy,None apparent,Non-intersection:  Non-junction/no special feature,Paved,,Possible/Unknown,0,1,0,0,1,0,14000,1,1,,POINT (-91.287495805757 40.84649487661)
2014831930,2014065277,11/22/2014,11-November,7-Saturday,06:05,0600 Hours,District 2 (Northeast),DENVER,BREMER,US 63,US 63/SW RAMP CURV,Collision with:  Animal,,,Animal,None Indicated,,,,,,,Paved,,Property Damage Only,0,0,0,0,0,0,5000,1,1,,POINT (-92.343769095992 42.667391627966)
2014829395,2014-80777,11/22/2014,11-November,7-Saturday,19:00,1900 Hours,District 6 (East Central),DAVENPORT,SCOTT,US 67,US 67/GAINES ST/W 2ND ST,Collision with:  Vehicle in traffic,On Roadway,"Angle, oncoming left turn",FTYROW:  Making left turn,None Indicated,,Dark - roadway lighted,Dry,Cloudy,None apparent,Intersection:  Four-way intersection,Paved,,Property Damage Only,0,0,0,0,0,0,1600,2,3,,POINT (-90.583392485315 41.521302850348)
2014835165,2014006652,11/22/2014,11-November,7-Saturday,10:34,1000 Hours,District 2 (Northeast),,HANCOCK,,Co Rd R38/LADD AVE,Non-collision events:  Overturn/rollover,On Roadway,Non-collision (single vehicle),Swerving/Evasive Action,None Indicated,,Daylight,"Mud, dirt","Fog, smoke, smog",None apparent,Non-intersection:  Driveway access (within),Unpaved,,Major Injury,0,1,1,0,0,0,5000,1,1,,POINT (-93.75399339334 42.954717212525)
2014829784,,11/22/2014,11-November,7-Saturday,01:30,0100 Hours,District 5 (Southeast),NEW SHARON,MAHASKA,,E HIGH ST & N ELM ST,Collision with fixed object:  Other fixed object (explain in narrative),Roadside,Non-collision (single vehicle),Driving too fast for conditions,Refused,,Dark - roadway lighted,Ice/frost,"Sleet, hail","Surface condition (e.g., wet, icy)",Intersection:  Four-way intersection,Paved,,Minor Injury,0,1,0,1,0,0,30000,1,1,,POINT (-92.65026592819 41.470588370392)
2014831737,201400056990,11/22/2014,11-November,7-Saturday,23:56,2300 Hours,District 5 (Southeast),OTTUMWA,WAPELLO,,E 4TH ST & N JEFFERSON ST,Collision with:  Vehicle in traffic,On Roadway,"Angle, oncoming left turn",Unknown,None Indicated,,Dark - roadway lighted,Wet,Rain,None apparent,Non-intersection:  Non-junction/no special feature,Paved,,Property Damage Only,0,0,0,0,0,0,5500,2,4,,POINT (-92.407101416817 41.016986451396)
2014829721,14-1889,11/22/2014,11-November,7-Saturday,09:57,0900 Hours,District 1 (Central),,GREENE,US 30,US 30/220TH,Collision with:  Other non-fixed object (explain in narrative),On Roadway,Non-collision (single vehicle),Swerving/Evasive Action,None Indicated,,Daylight,Wet,Rain,"Surface condition (e.g., wet, icy)",Non-intersection:  Other non-intersection (explain in narrative),Paved,,Possible/Unknown,0,1,0,0,1,0,8000,1,1,,POINT (-94.472894882847 42.034579985729)
2014829302,20140034745,11/22/2014,11-November,7-Saturday,17:19,1700 Hours,District 1 (Central),DES MOINES,POLK,US 69,US 69/SE 14TH ST,Collision with:  Vehicle in traffic,On Roadway,Rear-end (front to rear),Swerving/Evasive Action,None Indicated,,Dark - roadway lighted,Wet,Cloudy,Other (explain in narrative),Non-intersection:  Other non-intersection (explain in narrative),Paved,,Property Damage Only,0,0,0,0,0,0,1500,2,3,,POINT (-93.596867403494 41.583856792697)
2014830074,14017225,11/23/2014,11-November,1-Sunday,00:30,0000 Hours,District 6 (East Central),,CEDAR,,Co Rd Y14/UNION AVE,Non-collision events:  Overturn/rollover,Outside trafficway,Non-collision (single vehicle),Ran off road - left,None Indicated,,Dark - roadway not lighted,Wet,Rain,None apparent,Non-intersection:  Non-junction/no special feature,Paved,,Property Damage Only,0,0,0,0,0,0,4000,1,1,,POINT (-90.976795237995 41.710653500823)
2014829860,1400001043,11/23/2014,11-November,1-Sunday,23:30,2300 Hours,District 1 (Central),,MARSHALL,,Co Rd S52/EASTMAN AVE/MAIN ST RD,Collision with fixed object:  Ditch,On Roadway,Non-collision (single vehicle),Swerving/Evasive Action,None Indicated,,Dark - roadway not lighted,Slush,Snow,"Surface condition (e.g., wet, icy)",Non-intersection:  Non-junction/no special feature,Paved,,Property Damage Only,0,0,0,0,0,0,3800,1,2,,POINT (-93.16552520672 42.04846037832)
2014829527,14-115584,11/23/2014,11-November,1-Sunday,16:51,1600 Hours,District 2 (Northeast),EVANSDALE,BLACK HAWK,,EVANS RD,Collision with:  Vehicle in traffic,On Roadway,"Angle, oncoming left turn",Crossed centerline (undivided),None Indicated,,Dark - roadway lighted,Wet,Rain,None apparent,Intersection:  Four-way intersection,Paved,,Property Damage Only,0,0,0,0,0,0,8500,2,2,,POINT (-92.287845570174 42.473299777864)
2014829921,201404312,11/23/2014,11-November,1-Sunday,19:30,1900 Hours,District 6 (East Central),PALO,LINN,,Co Rd E36/BLAIRS FERRY RD/SHELLSBURG RD & HOLLENBECK RD,Collision with fixed object:  Traffic sign support,On Roadway,Non-collision (single vehicle),Driving too fast for conditions,None Indicated,,Dark - roadway not lighted,Wet,"Fog, smoke, smog",None apparent,Non-intersection:  Non-junction/no special feature,Paved,,Property Damage Only,0,0,0,0,0,0,2700,1,1,,POINT (-91.809173366611 42.066124602781)
2014829288,20140034802,11/23/2014,11-November,1-Sunday,07:19,0700 Hours,District 1 (Central),DES MOINES,POLK,US 69,US 69/E 14TH ST & E GRAND AVE,Collision with:  Vehicle in traffic,On Roadway,"Sideswipe, same direction",Lost Control,None Indicated,,Dark - roadway lighted,Wet,Rain,None apparent,Intersection:  Four-way intersection,Paved,,Property Damage Only,0,0,0,0,0,0,1700,2,2,,POINT (-93.597999422753 41.593425622692)
2014830301,201417578,11/23/2014,11-November,1-Sunday,23:20,2300 Hours,District 6 (East Central),CEDAR RAPIDS,LINN,,EDGEWOOD RD NW,Collision with:  Vehicle in traffic,On Roadway,"Sideswipe, same direction",Ran off road - left,None Indicated,,Dark - roadway lighted,Wet,Rain,None apparent,Non-intersection:  Non-junction/no special feature,Paved,,Property Damage Only,0,0,0,0,0,0,4000,2,2,,POINT (-91.709303062356 41.997857164394)
2014829790,W14-115652,11/23/2014,11-November,1-Sunday,22:33,2200 Hours,District 2 (Northeast),WATERLOO,BLACK HAWK,US 63,US 63/E MULLAN AVE & CONGER ST & NEWELL ST,Collision with:  Vehicle in traffic,On Roadway,Rear-end (front to rear),Other (explain in narrative):  Other,Refused,,Dark - roadway lighted,Dry,Clear,None apparent,Intersection:  Four-way intersection,Paved,,Possible/Unknown,0,1,0,0,1,0,2000,2,2,,POINT (-92.33665740354 42.513128300613)
2014831114,14004015,11/23/2014,11-November,1-Sunday,06:30,0600 Hours,District 5 (Southeast),,KEOKUK,,195TH ST,Non-collision events:  Overturn/rollover,On Roadway,Non-collision (single vehicle),Swerving/Evasive Action,None Indicated,,Dark - roadway not lighted,Wet,Rain,"Surface condition (e.g., wet, icy)",Non-intersection:  Non-junction/no special feature,Unpaved,,Possible/Unknown,0,1,0,0,1,0,8000,1,1,,POINT (-92.330246565331 41.3726638565)
2014830694,2014065423,11/23/2014,11-November,1-Sunday,03:20,0300 Hours,District 5 (Southeast),,JEFFERSON,,190TH ST,Collision with fixed object:  Ditch,Shoulder,Non-collision (single vehicle),Ran off road - left,None Indicated,,Dark - roadway not lighted,Dry,Clear,None apparent,Non-intersection:  Non-junction/no special feature,Unpaved,,Possible/Unknown,0,1,0,0,0,1,2800,2,2,,POINT (-92.179533226876 41.031481425734)
2014829290,20140034833,11/23/2014,11-November,1-Sunday,14:01,1400 Hours,District 1 (Central),DES MOINES,POLK,US 69,US 69/SE 14TH ST & HART AVE,Collision with:  Vehicle in traffic,On Roadway,Broadside (front to side),FTYROW:  From stop sign,None Indicated,,Daylight,Wet,Rain,None apparent,Intersection:  Four-way intersection,Paved,,Property Damage Only,0,0,0,0,0,0,5000,3,6,,POINT (-93.596811676573 41.530876117009)
2014829630,14-3768,11/23/2014,11-November,1-Sunday,22:43,2200 Hours,District 1 (Central),FORT DODGE,WEBSTER,,N 32ND ST,Collision with:  Vehicle in traffic,On Roadway,Rear-end (front to rear),Driver Distraction:  Manual operation of an electronic communication device,None Indicated,,Dark - roadway not lighted,Wet,Clear,None apparent,Non-intersection:  Non-junction/no special feature,Paved,,Property Damage Only,0,0,0,0,0,0,8500,2,3,,POINT (-94.148700412743 42.520494017385)
2014832290,14-048823,11/23/2014,11-November,1-Sunday,20:24,2000 Hours,District 5 (Southeast),,MUSCATINE,,Co Rd X43/HAMPTON AVE,Collision with fixed object:  Ditch,On Roadway,Non-collision (single vehicle),Equipment failure,Alcohol (Statutory),,Dark - roadway not lighted,Wet,"Fog, smoke, smog",None apparent,Non-intersection:  Non-junction/no special feature,Paved,,Minor Injury,0,1,0,1,0,0,15000,1,1,,POINT (-91.239119694224 41.37419033642)
2014829594,14-5937,11/23/2014,11-November,1-Sunday,14:43,1400 Hours,District 1 (Central),WEST DES MOINES,POLK,,MILLS CIVIC PKWY,Collision with:  Vehicle in traffic,On Roadway,Rear-end (front to rear),Other (explain in narrative):  Other,None Indicated,,Daylight,Wet,Rain,None apparent,Intersection:  Four-way intersection,Paved,,Property Damage Only,0,0,0,0,0,0,1700,3,3,,POINT (-93.784257358917 41.559096265801)
2014829548,14-35949,11/23/2014,11-November,1-Sunday,03:55,0300 Hours,District 5 (Southeast),,LEE,,Co Rd W62/ARGYLE RD,Collision with:  Animal,,,Animal,None Indicated,,,,,,,Paved,,Property Damage Only,0,0,0,0,0,0,3500,1,1,,POINT (-91.539451905225 40.484763847619)
2014829796,14-009867,11/23/2014,11-November,1-Sunday,14:47,1400 Hours,District 2 (Northeast),,CLAYTON,IA 3,IA 3/IOWA 3 & DELTA AVE,Non-collision events:  Overturn/rollover,On Roadway,Non-collision (single vehicle),Ran off road - right,None Indicated,,Daylight,Wet,Rain,None apparent,Non-intersection:  Non-junction/no special feature,Paved,,Property Damage Only,0,0,0,0,0,0,5000,1,1,,POINT (-91.477597132661 42.657884281573)
2014834534,14-260,11/23/2014,11-November,1-Sunday,16:31,1600 Hours,District 2 (Northeast),WAVERLY,BREMER,IA 116,IA 116/4TH ST SW & 7TH AVE SW,Collision with:  Vehicle in traffic,On Roadway,Rear-end (front to rear),Swerving/Evasive Action,None Indicated,,Dusk,Wet,Rain,"Surface condition (e.g., wet, icy)",Intersection:  Four-way intersection,Paved,,Property Damage Only,0,0,0,0,0,0,1500,2,2,,POINT (-92.475591191368 42.719015311885)
2014836102,14-07982,11/23/2014,11-November,1-Sunday,23:13,2300 Hours,District 2 (Northeast),OELWEIN,FAYETTE,IA 150,IA 150/PALACE RD,Collision with:  Animal,On Roadway,Non-collision (single vehicle),Animal,None Indicated,,Dark - roadway not lighted,Dry,Clear,None apparent,Non-intersection:  Non-junction/no special feature,Paved,,Property Damage Only,0,0,0,0,0,0,1500,1,1,,POINT (-91.909941008536 42.654187671649)
2014829484,14-2622,11/23/2014,11-November,1-Sunday,19:56,1900 Hours,District 1 (Central),URBANDALE,POLK,,DOUGLAS AVE,Collision with:  Vehicle in traffic,On Roadway,Rear-end (front to rear),Followed too close,None Indicated,,Dark - roadway lighted,Wet,Rain,None apparent,Intersection:  Four-way intersection,Paved,,Property Damage Only,0,0,0,0,0,0,6000,2,2,,POINT (-93.774460713157 41.629436894682)