Iowa DOT Case Number,Law Enforcement Case Number,Date of Crash,Month of Crash,Day of Week,Time of Crash,Hour,DOT District,City Name,County Name,Route with System,Location Description,First Harmful Event,Location of First Harmful Event,Manner of Crash/Collision,Major Cause,Drug or Alcohol ,Environmental Conditions,Light Conditions,Surface Conditions,Weather Conditions,Roadway Contribution,Roadway Type,Roadway Surface,Work Zone,Crash Severity,Number of Fatalities,Number of Injuries,Number of Major Injuries,Number of Minor Injuries,Number of Possible Injuries,Number of Unknown Injuries,Amount of Property Damage,Number of Vehicles Involved,Total Number of Occupants,Travel Direction,Location
2014829829,20140034963,11/24/2014,11-November,2-Monday,14:28,1400 Hours,District 1 (Central),DES MOINES,POLK,IA 163,IA 163/E UNIVERSITY AVE & E 28TH ST & E 28TH CT,Collision with:  Vehicle in traffic,On Roadway,Unknown,Driving too fast for conditions,None Indicated,,Daylight,Ice/frost,Cloudy,"Surface condition (e.g., wet, icy)",Non-intersection:  Non-junction/no special feature,Paved,,Property Damage Only,0,0,0,0,0,0,2500,2,3,,POINT (-93.562377187988 41.600513950616)
2014829957,14-048859,11/24/2014,11-November,2-Monday,05:53,0500 Hours,District 5 (Southeast),MUSCATINE,MUSCATINE,,LEROY ST & BIDWELL RD,Collision with fixed object:  Other fixed object (explain in narrative),On Roadway,Non-collision (single vehicle),Swerving/Evasive Action,None Indicated,,Dark - roadway lighted,Snow,Snow,"Surface condition (e.g., wet, icy)",Intersection:  T-intersection,Paved,,Property Damage Only,0,0,0,0,0,0,6000,1,2,,POINT (-91.044977661943 41.439237333862)
2014831605,,11/24/2014,11-November,2-Monday,06:40,0600 Hours,District 2 (Northeast),,WINNEBAGO,,Co Rd A42/360TH ST,Collision with:  Other non-fixed object (explain in narrative),On Roadway,Non-collision (single vehicle),Driving too fast for conditions,None Indicated,,Unknown,Ice/frost,"Sleet, hail","Surface condition (e.g., wet, icy)",Non-intersection:  Driveway access (within),Paved,,Property Damage Only,0,0,0,0,0,0,1650,1,1,,POINT (-93.725024202504 43.277485413331)
2014830026,C14003759,11/24/2014,11-November,2-Monday,16:43,1600 Hours,District 6 (East Central),CORALVILLE,JOHNSON,,HOLIDAY RD,Collision with:  Vehicle in traffic,On Roadway,"Sideswipe, opposite direction",Crossed centerline (undivided),None Indicated,,Dark - roadway lighted,Slush,Snow,None apparent,Non-intersection:  Non-junction/no special feature,Paved,,Possible/Unknown,0,2,0,0,2,0,8200,2,2,,POINT (-91.60078305273 41.696043961426)
2014829617,S14-115693,11/24/2014,11-November,2-Monday,02:20,0200 Hours,District 2 (Northeast),,BLACK HAWK,,Co Rd D35/W SCHROCK RD,Non-collision events:  Overturn/rollover,Roadside,Non-collision (single vehicle),Crossed centerline (undivided),None Indicated,,Dark - roadway not lighted,Snow,Snow,None apparent,Non-intersection:  Non-junction/no special feature,Paved,,Property Damage Only,0,0,0,0,0,0,2000,1,2,,POINT (-92.422792374978 42.399327558231)
2014830077,14-009907,11/24/2014,11-November,2-Monday,17:57,1700 Hours,District 2 (Northeast),,CLAYTON,IA 13,IA 13/IOWA 13,Collision with:  Animal,,,Animal,None Indicated,,,,,,,Paved,,Property Damage Only,0,0,0,0,0,0,1500,1,1,,POINT (-91.454964597203 42.778458932236)
2014832640,,11/24/2014,11-November,2-Monday,16:45,1600 Hours,District 6 (East Central),,JOHNSON,I-80,I-80,Collision with fixed object:  Guardrail - face,On Roadway,Non-collision (single vehicle),Unknown,None Indicated,,Dusk,Ice/frost,Snow,,Non-intersection:  Non-junction/no special feature,Paved,,Property Damage Only,0,0,0,0,0,0,4536,1,1,,POINT (-91.469896265666 41.680622173022)
2014829824,20140035003,11/24/2014,11-November,2-Monday,22:20,2200 Hours,District 1 (Central),DES MOINES,POLK,,EASTER LAKE DR & SE 36TH ST,Non-collision events:  Other non-collision (explain in narrative),On Roadway,Non-collision (single vehicle),Ran off road - straight,None Indicated,,Dark - roadway lighted,Dry,Clear,None apparent,Intersection:  Other intersection (explain in narrative),Unpaved,,Major Injury,0,1,1,0,0,0,2000,1,2,,POINT (-93.544427149448 41.536441376773)
2014829849,2014013139,11/24/2014,11-November,2-Monday,12:54,1200 Hours,District 6 (East Central),IOWA CITY,JOHNSON,US 6,US 6,Collision with:  Vehicle in traffic,On Roadway,"Sideswipe, same direction",Driving too fast for conditions,None Indicated,,Daylight,Snow,Snow,"Surface condition (e.g., wet, icy)",Intersection:  T-intersection,Paved,,Property Damage Only,0,0,0,0,0,0,2000,2,2,,POINT (-91.494563873966 41.633608056991)
2014830265,14178475,11/24/2014,11-November,2-Monday,19:57,1900 Hours,District 6 (East Central),,JOHNSON,,295TH ST,Collision with fixed object:  Other fixed object (explain in narrative),Outside trafficway,Non-collision (single vehicle),Swerving/Evasive Action,None Indicated,,Dark - roadway not lighted,Snow,Snow,None apparent,Non-intersection:  Non-junction/no special feature,Unpaved,,Property Damage Only,0,0,0,0,0,0,17000,1,1,,POINT (-91.784175245279 41.717963973692)
2014829305,20140034904,11/24/2014,11-November,2-Monday,07:35,0700 Hours,District 1 (Central),DES MOINES,POLK,,FRANKLIN AVE & 48TH ST,Collision with:  Vehicle in traffic,On Roadway,Broadside (front to side),Other (explain in narrative):  Other,None Indicated,,Daylight,Dry,Cloudy,None apparent,Intersection:  Four-way intersection,Paved,,Property Damage Only,0,0,0,0,0,0,6500,2,3,,POINT (-93.682681008434 41.611238622607)
2014829997,2014065535,11/24/2014,11-November,2-Monday,07:10,0700 Hours,District 2 (Northeast),,ALLAMAKEE,,Co Rd X42/LANSING HARPERS RD,Collision with fixed object:  Ditch,On Roadway,Non-collision (single vehicle),Ran off road - right,None Indicated,,Daylight,Ice/frost,Snow,"Surface condition (e.g., wet, icy)",Non-intersection:  Non-junction/no special feature,Paved,,Minor Injury,0,1,0,1,0,0,15000,1,1,,POINT (-91.23255399971 43.297506946409)
2014831486,2014065709,11/24/2014,11-November,2-Monday,15:38,1500 Hours,District 2 (Northeast),,CLAYTON,,Co Rd X56/GREAT RIVER RD,Collision with fixed object:  Ditch,Roadside,Non-collision (single vehicle),Driving too fast for conditions,None Indicated,,Daylight,Ice/frost,"Sleet, hail","Surface condition (e.g., wet, icy)",Non-intersection:  Non-junction/no special feature,Paved,,Property Damage Only,0,0,0,0,0,0,10000,1,1,,POINT (-91.152999064905 42.886818235749)
2014829309,20140034927,11/24/2014,11-November,2-Monday,09:50,0900 Hours,District 1 (Central),DES MOINES,POLK,,PORTER AVE & FLEUR DR,Collision with fixed object:  Traffic sign support,Median,Non-collision (single vehicle),Crossed centerline (undivided),None Indicated,,Daylight,Dry,Cloudy,None apparent,Intersection:  Four-way intersection,Paved,,Property Damage Only,0,0,0,0,0,0,2500,1,1,,POINT (-93.645063924869 41.533750128995)
2014832041,,11/24/2014,11-November,2-Monday,08:11,0800 Hours,District 2 (Northeast),,WINNESHIEK,IA 139,IA 139/IOWA 139,Non-collision events:  Overturn/rollover,On Roadway,Non-collision (single vehicle),Driving too fast for conditions,None Indicated,,Daylight,,Snow,"Surface condition (e.g., wet, icy)",Non-intersection:  Non-junction/no special feature,Paved,,Property Damage Only,0,0,0,0,0,0,10000,1,1,,POINT (-92.058209912322 43.414448842783)
2014829307,20140034916,11/24/2014,11-November,2-Monday,08:50,0800 Hours,District 1 (Central),DES MOINES,POLK,,UNIVERSITY AVE & 47TH ST,Collision with:  Vehicle in traffic,On Roadway,Rear-end (front to rear),Followed too close,None Indicated,,Daylight,Dry,Cloudy,None apparent,Intersection:  T-intersection,Paved,,Property Damage Only,0,0,0,0,0,0,2000,2,2,,POINT (-93.681354513011 41.600374787187)
2014830139,14-24066,11/24/2014,11-November,2-Monday,10:59,1000 Hours,District 6 (East Central),,SCOTT,,Co Rd F33/BLUFF RD,Collision with fixed object:  Other fixed object (explain in narrative),Roadside,Non-collision (single vehicle),Ran off road - right,None Indicated,,Daylight,Snow,Snow,"Surface condition (e.g., wet, icy)",Non-intersection:  Non-junction/no special feature,Paved,,Property Damage Only,0,0,0,0,0,0,5000,1,1,,POINT (-90.376485136805 41.705526040679)
2014829792,W14-115720,11/24/2014,11-November,2-Monday,06:32,0600 Hours,District 2 (Northeast),WATERLOO,BLACK HAWK,,MARTIN LUTHER KING JR DR,Collision with:  Vehicle in traffic,On Roadway,Head-on (front to front),Crossed centerline (undivided),None Indicated,,Dark - roadway lighted,Ice/frost,Clear,None apparent,Non-intersection:  Non-junction/no special feature,Paved,,Property Damage Only,0,0,0,0,0,0,6000,2,2,,POINT (-92.3090680374 42.503680294619)
2014832436,,11/24/2014,11-November,2-Monday,18:45,1800 Hours,District 6 (East Central),CEDAR RAPIDS,LINN,,32ND ST NE & OAKLAND RD NE,Collision with:  Vehicle in traffic,On Roadway,"Angle, oncoming left turn",Unknown,None Indicated,,Dark - roadway lighted,Wet,"Sleet, hail",,Intersection:  Four-way intersection,Paved,,Property Damage Only,0,0,0,0,0,0,2900,2,2,,POINT (-91.658377394536 42.010386508687)
2014829911,201400004318,11/24/2014,11-November,2-Monday,13:15,1300 Hours,District 6 (East Central),PALO,LINN,,Co Rd E36/SHELLSBURG RD,Non-collision events:  Overturn/rollover,Roadside,Non-collision (single vehicle),Crossed centerline (undivided),None Indicated,,Daylight,Ice/frost,Cloudy,"Surface condition (e.g., wet, icy)",Non-intersection:  Non-junction/no special feature,Paved,,Possible/Unknown,0,1,0,0,1,0,5000,1,1,,POINT (-91.814999674838 42.066103859928)
2014830226,14-31156,11/24/2014,11-November,2-Monday,17:31,1700 Hours,District 1 (Central),NEWTON,JASPER,IA 14,IA 14/IOWA 14 N,Collision with:  Animal,,,Animal,None Indicated,,,,,,,Paved,,Property Damage Only,0,0,0,0,0,0,6000,1,1,,POINT (-93.057827550905 41.734451693508)
2014829897,2014-24063,11/24/2014,11-November,2-Monday,10:32,1000 Hours,District 6 (East Central),RIVERDALE,SCOTT,,FENNO RD,Collision with fixed object:  Utility pole/light support,On Roadway,Non-collision (single vehicle),Ran off road - right,None Indicated,,Daylight,Ice/frost,Snow,"Surface condition (e.g., wet, icy)",Non-intersection:  Non-junction/no special feature,Paved,,Property Damage Only,0,0,0,0,0,0,5200,1,1,,POINT (-90.457908642499 41.547001881644)
2014836341,,11/24/2014,11-November,2-Monday,17:25,1700 Hours,District 5 (Southeast),WILTON,MUSCATINE,,W SUMMIT ST & E SUMMIT ST & MAURER ST,Collision with:  Vehicle in traffic,On Roadway,Unknown,Unknown,None Indicated,,Dark - roadway lighted,Ice/frost,Snow,"Surface condition (e.g., wet, icy)",Intersection:  Four-way intersection,Paved,,Property Damage Only,0,0,0,0,0,0,3500,2,2,,POINT (-91.016887668132 41.593789805633)
2014848164,2014-8835,11/24/2014,11-November,2-Monday,19:04,1900 Hours,District 6 (East Central),ELDRIDGE,SCOTT,,Co Rd Y64/162 AVE,Collision with:  Vehicle in traffic,On Roadway,"Sideswipe, opposite direction",Crossed centerline (undivided),None Indicated,,Dark - unknown roadway lighting,Ice/frost,"Sleet, hail","Surface condition (e.g., wet, icy)",Non-intersection:  Non-junction/no special feature,Paved,,Property Damage Only,0,0,0,0,0,0,6500,2,3,,POINT (-90.583425010863 41.663810924838)
2014831935,2014065546,11/24/2014,11-November,2-Monday,07:40,0700 Hours,District 1 (Central),,MARSHALL,US 30,US 30/240TH ST,Non-collision events:  Overturn/rollover,On Roadway,Non-collision (single vehicle),Driving too fast for conditions,None Indicated,,Daylight,Ice/frost,Cloudy,"Surface condition (e.g., wet, icy)",Non-intersection:  Non-junction/no special feature,Paved,,Possible/Unknown,0,1,0,0,1,0,5200,1,1,,POINT (-92.822410152426 42.006822756692)
2014831487,2014065736,11/24/2014,11-November,2-Monday,18:18,1800 Hours,District 2 (Northeast),,FRANKLIN,I-35,I-35,Collision with:  Vehicle in traffic,On Roadway,"Sideswipe, opposite direction",Cargo/equipment loss or shift,None Indicated,,Dark - roadway not lighted,Ice/frost,Snow,None apparent,Non-intersection:  Non-junction/no special feature,Paved,,Possible/Unknown,0,1,0,0,0,1,4000,2,8,,POINT (-93.350753694095 42.890682007108)
2014832988,,11/24/2014,11-November,2-Monday,06:15,0600 Hours,District 2 (Northeast),,WINNEBAGO,,Co Rd A42/145TH AVE,Non-collision events:  Overturn/rollover,On Roadway,Non-collision (single vehicle),Driving too fast for conditions,None Indicated,,Dark - roadway not lighted,Ice/frost,"Fog, smoke, smog","Surface condition (e.g., wet, icy)",Non-intersection:  Driveway access (within),Paved,,Property Damage Only,0,0,0,0,0,0,10000,1,1,,POINT (-93.686002820341 43.276132276411)
2014829884,14-3777,11/24/2014,11-November,2-Monday,18:20,1800 Hours,District 1 (Central),FORT DODGE,WEBSTER,,1ST AVE N & N 9TH ST,Collision with:  Vehicle in traffic,On Roadway,Rear-end (front to rear),Followed too close,None Indicated,,Dark - roadway lighted,Dry,Cloudy,None apparent,Non-intersection:  Non-junction/no special feature,Paved,,Property Damage Only,0,0,0,0,0,0,2500,2,3,,POINT (-94.186378155069 42.506259366602)
2014831669,1409966,11/24/2014,11-November,2-Monday,10:52,1000 Hours,District 5 (Southeast),WASHINGTON,WASHINGTON,,N 2ND AVE,Collision with:  Vehicle in traffic,On Roadway,Broadside (front to side),FTYROW:  From parked position,None Indicated,,Daylight,Wet,Snow,None apparent,Non-intersection:  Non-junction/no special feature,Paved,,Property Damage Only,0,0,0,0,0,0,8000,2,2,,POINT (-91.69041456509 41.299695333204)
2014829867,2014-81050,11/24/2014,11-November,2-Monday,06:40,0600 Hours,District 6 (East Central),DAVENPORT,SCOTT,I-80,I-80,Collision with fixed object:  Other fixed object (explain in narrative),On Roadway,Non-collision (single vehicle),Ran off road - left,None Indicated,,Daylight,Snow,Snow,"Surface condition (e.g., wet, icy)",Non-intersection:  Non-junction/no special feature,Paved,,Property Damage Only,0,0,0,0,0,0,3000,1,1,,POINT (-90.526200567263 41.596207741618)
2014831137,2014-013956,11/24/2014,11-November,2-Monday,08:38,0800 Hours,District 6 (East Central),,DUBUQUE,,NEW MELLERAY RD,Collision with:  Vehicle in traffic,On Roadway,"Sideswipe, opposite direction",Crossed centerline (undivided),None Indicated,,Daylight,Snow,Snow,"Surface condition (e.g., wet, icy)",Non-intersection:  Non-junction/no special feature,Paved,,Property Damage Only,0,0,0,0,0,0,6500,2,2,,POINT (-90.810770828852 42.411842766379)
2014833416,14-081124-02,11/24/2014,11-November,2-Monday,10:30,1000 Hours,District 6 (East Central),,IOWA,,Co Rd V77/P AVE,Collision with fixed object:  Ditch,Roadside,Non-collision (single vehicle),Swerving/Evasive Action,None Indicated,,Daylight,Ice/frost,"Sleet, hail","Surface condition (e.g., wet, icy)",Non-intersection:  Non-junction/no special feature,Paved,,Possible/Unknown,0,1,0,0,1,0,2500,1,1,,POINT (-92.006629652081 41.758012662239)
2014830242,2014065538,11/24/2014,11-November,2-Monday,07:22,0700 Hours,District 6 (East Central),,JONES,,Co Rd E34/CO RD E-34,,On Roadway,Non-collision (single vehicle),Ran off road - left,None Indicated,,Daylight,Snow,Snow,"Surface condition (e.g., wet, icy)",Non-intersection:  Driveway access (within),Paved,,Property Damage Only,0,0,0,0,0,0,2900,1,1,,POINT (-91.297966105178 42.095759086115)
2014832272,14048904,11/24/2014,11-November,2-Monday,14:00,1400 Hours,District 5 (Southeast),,MUSCATINE,IA 22,IA 22/IOWA 22,Collision with fixed object:  Bridge overhead structure,On Roadway,Non-collision (single vehicle),Driving too fast for conditions,None Indicated,,Daylight,Ice/frost,"Blowing sand, soil, dirt",None apparent,Non-intersection:  Other non-intersection (explain in narrative),Paved,,Possible/Unknown,0,1,0,0,1,0,2000,1,1,,POINT (-91.210727785561 41.458481382954)
2014829573,14-5950,11/24/2014,11-November,2-Monday,06:40,0600 Hours,District 1 (Central),WEST DES MOINES,POLK,I-235,I-235,Collision with fixed object:  Utility pole/light support,Outside trafficway,Non-collision (single vehicle),Swerving/Evasive Action,None Indicated,,Dark - roadway lighted,Dry,Cloudy,None apparent,Non-intersection:  Non-junction/no special feature,Paved,,Minor Injury,0,1,0,1,0,0,11665,1,1,,POINT (-93.762365434083 41.592228006342)
2014829306,20140034906,11/24/2014,11-November,2-Monday,08:05,0800 Hours,District 1 (Central),DES MOINES,POLK,,WALNUT ST & 15TH ST,Collision with:  Vehicle in traffic,On Roadway,Broadside (front to side),FTYROW:  From stop sign,None Indicated,,Daylight,Dry,Cloudy,None apparent,Intersection:  Four-way intersection,Paved,,Property Damage Only,0,0,0,0,0,0,2000,2,2,,POINT (-93.636368556964 41.583419760953)
2014830305,201417615,11/24/2014,11-November,2-Monday,14:30,1400 Hours,District 6 (East Central),CEDAR RAPIDS,LINN,,32ND ST NE & GLASS RD NE & CENTER POINT RD NE,Collision with:  Vehicle in traffic,On Roadway,"Angle, oncoming left turn",FTYROW:  Making left turn,Alcohol (Statutory),,Daylight,Ice/frost,Snow,None apparent,Intersection:  Four-way intersection,Paved,,Property Damage Only,0,0,0,0,0,0,5000,2,4,,POINT (-91.663084696028 42.010504482488)
2014830683,2014-81162,11/24/2014,11-November,2-Monday,16:00,1600 Hours,District 6 (East Central),DAVENPORT,SCOTT,,E 46TH ST,Collision with fixed object:  Tree,Roadside,Non-collision (single vehicle),Crossed centerline (undivided),None Indicated,,Dark - roadway lighted,Snow,Snow,"Surface condition (e.g., wet, icy)",Non-intersection:  Non-junction/no special feature,Unpaved,,Property Damage Only,0,0,0,0,0,0,3200,1,1,,POINT (-90.530951657784 41.567570780273)
2014831249,,11/24/2014,11-November,2-Monday,09:05,0900 Hours,District 1 (Central),MONROE,JASPER,IA 14,IA 14/S MONROE ST/IOWA 14 & COUNTY LINE RD,Collision with:  Vehicle in traffic,On Roadway,"Sideswipe, same direction",FTYROW:  From stop sign,None Indicated,,Daylight,Dry,Clear,None apparent,Intersection:  Four-way intersection,Paved,,Property Damage Only,0,0,0,0,0,0,16900,2,3,,POINT (-93.101027984703 41.508294523663)
2014830235,14-018557,11/24/2014,11-November,2-Monday,10:59,1000 Hours,District 2 (Northeast),,FLOYD,US 18,US 18/US HWY 18,Non-collision events:  Jackknife,On Roadway,Non-collision (single vehicle),Ran off road - right,None Indicated,,Daylight,Ice/frost,Snow,"Surface condition (e.g., wet, icy)",Non-intersection:  Other non-intersection (explain in narrative),Paved,,Property Damage Only,0,0,0,0,0,0,10000,1,2,,POINT (-92.717718628872 43.057042859177)
2014829800,1411242622,11/24/2014,11-November,2-Monday,15:35,1500 Hours,District 6 (East Central),,CLINTON,US 67,US 67,Collision with:  Vehicle in traffic,On Roadway,Head-on (front to front),Crossed centerline (undivided),None Indicated,,Daylight,Ice/frost,"Sleet, hail","Surface condition (e.g., wet, icy)",Non-intersection:  Non-junction/no special feature,Paved,,Possible/Unknown,0,2,0,0,2,0,24500,3,3,,POINT (-90.198831166718 41.947699938461)
2014830215,14-041922,11/24/2014,11-November,2-Monday,15:35,1500 Hours,District 5 (Southeast),WEST BURLINGTON,DES MOINES,,W AGENCY RD,Collision with:  Vehicle in traffic,On Roadway,"Sideswipe, same direction",FTYROW:  Other (explain in narrative),None Indicated,,Daylight,Wet,Snow,None apparent,Intersection:  Four-way intersection,Paved,,Property Damage Only,0,0,0,0,0,0,2500,2,3,,POINT (-91.158280469027 40.813138479665)
2014831025,,11/24/2014,11-November,2-Monday,23:46,2300 Hours,District 5 (Southeast),,LUCAS,,260TH AVE,Collision with fixed object:  Utility pole/light support,Outside trafficway,Non-collision (single vehicle),Swerving/Evasive Action,None Indicated,,Dark - roadway not lighted,"Mud, dirt",Clear,None apparent,Non-intersection:  Non-junction/no special feature,Unpaved,,Major Injury,0,1,1,0,0,0,5000,1,1,,POINT (-93.250847855295 41.049208490774)
2014829262,14-7788,11/24/2014,11-November,2-Monday,11:45,1100 Hours,District 1 (Central),ALTOONA,POLK,US 6,US 6/HUBBELL AVE/NE RAMP/SPEC CASE/FREDERICK M HUBBELL AVE,Collision with:  Vehicle in traffic,On Roadway,Broadside (front to side),Ran Traffic Signal,None Indicated,,Daylight,Dry,Cloudy,None apparent,Intersection:  Four-way intersection,Paved,,Property Damage Only,0,0,0,0,0,0,2000,2,3,,POINT (-93.511897504309 41.648055694988)
2014829465,C14115732,11/24/2014,11-November,2-Monday,08:25,0800 Hours,District 2 (Northeast),CEDAR FALLS,BLACK HAWK,IA 27,IA 27,Collision with:  Vehicle in traffic,On Roadway,"Sideswipe, same direction",Driving too fast for conditions,None Indicated,,Daylight,Slush,Rain,"Surface condition (e.g., wet, icy)",Non-intersection:  Non-junction/no special feature,Paved,,Possible/Unknown,0,1,0,0,1,0,3500,2,2,,POINT (-92.445943784553 42.485826685146)
2014829582,2014-81128,11/24/2014,11-November,2-Monday,14:54,1400 Hours,District 6 (East Central),DAVENPORT,SCOTT,,E 29TH ST & EASTERN AVE,Collision with:  Vehicle in traffic,On Roadway,Broadside (front to side),Driving too fast for conditions,None Indicated,,Daylight,Ice/frost,Snow,None apparent,Non-intersection:  Non-junction/no special feature,Paved,,Possible/Unknown,0,1,0,0,1,0,1250,2,2,,POINT (-90.551442026553 41.549284982827)
2014829963,14-6110,11/24/2014,11-November,2-Monday,18:25,1800 Hours,District 6 (East Central),HIAWATHA,LINN,,SHERMAN RD & CENTER POINT RD,Collision with:  Vehicle in traffic,On Roadway,"Sideswipe, same direction",Driving too fast for conditions,None Indicated,,Dark - roadway lighted,Other (explain in narrative),Snow,"Surface condition (e.g., wet, icy)",Non-intersection:  Non-junction/no special feature,Paved,,Property Damage Only,0,0,0,0,0,0,5000,2,4,,POINT (-91.688015524315 42.051365880935)
2014832271,14048892,11/24/2014,11-November,2-Monday,11:57,1100 Hours,District 5 (Southeast),,MUSCATINE,US 61,US 61,Collision with:  Animal,,,Animal,None Indicated,,,,,,,Paved,,Property Damage Only,0,0,0,0,0,0,8000,1,1,,POINT (-90.983913142545 41.48937775142)
2014829233,W14-115735,11/24/2014,11-November,2-Monday,08:33,0800 Hours,District 2 (Northeast),WATERLOO,BLACK HAWK,,HUNTINGTON RD & KATOSKI DR,Collision with:  Vehicle in traffic,On Roadway,"Sideswipe, same direction",Made improper turn,None Indicated,,Daylight,Snow,"Sleet, hail","Surface condition (e.g., wet, icy)",Intersection:  Four-way intersection,Paved,,Property Damage Only,0,0,0,0,0,0,6500,2,2,,POINT (-92.396589064788 42.491170099405)
2014829866,2014-81048,11/24/2014,11-November,2-Monday,06:11,0600 Hours,District 6 (East Central),DAVENPORT,SCOTT,I-80,I-80,Collision with fixed object:  Guardrail - face,Roadside,Non-collision (single vehicle),Driving too fast for conditions,None Indicated,,Dark - roadway lighted,Snow,Snow,"Surface condition (e.g., wet, icy)",Non-intersection:  Non-junction/no special feature,Paved,,Property Damage Only,0,0,0,0,0,0,2500,1,1,,POINT (-90.623797838865 41.599951713691)
2014829574,14-5951,11/24/2014,11-November,2-Monday,07:53,0700 Hours,District 1 (Central),WEST DES MOINES,POLK,,ASHWORTH RD & 58TH ST,Collision with:  Vehicle in traffic,On Roadway,Broadside (front to side),FTYROW:  From stop sign,None Indicated,,Daylight,Dry,Cloudy,None apparent,Intersection:  Four-way intersection,Paved,,Property Damage Only,0,0,0,0,0,0,11000,2,3,,POINT (-93.787263043794 41.58442209429)
2014831488,2014065738,11/24/2014,11-November,2-Monday,18:38,1800 Hours,District 6 (East Central),CORALVILLE,JOHNSON,I-80,I-80,Collision with fixed object:  Concrete traffic barrier (median or right side),On Roadway,Non-collision (single vehicle),Driving too fast for conditions,None Indicated,,Dark - roadway not lighted,Ice/frost,Snow,"Surface condition (e.g., wet, icy)",Non-intersection:  Other non-intersection (explain in narrative),Paved,,Property Damage Only,0,0,0,0,0,0,5500,1,1,,POINT (-91.557754527551 41.685586412386)
2014834176,2014065645,11/24/2014,11-November,2-Monday,13:20,1300 Hours,District 1 (Central),,GRUNDY,US 20,US 20,Non-collision events:  Overturn/rollover,On Roadway,Non-collision (single vehicle),Driving too fast for conditions,None Indicated,,Daylight,Ice/frost,"Blowing sand, soil, dirt","Surface condition (e.g., wet, icy)",Non-intersection:  Non-junction/no special feature,Paved,,Property Damage Only,0,0,0,0,0,0,2500,1,2,,POINT (-92.699515281232 42.46358178249)
2014847713,14001396,11/24/2014,11-November,2-Monday,05:07,0500 Hours,District 1 (Central),,STORY,I-35,I-35,Collision with:  Animal,On Roadway,Non-collision (single vehicle),Animal,None Indicated,,Dark - roadway not lighted,Dry,Clear,None apparent,Non-intersection:  Non-junction/no special feature,Paved,,Property Damage Only,0,0,0,0,0,0,5000,1,1,,POINT (-93.56944276666 42.151425959257)
2014833141,2014-81100,11/24/2014,11-November,2-Monday,12:07,1200 Hours,District 6 (East Central),DAVENPORT,SCOTT,,E 38TH ST,Collision with fixed object:  Utility pole/light support,On Roadway,Non-collision (single vehicle),Driving too fast for conditions,None Indicated,,Daylight,Wet,Snow,None apparent,Non-intersection:  Non-junction/no special feature,Paved,,Possible/Unknown,0,1,0,0,1,0,5000,1,1,,POINT (-90.564959621534 41.55838943767)
2014830227,14007388,11/24/2014,11-November,2-Monday,16:49,1600 Hours,District 2 (Northeast),PLYMOUTH,CERRO GORDO,,BROAD ST & MAIN ST,Collision with:  Vehicle in traffic,On Roadway,Rear-end (front to rear),Improper Backing,None Indicated,,Dark - roadway lighted,Snow,Snow,None apparent,Non-intersection:  Non-junction/no special feature,Paved,,Property Damage Only,0,0,0,0,0,0,4000,2,3,,POINT (-93.123264646809 43.245534979167)
2014831136,2014-013864,11/24/2014,11-November,2-Monday,15:13,1500 Hours,District 6 (East Central),,DUBUQUE,,PERU RD & RIVERSIDE DR,Non-collision events:  Overturn/rollover,On Roadway,Non-collision (single vehicle),Crossed centerline (undivided),None Indicated,,Daylight,Slush,Cloudy,None apparent,Non-intersection:  Non-junction/no special feature,Paved,,Property Damage Only,0,0,0,0,0,0,2000,1,3,,POINT (-90.684520819691 42.556858000549)
2014829959,14-048905,11/24/2014,11-November,2-Monday,14:01,1400 Hours,District 5 (Southeast),MUSCATINE,MUSCATINE,US 61,US 61 & HERSHEY AVE,Collision with:  Vehicle in traffic,On Roadway,"Sideswipe, same direction",Other (explain in narrative):  No improper action,None Indicated,,Daylight,Ice/frost,Snow,"Surface condition (e.g., wet, icy)",Non-intersection:  Non-junction/no special feature,Paved,,Property Damage Only,0,0,0,0,0,0,4000,2,2,,POINT (-91.088382635732 41.416666080959)
2014829254,14024889,11/24/2014,11-November,2-Monday,07:34,0700 Hours,District 6 (East Central),MARION,LINN,,29TH AVE,Collision with fixed object:  Other fixed object (explain in narrative),Shoulder,Non-collision (single vehicle),Driving too fast for conditions,None Indicated,,Daylight,Ice/frost,Cloudy,None apparent,Non-intersection:  Non-junction/no special feature,Paved,,Property Damage Only,0,0,0,0,0,0,4000,1,1,,POINT (-91.565627377186 42.050315625441)