Iowa DOT Case Number,Law Enforcement Case Number,Date of Crash,Month of Crash,Day of Week,Time of Crash,Hour,DOT District,City Name,County Name,Route with System,Location Description,First Harmful Event,Location of First Harmful Event,Manner of Crash/Collision,Major Cause,Drug or Alcohol ,Environmental Conditions,Light Conditions,Surface Conditions,Weather Conditions,Roadway Contribution,Roadway Type,Roadway Surface,Work Zone,Crash Severity,Number of Fatalities,Number of Injuries,Number of Major Injuries,Number of Minor Injuries,Number of Possible Injuries,Number of Unknown Injuries,Amount of Property Damage,Number of Vehicles Involved,Total Number of Occupants,Travel Direction,Location
2014830071,14-017273,11/24/2014,11-November,2-Monday,07:25,0700 Hours,District 6 (East Central),TIPTON,CEDAR,IA 38,IA 38/IOWA 38,Collision with:  Vehicle in traffic,On Roadway,"Sideswipe, opposite direction",Crossed centerline (undivided),None Indicated,,Daylight,Snow,Snow,None apparent,Non-intersection:  Non-junction/no special feature,Paved,,Property Damage Only,0,0,0,0,0,0,14000,3,3,,POINT (-91.132636003717 41.700881454352)
2014829887,14-5965,11/24/2014,11-November,2-Monday,20:05,2000 Hours,District 4 (Southwest),WEST DES MOINES,DALLAS,,S 88TH ST & BOONEVILLE RD,,On Roadway,Non-collision (single vehicle),Ran off road - right,None Indicated,,Dark - roadway lighted,"Mud, dirt",Clear,None apparent,Intersection:  T-intersection,Unpaved,,Property Damage Only,0,0,0,0,0,0,9500,1,1,,POINT (-93.828568385988 41.545013397852)
2014832266,14-48871,11/24/2014,11-November,2-Monday,08:33,0800 Hours,District 5 (Southeast),,MUSCATINE,US 61,US 61,Collision with:  Vehicle in traffic,On Roadway,Rear-end (front to rear),Ran off road - left,None Indicated,,Daylight,Wet,"Blowing sand, soil, dirt","Surface condition (e.g., wet, icy)",Non-intersection:  Non-junction/no special feature,Paved,,Property Damage Only,0,0,0,0,0,0,7000,2,2,,POINT (-90.966396458911 41.498697486815)
2014831039,,11/24/2014,11-November,2-Monday,08:05,0800 Hours,District 6 (East Central),CEDAR RAPIDS,LINN,,12TH AVE SE & 3RD ST SE,Collision with:  Vehicle in traffic,On Roadway,Rear-end (front to rear),Unknown,None Indicated,,Daylight,Ice/frost,"Sleet, hail",,Intersection:  Four-way intersection,Paved,,Property Damage Only,0,0,0,0,0,0,2420,2,2,,POINT (-91.658170825904 41.970215463174)
2014832548,14115912,11/24/2014,11-November,2-Monday,23:14,2300 Hours,District 2 (Northeast),CEDAR FALLS,BLACK HAWK,,MAIN ST,Collision with fixed object:  Curb/island/raised median,On Roadway,Non-collision (single vehicle),Over correcting/over steering,None Indicated,,Dark - roadway lighted,Dry,Cloudy,None apparent,Non-intersection:  Non-junction/no special feature,Paved,,Property Damage Only,0,0,0,0,0,0,4100,1,1,,POINT (-92.445506450739 42.52844016332)
2014830232,S14-115774,11/24/2014,11-November,2-Monday,07:10,0700 Hours,District 2 (Northeast),GILBERTVILLE,BLACK HAWK,,Co Rd D38/E WASHBURN RD,Collision with fixed object:  Utility pole/light support,Outside trafficway,Non-collision (single vehicle),Ran off road - right,None Indicated,,Dawn,Ice/frost,Snow,"Surface condition (e.g., wet, icy)",Non-intersection:  Non-junction/no special feature,Paved,,Property Damage Only,0,0,0,0,0,0,5500,1,1,,POINT (-92.238739180528 42.413671293473)
2014829232,W14-115729,11/24/2014,11-November,2-Monday,08:03,0800 Hours,District 2 (Northeast),WATERLOO,BLACK HAWK,,W CONGER ST,Collision with fixed object:  Bridge overhead structure,On Roadway,Non-collision (single vehicle),Ran off road - right,None Indicated,,Daylight,Ice/frost,Cloudy,"Surface condition (e.g., wet, icy)",Non-intersection:  Other non-intersection (explain in narrative),Paved,,Property Damage Only,0,0,0,0,0,0,5000,1,3,,POINT (-92.364609395418 42.511638623779)
2014830054,W14-115710,11/24/2014,11-November,2-Monday,05:20,0500 Hours,District 2 (Northeast),WATERLOO,BLACK HAWK,I-380,I-380 & TEXAS ST,Collision with:  Vehicle in traffic,On Roadway,"Sideswipe, same direction",Driving too fast for conditions,None Indicated,,Dark - roadway lighted,Ice/frost,Cloudy,None apparent,Interchange-related:  Off-ramp,Paved,,Property Damage Only,0,0,0,0,0,0,1500,2,2,,POINT (-92.308805563643 42.455668509424)
2014834177,2014065757,11/24/2014,11-November,2-Monday,23:00,2300 Hours,District 2 (Northeast),,BREMER,US 218,US 218,Collision with fixed object:  Ditch,Roadside,Non-collision (single vehicle),Swerving/Evasive Action,None Indicated,,Dark - roadway not lighted,Ice/frost,"Blowing sand, soil, dirt","Surface condition (e.g., wet, icy)",Non-intersection:  Non-junction/no special feature,Paved,,Possible/Unknown,0,1,0,0,1,0,25000,1,1,,POINT (-92.53416923281 42.790294548649)
2014830164,2014013153,11/24/2014,11-November,2-Monday,16:22,1600 Hours,District 6 (East Central),IOWA CITY,JOHNSON,,KIRKWOOD AVE & SUMMIT ST,Collision with:  Vehicle in traffic,On Roadway,Broadside (front to side),Driving too fast for conditions,None Indicated,,Daylight,Ice/frost,Snow,"Surface condition (e.g., wet, icy)",Non-intersection:  Non-junction/no special feature,Paved,,Property Damage Only,0,0,0,0,0,0,2000,2,3,,POINT (-91.520974278618 41.649442794292)
2014829797,14-009889,11/24/2014,11-November,2-Monday,08:08,0800 Hours,District 2 (Northeast),,CLAYTON,,Co Rd X16/GUNDER RD,Collision with fixed object:  Ditch,On Roadway,Non-collision (single vehicle),Swerving/Evasive Action,None Indicated,,Daylight,Ice/frost,Snow,"Surface condition (e.g., wet, icy)",Non-intersection:  Non-junction/no special feature,Paved,,Property Damage Only,0,0,0,0,0,0,3000,1,2,,POINT (-91.417851597152 42.906931780735)
2014830429,32095-14,11/24/2014,11-November,2-Monday,14:05,1400 Hours,District 3 (Northwest),,EMMET,,240 ST,Non-collision events:  Overturn/rollover,On Roadway,Non-collision (single vehicle),Ran off road - right,None Indicated,,Daylight,Dry,Severe winds,None apparent,Non-intersection:  Non-junction/no special feature,Unpaved,,Property Damage Only,0,0,0,0,0,0,10000,1,1,,POINT (-94.863424407733 43.298891546803)
2014831938,2014065687,11/24/2014,11-November,2-Monday,14:15,1400 Hours,District 1 (Central),,POLK,I-35,I-35,Collision with:  Vehicle in traffic,On Roadway,"Sideswipe, same direction",FTYROW:  Other (explain in narrative),None Indicated,,Daylight,Dry,Cloudy,None apparent,Intersection:  Intersection with ramp,Paved,,Property Damage Only,0,0,0,0,0,0,5000,2,4,,POINT (-93.60673231111 41.649548786277)
2014830150,14-018571,11/24/2014,11-November,2-Monday,15:33,1500 Hours,District 2 (Northeast),,FLOYD,US 18,US 18 & KIRKWOOD AVE,Non-collision events:  Other non-collision (explain in narrative),On Roadway,Non-collision (single vehicle),Swerving/Evasive Action,None Indicated,,Daylight,Ice/frost,Cloudy,None apparent,Non-intersection:  Non-junction/no special feature,Paved,,Property Damage Only,0,0,0,0,0,0,2700,1,1,,POINT (-92.829925302707 43.126665711106)
2014830137,14-22843,11/24/2014,11-November,2-Monday,00:50,0000 Hours,District 6 (East Central),BETTENDORF,SCOTT,,KIMBERLY RD,Collision with:  Vehicle in traffic,On Roadway,Rear-end (front to rear),"Operating vehicle in an reckless, erratic, careless, negligent manner",Refused,,Dark - roadway lighted,Wet,Rain,None apparent,Non-intersection:  Non-junction/no special feature,Paved,,Possible/Unknown,0,1,0,0,1,0,20000,2,2,,POINT (-90.520438414783 41.535164733782)
2014832532,174-2014,11/24/2014,11-November,2-Monday,17:30,1700 Hours,District 4 (Southwest),PISGAH,HARRISON,IA 183,IA 183/1ST ST,Collision with:  Animal,,,Animal,None Indicated,,,,,,,Paved,,Property Damage Only,0,0,0,0,0,0,5000,1,1,,POINT (-95.926157344813 41.827669865146)
2014830461,2014-24058,11/24/2014,11-November,2-Monday,09:52,0900 Hours,District 6 (East Central),WALCOTT,SCOTT,,DOWNEY ST,Collision with:  Parked motor vehicle,Roadside,Rear-end (front to rear),Other (explain in narrative):  Vision obstructed,None Indicated,,Daylight,Wet,Cloudy,None apparent,Non-intersection:  Non-junction/no special feature,Paved,,Property Damage Only,0,0,0,0,0,0,2000,2,1,,POINT (-90.771548171738 41.590933479833)
2014829885,14-5958,11/24/2014,11-November,2-Monday,16:20,1600 Hours,District 1 (Central),WEST DES MOINES,POLK,,GRAND AVE,Collision with:  Vehicle in traffic,On Roadway,"Angle, oncoming left turn",FTYROW:  Making left turn,None Indicated,,Daylight,Dry,Cloudy,None apparent,Non-intersection:  Driveway access (within),Paved,,Property Damage Only,0,0,0,0,0,0,12000,2,2,,POINT (-93.704117801492 41.582673528936)
2014831961,201465619,11/24/2014,11-November,2-Monday,12:28,1200 Hours,District 1 (Central),,GRUNDY,US 20,US 20,Non-collision events:  Jackknife,On Roadway,Non-collision (single vehicle),Driving too fast for conditions,None Indicated,,Daylight,Ice/frost,"Blowing sand, soil, dirt",None apparent,Non-intersection:  Non-junction/no special feature,Paved,,Property Damage Only,0,0,0,0,0,0,20000,1,1,,POINT (-92.693092785316 42.46362780777)
2014830243,2014065675,11/24/2014,11-November,2-Monday,14:30,1400 Hours,District 6 (East Central),,CLINTON,US 61,US 61,Collision with fixed object:  Bridge overhead structure,On Roadway,Non-collision (single vehicle),Ran off road - left,None Indicated,,Daylight,Ice/frost,Rain,"Surface condition (e.g., wet, icy)",Non-intersection:  Other non-intersection (explain in narrative),Paved,,Property Damage Only,0,0,0,0,0,0,4000,1,1,,POINT (-90.567912144921 41.76565858278)
2014829898,2014-24096,11/24/2014,11-November,2-Monday,17:54,1700 Hours,District 6 (East Central),BUFFALO,SCOTT,,BUFFALO RD,Collision with fixed object:  Ditch,,,Ran off road - right,None Indicated,,,,,,,Paved,,Property Damage Only,0,0,0,0,0,0,6000,1,3,,POINT (-90.688287918332 41.471834839155)
2014830023,2014-81153,11/24/2014,11-November,2-Monday,16:40,1600 Hours,District 6 (East Central),DAVENPORT,SCOTT,,HILLANDALE RD & RESEARCH PKWY,Collision with:  Vehicle in traffic,On Roadway,"Angle, oncoming left turn",Driving too fast for conditions,None Indicated,,Dark - roadway lighted,Snow,Snow,"Surface condition (e.g., wet, icy)",Non-intersection:  Non-junction/no special feature,Paved,,Property Damage Only,0,0,0,0,0,0,3500,2,3,,POINT (-90.620934915623 41.607331725753)
2014830302,201417585,11/24/2014,11-November,2-Monday,06:59,0600 Hours,District 6 (East Central),CEDAR RAPIDS,LINN,,GLASS RD NE & OLD ORCHARD RD NE,Collision with:  Vehicle in traffic,On Roadway,Head-on (front to front),Driving too fast for conditions,None Indicated,,Daylight,Ice/frost,Cloudy,"Surface condition (e.g., wet, icy)",Non-intersection:  Non-junction/no special feature,Paved,,Property Damage Only,0,0,0,0,0,0,7500,2,2,,POINT (-91.691658654459 42.018101933374)
2014830151,14-018586,11/24/2014,11-November,2-Monday,21:57,2100 Hours,District 2 (Northeast),,FLOYD,US 18,US 18,Non-collision events:  Jackknife,Median,Non-collision (single vehicle),Ran off road - left,None Indicated,,Dark - roadway not lighted,Snow,Snow,"Surface condition (e.g., wet, icy)",Non-intersection:  Non-junction/no special feature,Paved,,Property Damage Only,0,0,0,0,0,0,30000,1,1,,POINT (-92.763154067706 43.127375434284)
2014829502,002194,11/24/2014,11-November,2-Monday,06:50,0600 Hours,District 2 (Northeast),,MITCHELL,,Co Rd T38/LANCER AVE,Non-collision events:  Overturn/rollover,Outside trafficway,Non-collision (single vehicle),Swerving/Evasive Action,None Indicated,,Dawn,Snow,Snow,"Surface condition (e.g., wet, icy)",Non-intersection:  Non-junction/no special feature,Paved,,Possible/Unknown,0,1,0,0,1,0,6000,1,1,,POINT (-92.812073606806 43.251300083605)
2014829962,14-2623,11/24/2014,11-November,2-Monday,07:27,0700 Hours,District 1 (Central),URBANDALE,POLK,,NW URBANDALE DR,Collision with:  Vehicle in traffic,On Roadway,Broadside (front to side),FTYROW:  From driveway,None Indicated,,Dawn,Dry,Cloudy,None apparent,Non-intersection:  Driveway access (within),Paved,,Property Damage Only,0,0,0,0,0,0,11000,2,2,,POINT (-93.765688056361 41.642889289071)
2014829312,20140034895,11/24/2014,11-November,2-Monday,02:50,0200 Hours,District 1 (Central),DES MOINES,POLK,,12TH ST,Collision with:  Parked motor vehicle,Unknown,Unknown,Ran off road - left,None Indicated,,Dark - roadway lighted,Wet,Rain,None apparent,Non-intersection:  Non-junction/no special feature,Paved,,Property Damage Only,0,0,0,0,0,0,9400,2,1,,POINT (-93.634452651798 41.632780896404)
2014831315,2014065612,11/24/2014,11-November,2-Monday,11:30,1100 Hours,District 6 (East Central),,BENTON,,Co Rd W26/32 AVE,Collision with:  Vehicle in traffic,On Roadway,"Sideswipe, opposite direction",Crossed centerline (undivided),None Indicated,,Daylight,Ice/frost,"Sleet, hail","Surface condition (e.g., wet, icy)",Non-intersection:  Non-junction/no special feature,Paved,,Possible/Unknown,0,1,0,0,1,0,10000,2,6,,POINT (-91.872704140307 41.965515698117)
2014829518,CL14004139,11/24/2014,11-November,2-Monday,10:14,1000 Hours,District 6 (East Central),CLINTON,CLINTON,US 30,US 30/LIBERTY AVE,Collision with fixed object:  Utility pole/light support,Roadside,Non-collision (single vehicle),Driving too fast for conditions,None Indicated,,Daylight,Snow,Snow,"Surface condition (e.g., wet, icy)",Non-intersection:  Non-junction/no special feature,Paved,,Possible/Unknown,0,1,0,0,1,0,1500,1,1,,POINT (-90.1997851612 41.829929186591)
2014829464,2014-8811,11/24/2014,11-November,2-Monday,07:41,0700 Hours,District 6 (East Central),ELDRIDGE,SCOTT,,DAVENPORT ST & DAMMANN DR & DAVENPORT CT,Collision with:  Vehicle in traffic,On Roadway,"Sideswipe, opposite direction",Lost Control,None Indicated,,Daylight,Snow,Snow,"Surface condition (e.g., wet, icy)",Non-intersection:  Non-junction/no special feature,Paved,,Property Damage Only,0,0,0,0,0,0,5500,2,3,,POINT (-90.594314472191 41.656501246181)
2014829514,2014013137,11/24/2014,11-November,2-Monday,12:53,1200 Hours,District 6 (East Central),IOWA CITY,JOHNSON,,IOWA AVE & LUCAS ST,Collision with:  Vehicle in traffic,On Roadway,Broadside (front to side),Ran Stop Sign,None Indicated,,Daylight,Wet,"Sleet, hail",None apparent,Intersection:  Four-way intersection,Paved,,Minor Injury,0,2,0,1,0,1,8000,2,2,,POINT (-91.524295947423 41.661221429226)
2014831712,2014-039965,11/24/2014,11-November,2-Monday,10:00,1000 Hours,District 6 (East Central),DUBUQUE,DUBUQUE,,KIRKWOOD ST & COX ST,Non-collision events:  Other non-collision (explain in narrative),Outside trafficway,Non-collision (single vehicle),Lost Control,None Indicated,,Daylight,Snow,Snow,"Surface condition (e.g., wet, icy)",Intersection:  T-intersection,Paved,,Property Damage Only,0,0,0,0,0,0,2900,1,1,,POINT (-90.680689625625 42.508026423781)
2014829397,2014-81063,11/24/2014,11-November,2-Monday,07:45,0700 Hours,District 6 (East Central),DAVENPORT,SCOTT,,E 6TH ST & IOWA ST,Collision with:  Parked motor vehicle,On Roadway,Head-on (front to front),Ran off road - left,None Indicated,,Daylight,Snow,Snow,"Surface condition (e.g., wet, icy)",Non-intersection:  Non-junction/no special feature,Paved,,Property Damage Only,0,0,0,0,0,0,4000,2,1,,POINT (-90.56972230944 41.52568895143)
2014830304,201417600,11/24/2014,11-November,2-Monday,10:50,1000 Hours,District 6 (East Central),CEDAR RAPIDS,LINN,IA 922,IA 922/1ST AVE E & 8TH ST SE & 8TH ST NE,Collision with:  Vehicle in traffic,On Roadway,Rear-end (front to rear),Driving too fast for conditions,None Indicated,,Daylight,Wet,Cloudy,"Surface condition (e.g., wet, icy)",Intersection:  Four-way intersection,Paved,,Property Damage Only,0,0,0,0,0,0,3450,2,2,,POINT (-91.662040617253 41.982527407866)
2014831644,14020492,11/24/2014,11-November,2-Monday,10:48,1000 Hours,District 2 (Northeast),MASON CITY,CERRO GORDO,,S POLK AVE,Collision with:  Vehicle in traffic,On Roadway,"Sideswipe, same direction",Other (explain in narrative):  Other,None Indicated,,Daylight,Snow,Cloudy,"Surface condition (e.g., wet, icy)",Non-intersection:  Driveway access (within),Paved,,Property Damage Only,0,0,0,0,0,0,1900,2,3,,POINT (-93.216089775803 43.147272250829)
2014829956,14-015345,11/24/2014,11-November,2-Monday,02:10,0200 Hours,District 4 (Southwest),,MILLS,,Co Rd H12/BARRUS RD,Non-collision events:  Overturn/rollover,On Roadway,Non-collision (single vehicle),Crossed centerline (undivided),Refused,,Dark - roadway not lighted,Dry,Clear,None apparent,Non-intersection:  Non-junction/no special feature,Paved,,Major Injury,0,1,1,0,0,0,7000,1,1,,POINT (-95.726116900019 41.130957220942)
2014829958,14-048901,11/24/2014,11-November,2-Monday,13:39,1300 Hours,District 5 (Southeast),MUSCATINE,MUSCATINE,,W 3RD ST & PINE ST,Collision with:  Vehicle in traffic,On Roadway,Broadside (front to side),FTYROW:  From stop sign,None Indicated,,Daylight,Ice/frost,"Sleet, hail",None apparent,Intersection:  Four-way intersection,Paved,,Property Damage Only,0,0,0,0,0,0,4000,2,3,,POINT (-91.048566016437 41.420942207404)
2014831146,2014-039971,11/24/2014,11-November,2-Monday,10:30,1000 Hours,District 6 (East Central),DUBUQUE,DUBUQUE,US 61,US 61,Collision with:  Vehicle in traffic,On Roadway,"Sideswipe, same direction",Lost Control,None Indicated,,Daylight,Wet,Snow,None apparent,Non-intersection:  Non-junction/no special feature,Paved,,Property Damage Only,0,0,0,0,0,0,3600,2,2,,POINT (-90.654100209846 42.513761566283)
2014833417,14-081124-03,11/24/2014,11-November,2-Monday,10:30,1000 Hours,District 6 (East Central),,IOWA,,Co Rd V77/P AVE,Collision with:  Parked motor vehicle,Shoulder,Head-on (front to front),Swerving/Evasive Action,None Indicated,,Daylight,Ice/frost,"Sleet, hail","Surface condition (e.g., wet, icy)",Non-intersection:  Non-junction/no special feature,Paved,,Possible/Unknown,0,1,0,0,1,0,4000,2,2,,POINT (-92.006629652081 41.758012662239)
2014832734,32094-14,11/24/2014,11-November,2-Monday,11:27,1100 Hours,District 3 (Northwest),,EMMET,,Co Rd A22/170 ST,Non-collision events:  Overturn/rollover,On Roadway,Non-collision (single vehicle),Ran off road - right,None Indicated,,Daylight,Dry,Severe winds,None apparent,Non-intersection:  Non-junction/no special feature,Paved,,Minor Injury,0,1,0,1,0,0,75000,1,1,,POINT (-94.503935951445 43.400486084988)
2014829503,002196,11/24/2014,11-November,2-Monday,06:40,0600 Hours,District 2 (Northeast),,MITCHELL,US 218,US 218,Non-collision events:  Jackknife,On Roadway,Non-collision (single vehicle),Driving too fast for conditions,None Indicated,,Dark - roadway not lighted,Snow,Snow,"Surface condition (e.g., wet, icy)",Non-intersection:  Non-junction/no special feature,Paved,,Property Damage Only,0,0,0,0,0,0,10000,1,1,,POINT (-92.732310343345 43.222650339327)
2014829848,2014013135,11/24/2014,11-November,2-Monday,11:22,1100 Hours,District 6 (East Central),IOWA CITY,JOHNSON,I-80,I-80,Collision with:  Vehicle in traffic,On Roadway,"Sideswipe, same direction",Swerving/Evasive Action,None Indicated,,Daylight,Wet,Rain,None apparent,Non-intersection:  Non-junction/no special feature,Paved,,Minor Injury,0,1,0,1,0,0,20000,2,2,,POINT (-91.489835037926 41.68648817977)
2014829830,20140034983,11/24/2014,11-November,2-Monday,17:11,1700 Hours,District 1 (Central),DES MOINES,POLK,,GUTHRIE AVE,Collision with:  Vehicle in traffic,On Roadway,Rear-end (front to rear),Lost Control,None Indicated,,Dark - roadway lighted,Dry,Cloudy,None apparent,Non-intersection:  Non-junction/no special feature,Paved,,Property Damage Only,0,0,0,0,0,0,4500,2,2,,POINT (-93.578646612054 41.615015918819)
2014830288,14-1451,11/24/2014,11-November,2-Monday,15:25,1500 Hours,District 1 (Central),CLIVE,POLK,US 6,US 6/HICKMAN RD & FRONTAGE RD,Collision with:  Vehicle in traffic,On Roadway,Broadside (front to side),FTYROW:  At uncontrolled intersection,None Indicated,,Daylight,Dry,Clear,None apparent,Non-intersection:  Non-junction/no special feature,Paved,,Minor Injury,0,1,0,1,0,0,5000,2,2,,POINT (-93.750365451888 41.614869986195)
2014831133,14-13618,11/24/2014,11-November,2-Monday,02:00,0200 Hours,District 3 (Northwest),,SIOUX,,460TH ST,Collision with:  Animal,,,Animal,None Indicated,,,,,,,Paved,,Property Damage Only,0,0,0,0,0,0,2000,1,1,,POINT (-96.032307856514 42.982211546249)
2014829802,1411248111,11/24/2014,11-November,2-Monday,13:47,1300 Hours,District 6 (East Central),,CLINTON,US 30,US 30,Collision with fixed object:  Bridge overhead structure,On Roadway,Non-collision (single vehicle),Lost Control,None Indicated,,Daylight,Ice/frost,"Sleet, hail",None apparent,Non-intersection:  Other non-intersection (explain in narrative),Paved,,Property Damage Only,0,0,0,0,0,0,2500,1,1,,POINT (-90.457403789197 41.813905406974)
2014830735,14-019926,11/24/2014,11-November,2-Monday,21:42,2100 Hours,District 5 (Southeast),,HENRY,,Co Rd X23/NEW LONDON RD,Collision with:  Animal,,,Animal,None Indicated,,,,,,,Paved,,Property Damage Only,0,0,0,0,0,0,3000,1,1,,POINT (-91.438138894227 40.846786724722)
2014831704,1409973,11/24/2014,11-November,2-Monday,15:05,1500 Hours,District 5 (Southeast),WASHINGTON,WASHINGTON,IA 1,IA 1/IOWA 1 & W 5TH ST,Collision with:  Vehicle in traffic,On Roadway,Broadside (front to side),FTYROW:  From stop sign,None Indicated,,Daylight,Snow,Cloudy,None apparent,Intersection:  Four-way intersection,Paved,,Possible/Unknown,0,1,0,0,1,0,5000,2,4,,POINT (-91.715591105964 41.307707448054)
2014829976,GP20140961,11/24/2014,11-November,2-Monday,07:00,0700 Hours,District 1 (Central),GRINNELL,POWESHIEK,,EAST ST,Collision with:  Vehicle in traffic,On Roadway,Rear-end (front to rear),Driving too fast for conditions,None Indicated,,Dawn,Snow,Snow,"Surface condition (e.g., wet, icy)",Non-intersection:  Non-junction/no special feature,Paved,,Property Damage Only,0,0,0,0,0,0,2500,2,2,,POINT (-92.717686984975 41.743946151145)
2014829984,14-41932,11/24/2014,11-November,2-Monday,17:05,1700 Hours,District 5 (Southeast),BURLINGTON,DES MOINES,,LEEBRICK ST,Collision with:  Vehicle in traffic,On Roadway,Rear-end (front to rear),Other (explain in narrative):  Other,None Indicated,,Dark - roadway lighted,Snow,Cloudy,None apparent,Non-intersection:  Non-junction/no special feature,Paved,,Possible/Unknown,0,2,0,0,2,0,8000,3,2,,POINT (-91.120333400999 40.807112609441)
2014833893,14-018565,11/24/2014,11-November,2-Monday,13:25,1300 Hours,District 2 (Northeast),CHARLES CITY,FLOYD,,E ST,Collision with:  Vehicle in traffic,On Roadway,Broadside (front to side),FTYROW:  From driveway,None Indicated,,Daylight,Slush,Cloudy,"Surface condition (e.g., wet, icy)",Non-intersection:  Driveway access (within),Paved,,Property Damage Only,0,0,0,0,0,0,8000,2,2,,POINT (-92.666417600257 43.065189408418)
2014831939,2014065732,11/24/2014,11-November,2-Monday,18:10,1800 Hours,District 2 (Northeast),,BLACK HAWK,,Co Rd C57/W CEDAR-WAPSI RD,Non-collision events:  Overturn/rollover,Roadside,Non-collision (single vehicle),Crossed centerline (undivided),None Indicated,,Dark - roadway not lighted,Ice/frost,Snow,"Surface condition (e.g., wet, icy)",Non-intersection:  Non-junction/no special feature,Paved,,Property Damage Only,0,0,0,0,0,0,3000,1,1,,POINT (-92.391281204113 42.614241659912)
2014829851,2014013143,11/24/2014,11-November,2-Monday,15:10,1500 Hours,District 6 (East Central),IOWA CITY,JOHNSON,US 6,US 6,Collision with:  Vehicle in traffic,On Roadway,"Sideswipe, same direction",Driving too fast for conditions,None Indicated,,Daylight,Ice/frost,Snow,None apparent,Non-intersection:  Non-junction/no special feature,Paved,,Property Damage Only,0,0,0,0,0,0,1601,2,2,,POINT (-91.538440090455 41.64708127741)
2014829284,20140034955,11/24/2014,11-November,2-Monday,12:32,1200 Hours,District 1 (Central),DES MOINES,POLK,,INGERSOLL AVE,Collision with:  Vehicle in traffic,On Roadway,Broadside (front to side),Lost Control,None Indicated,,Daylight,Dry,Snow,None apparent,Non-intersection:  Non-junction/no special feature,Paved,,Property Damage Only,0,0,0,0,0,0,4500,2,2,,POINT (-93.651063408812 41.585697386884)
2014831606,,11/24/2014,11-November,2-Monday,15:15,1500 Hours,District 2 (Northeast),,BUTLER,IA 14,IA 14/IOWA 14 & 160 ST,Non-collision events:  Overturn/rollover,Roadside,Non-collision (single vehicle),Ran off road - right,None Indicated,,Daylight,Ice/frost,"Blowing sand, soil, dirt","Surface condition (e.g., wet, icy)",Non-intersection:  Non-junction/no special feature,Paved,,Property Damage Only,0,0,0,0,0,0,5000,1,1,,POINT (-92.810075103661 42.818316826173)
2014829817,20140034997,11/24/2014,11-November,2-Monday,20:26,2000 Hours,District 1 (Central),DES MOINES,POLK,US 6,US 6/E EUCLID AVE,Collision with:  Vehicle in traffic,On Roadway,"Sideswipe, same direction",Crossed centerline (undivided),None Indicated,,Dark - roadway lighted,Dry,Clear,None apparent,Non-intersection:  Non-junction/no special feature,Paved,,Major Injury,0,1,1,0,0,0,1500,2,4,,POINT (-93.60623946314 41.627717991248)
2014830931,201417610,11/24/2014,11-November,2-Monday,12:57,1200 Hours,District 6 (East Central),CEDAR RAPIDS,LINN,US 30,US 30/LINCOLN FWY,Non-collision events:  Overturn/rollover,On Roadway,Non-collision (single vehicle),Ran off road - right,None Indicated,,Daylight,Ice/frost,Cloudy,None apparent,Non-intersection:  Non-junction/no special feature,Paved,,Possible/Unknown,0,1,0,0,1,0,5000,1,1,,POINT (-91.636761192308 41.926606030532)
2014834411,2014-007456,11/24/2014,11-November,2-Monday,05:35,0500 Hours,District 6 (East Central),,BENTON,US 30,US 30/73 ST,Collision with fixed object:  Tree,On Roadway,Non-collision (single vehicle),Driving too fast for conditions,None Indicated,,Dark - roadway not lighted,Ice/frost,Snow,"Surface condition (e.g., wet, icy)",Non-intersection:  Non-junction/no special feature,Paved,,Possible/Unknown,0,1,0,0,1,0,15000,1,1,,POINT (-92.116490138487 41.963759941579)
2014833418,14-081124-04,11/24/2014,11-November,2-Monday,12:15,1200 Hours,District 6 (East Central),,IOWA,US 6,US 6,Collision with fixed object:  Bridge overhead structure,Shoulder,Non-collision (single vehicle),Swerving/Evasive Action,None Indicated,,Daylight,Ice/frost,"Sleet, hail","Surface condition (e.g., wet, icy)",Non-intersection:  Non-junction/no special feature,Paved,,Minor Injury,0,1,0,1,0,0,2500,1,1,,POINT (-92.021297751853 41.786987575443)
2014850897,14-009449,11/24/2014,11-November,2-Monday,10:01,1000 Hours,District 5 (Southeast),,LOUISA,IA 92,IA 92/IOWA 92,Collision with:  Vehicle in traffic,On Roadway,Rear-end (front to rear),Swerving/Evasive Action,None Indicated,,Daylight,Slush,Cloudy,None apparent,Non-intersection:  Non-junction/no special feature,Paved,,Minor Injury,0,2,0,1,1,0,4500,2,4,,POINT (-91.294010800614 41.277334236758)
2014831631,14-001741,11/24/2014,11-November,2-Monday,15:22,1500 Hours,District 1 (Central),AMES,STORY,US 69,US 69/GRAND AVE,Collision with:  Vehicle in traffic,On Roadway,Rear-end (front to rear),Other (explain in narrative):  Other,None Indicated,,Daylight,Dry,Clear,None apparent,Non-intersection:  Non-junction/no special feature,Paved,,Property Damage Only,0,0,0,0,0,0,3000,2,2,,POINT (-93.620351028521 42.034924534955)
2014830887,14036008,11/24/2014,11-November,2-Monday,01:08,0100 Hours,District 5 (Southeast),,LEE,US 218,US 218,Collision with:  Animal,,,Animal,None Indicated,,,,,,,Paved,,Property Damage Only,0,0,0,0,0,0,5000,1,1,,POINT (-91.564715125506 40.690202702994)