Iowa DOT Case Number,Law Enforcement Case Number,Date of Crash,Month of Crash,Day of Week,Time of Crash,Hour,DOT District,City Name,County Name,Route with System,Location Description,First Harmful Event,Location of First Harmful Event,Manner of Crash/Collision,Major Cause,Drug or Alcohol ,Environmental Conditions,Light Conditions,Surface Conditions,Weather Conditions,Roadway Contribution,Roadway Type,Roadway Surface,Work Zone,Crash Severity,Number of Fatalities,Number of Injuries,Number of Major Injuries,Number of Minor Injuries,Number of Possible Injuries,Number of Unknown Injuries,Amount of Property Damage,Number of Vehicles Involved,Total Number of Occupants,Travel Direction,Location
2014831426,2014066264,11/26/2014,11-November,4-Wednesday,17:40,1700 Hours,District 2 (Northeast),,CERRO GORDO,US 18,US 18,Collision with fixed object:  Traffic sign support,Gore,Non-collision (single vehicle),Over correcting/over steering,None Indicated,,Dark - roadway lighted,Snow,Snow,"Surface condition (e.g., wet, icy)",Intersection:  Intersection with ramp,Paved,,Property Damage Only,0,0,0,0,0,0,3000,1,1,,POINT (-93.339734893243 43.100650807084)
2014836460,,11/26/2014,11-November,4-Wednesday,15:57,1500 Hours,District 2 (Northeast),GARNER,HANCOCK,US 69,US 69 & 11TH ST PL,Collision with:  Vehicle in traffic,On Roadway,"Sideswipe, same direction",Driving too fast for conditions,None Indicated,,Daylight,Snow,Cloudy,"Surface condition (e.g., wet, icy)",Intersection:  T-intersection,Paved,,Property Damage Only,0,0,0,0,0,0,4500,2,2,,POINT (-93.615943488777 43.092779751577)
2014830283,14-3798,11/26/2014,11-November,4-Wednesday,16:50,1600 Hours,District 1 (Central),FORT DODGE,WEBSTER,,1ST AVE S & N 27TH ST,Collision with:  Vehicle in traffic,On Roadway,Rear-end (front to rear),Driving too fast for conditions,None Indicated,,Dark - roadway lighted,Snow,Snow,"Surface condition (e.g., wet, icy)",Non-intersection:  Non-junction/no special feature,Paved,,Property Damage Only,0,0,0,0,0,0,2000,2,2,,POINT (-94.160714108731 42.505243385205)
2014830836,14049164,11/26/2014,11-November,4-Wednesday,14:16,1400 Hours,District 5 (Southeast),MUSCATINE,MUSCATINE,IA 38,IA 38/PARK AVE & GRANT ST,Collision with:  Vehicle in traffic,On Roadway,Broadside (front to side),FTYROW:  From stop sign,None Indicated,,Daylight,Dry,Cloudy,None apparent,Intersection:  Four-way intersection,Paved,,Possible/Unknown,0,1,0,0,1,0,14000,2,2,,POINT (-91.030825133947 41.4346455451)
2014831775,14-010434,11/26/2014,11-November,4-Wednesday,21:35,2100 Hours,District 4 (Southwest),MASSENA,CASS,,740TH ST,Collision with fixed object:  Ditch,On Roadway,Non-collision (single vehicle),Swerving/Evasive Action,None Indicated,,Dark - roadway not lighted,Ice/frost,Clear,None apparent,Non-intersection:  Non-junction/no special feature,Unpaved,,Property Damage Only,0,0,0,0,0,0,5000,1,1,,POINT (-94.777011166921 41.24797679613)
2014830507,1411262381,11/26/2014,11-November,4-Wednesday,18:09,1800 Hours,District 6 (East Central),,CLINTON,IA 136,IA 136/IOWA 136,Collision with:  Animal,,,Animal,None Indicated,,,,,,,Paved,,Property Damage Only,0,0,0,0,0,0,2000,1,1,,POINT (-90.525043453409 41.992772760436)
2014830342,14-005114,11/26/2014,11-November,4-Wednesday,08:32,0800 Hours,District 1 (Central),ANKENY,POLK,IA 415,IA 415/SW ORALABOR RD,Collision with fixed object:  Utility pole/light support,Shoulder,Non-collision (single vehicle),Ran off road - right,None Indicated,,Daylight,Slush,Cloudy,"Surface condition (e.g., wet, icy)",Non-intersection:  Non-junction/no special feature,Paved,,Property Damage Only,0,0,0,0,0,0,2500,1,1,,POINT (-93.634208275927 41.70333505494)
2014830796,14-0675,11/26/2014,11-November,4-Wednesday,18:23,1800 Hours,District 1 (Central),FORT DODGE,WEBSTER,,Co Rd D20/OLD HWY 20,Collision with:  Vehicle in traffic,On Roadway,"Angle, oncoming left turn",Unknown,None Indicated,,Dark - roadway lighted,Ice/frost,Snow,None apparent,Intersection:  Four-way intersection,Paved,,Property Damage Only,0,0,0,0,0,0,10500,2,5,,POINT (-94.207654717472 42.484171249054)
2014830335,CL14004161,11/26/2014,11-November,4-Wednesday,01:00,0100 Hours,District 6 (East Central),CLINTON,CLINTON,,S 15TH ST,Collision with:  Parked motor vehicle,Outside trafficway,Rear-end (front to rear),Ran off road - right,None Indicated,,Dark - roadway not lighted,Snow,Clear,"Surface condition (e.g., wet, icy)",Non-intersection:  Non-junction/no special feature,Paved,,Property Damage Only,0,0,0,0,0,0,2500,2,1,,POINT (-90.221060523431 41.832184385477)
2014830737,14-020059,11/26/2014,11-November,4-Wednesday,18:52,1800 Hours,District 5 (Southeast),,HENRY,,Co Rd J20/SALEM RD,Non-collision events:  Overturn/rollover,On Roadway,Non-collision (single vehicle),Over correcting/over steering,None Indicated,,Dark - roadway not lighted,Snow,Snow,"Surface condition (e.g., wet, icy)",Non-intersection:  Non-junction/no special feature,Paved,,Property Damage Only,0,0,0,0,0,0,5000,1,1,,POINT (-91.578934528202 40.846733760009)
2014830684,2014-81444,11/26/2014,11-November,4-Wednesday,11:20,1100 Hours,District 6 (East Central),DAVENPORT,SCOTT,,W PLEASANT ST,Collision with:  Vehicle in traffic,On Roadway,"Sideswipe, same direction",Unknown,None Indicated,,Daylight,Slush,Cloudy,None apparent,Non-intersection:  Non-junction/no special feature,Paved,,Possible/Unknown,0,1,0,0,1,0,3000,2,3,,POINT (-90.600301642679 41.539462853268)
2014831520,2014066308,11/26/2014,11-November,4-Wednesday,18:20,1800 Hours,District 1 (Central),ALTOONA,POLK,I-80,I-80,Collision with fixed object:  Guardrail - face,On Roadway,Non-collision (single vehicle),Driving too fast for conditions,None Indicated,,Dark - roadway not lighted,Snow,Snow,"Surface condition (e.g., wet, icy)",Non-intersection:  Non-junction/no special feature,Paved,,Property Damage Only,0,0,0,0,0,0,4500,1,2,,POINT (-93.452275491554 41.670562471226)
2014830125,14-3792,11/26/2014,11-November,4-Wednesday,08:00,0800 Hours,District 1 (Central),FORT DODGE,WEBSTER,,S 24TH ST,Collision with:  Parked motor vehicle,On Roadway,Unknown,Unknown,None Indicated,,Daylight,Snow,Snow,"Surface condition (e.g., wet, icy)",Non-intersection:  Non-junction/no special feature,Paved,,Property Damage Only,0,0,0,0,0,0,2000,2,1,,POINT (-94.165137325133 42.491095543675)
2014831184,4514-063,11/26/2014,11-November,4-Wednesday,19:30,1900 Hours,District 2 (Northeast),CHESTER,HOWARD,,RIVER ST & PARK ST,Collision with fixed object:  Utility pole/light support,On Roadway,Non-collision (single vehicle),Ran off road - left,None Indicated,,Unknown,Snow,Unknown,"Surface condition (e.g., wet, icy)",Intersection:  T-intersection,Paved,,Possible/Unknown,0,1,0,0,0,1,4100,1,9,,POINT (-92.354398248211 43.489899012805)
2014831534,2014066385,11/26/2014,11-November,4-Wednesday,23:30,2300 Hours,District 1 (Central),,POLK,I-35,I-35,Collision with fixed object:  Guardrail - face,Shoulder,Non-collision (single vehicle),Driving too fast for conditions,None Indicated,,Dark - roadway lighted,Ice/frost,Cloudy,"Surface condition (e.g., wet, icy)",Interchange-related:  On-ramp merge area,Paved,,Property Damage Only,0,0,0,0,0,0,4500,1,1,,POINT (-93.599494505814 41.649938042613)
2014831503,2014066062,11/26/2014,11-November,4-Wednesday,08:10,0800 Hours,District 1 (Central),,POLK,I-35,I-35,Collision with fixed object:  Concrete traffic barrier (median or right side),Median,Non-collision (single vehicle),Driving too fast for conditions,None Indicated,,Daylight,Slush,Snow,"Surface condition (e.g., wet, icy)",Non-intersection:  Non-junction/no special feature,Paved,,Property Damage Only,0,0,0,0,0,0,3000,1,1,,POINT (-93.61202783421 41.649502697346)
2014830329,2014-81381,11/26/2014,11-November,4-Wednesday,00:36,0000 Hours,District 6 (East Central),DAVENPORT,SCOTT,,W 53RD ST & RIPLEY ST,Collision with:  Vehicle in traffic,On Roadway,Rear-end (front to rear),Driver Distraction:  Manual operation of an electronic communication device,Drug,,Dark - roadway lighted,Dry,Clear,None apparent,Non-intersection:  Non-junction/no special feature,Paved,,Minor Injury,0,1,0,1,0,0,12800,2,5,,POINT (-90.577341841711 41.574547385541)
2014830702,2014066003,11/26/2014,11-November,4-Wednesday,05:20,0500 Hours,District 5 (Southeast),,WARREN,I-35,I-35,Collision with fixed object:  Concrete traffic barrier (median or right side),On Roadway,Non-collision (single vehicle),Ran off road - right,None Indicated,,Dark - roadway not lighted,Snow,Snow,"Surface condition (e.g., wet, icy)",Non-intersection:  Non-junction/no special feature,Paved,,Minor Injury,0,1,0,1,0,0,25000,1,11,,POINT (-93.7805987846 41.368317267204)
2014830930,201405616,11/26/2014,11-November,4-Wednesday,17:05,1700 Hours,District 1 (Central),,BOONE,,Co Rd E41/210TH ST,Collision with:  Vehicle in traffic,On Roadway,Rear-end (front to rear),Driving too fast for conditions,None Indicated,,Dark - roadway not lighted,Ice/frost,Snow,"Surface condition (e.g., wet, icy)",Non-intersection:  Non-junction/no special feature,Paved,,Property Damage Only,0,0,0,0,0,0,1750,2,2,,POINT (-93.838858337005 42.05652010124)
2014830130,14-5983,11/26/2014,11-November,4-Wednesday,07:02,0700 Hours,District 1 (Central),WEST DES MOINES,POLK,,RAILROAD AVE,Collision with:  Vehicle in traffic,On Roadway,Rear-end (front to rear),Driving too fast for conditions,None Indicated,,Dawn,Snow,Snow,None apparent,Intersection:  T-intersection,Paved,,Property Damage Only,0,0,0,0,0,0,6300,5,5,,POINT (-93.704046073891 41.569442314667)
2014830376,20140035192,11/26/2014,11-November,4-Wednesday,19:12,1900 Hours,District 1 (Central),DES MOINES,POLK,,SW 11TH ST,Collision with fixed object:  Guardrail - face,Outside trafficway,Non-collision (single vehicle),Driving too fast for conditions,Alcohol (Statutory),,Dark - roadway lighted,Ice/frost,Snow,None apparent,Intersection:  T-intersection,Paved,,Property Damage Only,0,0,0,0,0,0,2000,1,1,,POINT (-93.628377496426 41.526339404345)
2014831505,2014066097,11/26/2014,11-November,4-Wednesday,09:20,0900 Hours,District 1 (Central),,JASPER,US 65,US 65/US 65 N,Collision with fixed object:  Bridge overhead structure,Shoulder,Non-collision (single vehicle),Driving too fast for conditions,None Indicated,,Daylight,Snow,Snow,"Surface condition (e.g., wet, icy)",Non-intersection:  Other non-intersection (explain in narrative),Paved,,Property Damage Only,0,0,0,0,0,0,8158,1,4,,POINT (-93.312036105205 41.80710746716)
2014830333,14004035,11/26/2014,11-November,4-Wednesday,08:49,0800 Hours,District 5 (Southeast),,KEOKUK,IA 92,IA 92/IOWA 92,Non-collision events:  Overturn/rollover,On Roadway,Non-collision (single vehicle),Ran off road - right,None Indicated,,Daylight,Snow,Snow,"Surface condition (e.g., wet, icy)",Non-intersection:  Non-junction/no special feature,Paved,,Possible/Unknown,0,1,0,0,1,0,5000,1,1,,POINT (-92.266256733548 41.336756713409)
2014830783,112614-110,11/26/2014,11-November,4-Wednesday,13:32,1300 Hours,District 3 (Northwest),STORM LAKE,BUENA VISTA,,LAKE AVE & W 10TH ST & E 10TH ST,Collision with:  Vehicle in traffic,On Roadway,Rear-end (front to rear),Other (explain in narrative):  Other,None Indicated,,Daylight,Snow,Snow,"Surface condition (e.g., wet, icy)",Intersection:  Four-way intersection,Paved,,Property Damage Only,0,0,0,0,0,0,3000,2,2,,POINT (-95.200824419019 42.651070176185)
2014830289,14-1458,11/26/2014,11-November,4-Wednesday,12:00,1200 Hours,District 1 (Central),CLIVE,POLK,US 6,US 6/HICKMAN RD,Collision with:  Vehicle in traffic,On Roadway,Rear-end (front to rear),Driver Distraction:  Reaching for object(s)/fallen object(s),None Indicated,,Daylight,Wet,Cloudy,None apparent,Non-intersection:  Non-junction/no special feature,Paved,,Possible/Unknown,0,1,0,0,1,0,3600,2,2,,POINT (-93.779856039512 41.614907894247)
2014844871,2014-003532,11/26/2014,11-November,4-Wednesday,14:13,1400 Hours,District 2 (Northeast),,ALLAMAKEE,IA 9,IA 9/IOWA 9 & BOULDER DR,Collision with:  Parked motor vehicle,On Roadway,Rear-end (front to rear),Swerving/Evasive Action,None Indicated,,Daylight,Ice/frost,Clear,None apparent,Intersection:  T-intersection,Paved,,Property Damage Only,0,0,0,0,0,0,2500,2,2,,POINT (-91.338965487249 43.355568416784)
2014830317,14-5994,11/26/2014,11-November,4-Wednesday,17:20,1700 Hours,District 1 (Central),WEST DES MOINES,POLK,,S 50TH ST & PARK CIR,Collision with:  Vehicle in traffic,On Roadway,Rear-end (front to rear),Driving too fast for conditions,None Indicated,,Dark - roadway lighted,Snow,Snow,"Surface condition (e.g., wet, icy)",Intersection:  Four-way intersection,Paved,,Property Damage Only,0,0,0,0,0,0,2100,2,3,,POINT (-93.770855391891 41.554494109271)
2014830902,20144341,11/26/2014,11-November,4-Wednesday,05:25,0500 Hours,District 1 (Central),,GRUNDY,US 20,US 20,Collision with:  Animal,,,Animal,None Indicated,,,,,,,Paved,,Property Damage Only,0,0,0,0,0,0,8000,1,1,,POINT (-92.734451080096 42.462983594338)
2014831516,2014066275,11/26/2014,11-November,4-Wednesday,18:15,1800 Hours,District 1 (Central),,POWESHIEK,I-80,I-80,Collision with fixed object:  Guardrail - face,Outside trafficway,Non-collision (single vehicle),Swerving/Evasive Action,None Indicated,,Dark - roadway not lighted,Ice/frost,Snow,"Surface condition (e.g., wet, icy)",Non-intersection:  Non-junction/no special feature,Paved,,Property Damage Only,0,0,0,0,0,0,4300,1,1,,POINT (-92.667400561927 41.69559663805)
2014831522,2014066315,11/26/2014,11-November,4-Wednesday,19:40,1900 Hours,District 1 (Central),ANKENY,POLK,I-35,I-35,Collision with:  Vehicle in traffic,On Roadway,"Sideswipe, same direction",Driving too fast for conditions,None Indicated,,Dark - roadway lighted,Ice/frost,Snow,"Surface condition (e.g., wet, icy)",Interchange-related:  On-ramp,Paved,,Property Damage Only,0,0,0,0,0,0,4000,2,4,,POINT (-93.574772348307 41.654495847629)
2014830080,14025080,11/26/2014,11-November,4-Wednesday,10:11,1000 Hours,District 6 (East Central),MARION,LINN,,15TH ST & 7TH AVE,Collision with:  Vehicle in traffic,On Roadway,Broadside (front to side),Ran Stop Sign,None Indicated,,Daylight,Dry,Cloudy,None apparent,Intersection:  Four-way intersection,Paved,,Property Damage Only,0,0,0,0,0,0,2000,2,2,,POINT (-91.593940287936 42.033310865243)
2014831880,14-011978,11/26/2014,11-November,4-Wednesday,07:30,0700 Hours,District 3 (Northwest),BREDA,CARROLL,,N 3RD ST,Collision with:  Vehicle in traffic,On Roadway,Broadside (front to side),FTYROW:  From driveway,None Indicated,,Daylight,Ice/frost,Cloudy,"Surface condition (e.g., wet, icy)",Non-intersection:  Driveway access (within),Paved,,Property Damage Only,0,0,0,0,0,0,7000,2,2,,POINT (-94.978462630678 42.184752019379)
2014830590,14-38961,11/26/2014,11-November,4-Wednesday,13:58,1300 Hours,District 3 (Northwest),SIOUX CITY,WOODBURY,,W 7TH ST & BLUFF ST,Collision with:  Vehicle in traffic,On Roadway,Broadside (front to side),FTYROW:  From stop sign,Under Influence of Alcohol/Drugs/Medications,,Daylight,Slush,Cloudy,None apparent,Intersection:  Four-way intersection,Paved,,Property Damage Only,0,0,0,0,0,0,4500,2,2,,POINT (-96.410976104047 42.499639788501)
2014832977,14-9436PD,11/26/2014,11-November,4-Wednesday,17:53,1700 Hours,District 1 (Central),BOONE,BOONE,,SE MARSHALL ST & S LINN ST,Collision with:  Vehicle in traffic,On Roadway,Broadside (front to side),FTYROW:  From stop sign,None Indicated,,Dark - roadway lighted,Snow,Snow,"Surface condition (e.g., wet, icy)",Intersection:  Four-way intersection,Paved,,Property Damage Only,0,0,0,0,0,0,2500,2,2,,POINT (-93.87366063975 42.035113210157)
2014830397,20140035204,11/26/2014,11-November,4-Wednesday,21:50,2100 Hours,District 1 (Central),DES MOINES,POLK,,MCKINLEY AVE & SW 9TH ST,Collision with:  Other non-fixed object (explain in narrative),On Roadway,Non-collision (single vehicle),Swerving/Evasive Action,None Indicated,,Dark - roadway lighted,Ice/frost,Snow,"Surface condition (e.g., wet, icy)",Non-intersection:  Non-junction/no special feature,Paved,,Property Damage Only,0,0,0,0,0,0,3000,1,4,,POINT (-93.625725213408 41.540918728128)
2014831321,2014066277,11/26/2014,11-November,4-Wednesday,17:35,1700 Hours,District 1 (Central),,POLK,I-35,I-35,Collision with fixed object:  Other fixed object (explain in narrative),Median,Non-collision (single vehicle),Swerving/Evasive Action,None Indicated,,Dark - roadway not lighted,Ice/frost,Snow,"Surface condition (e.g., wet, icy)",Non-intersection:  Non-junction/no special feature,Paved,,Property Damage Only,0,0,0,0,0,0,4300,1,1,,POINT (-93.570012556457 41.766990845751)
2014830455,14-2265,11/26/2014,11-November,4-Wednesday,19:45,1900 Hours,District 1 (Central),POLK CITY,POLK,,N 3RD ST,Collision with fixed object:  Ditch,On Roadway,Non-collision (single vehicle),Driving too fast for conditions,Under Influence of Alcohol/Drugs/Medications,,Dark - roadway not lighted,Snow,Snow,"Surface condition (e.g., wet, icy)",Non-intersection:  Non-junction/no special feature,Paved,,Property Damage Only,0,0,0,0,0,0,17500,1,1,,POINT (-93.709518062405 41.777526733348)
2014831495,2014065991,11/26/2014,11-November,4-Wednesday,01:15,0100 Hours,District 4 (Southwest),,CASS,I-80,I-80,Non-collision events:  Overturn/rollover,Roadside,Non-collision (single vehicle),Ran off road - right,None Indicated,,Dark - roadway not lighted,Snow,Snow,"Surface condition (e.g., wet, icy)",Non-intersection:  Non-junction/no special feature,Paved,,Property Damage Only,0,0,0,0,0,0,4500,1,4,,POINT (-95.089150519494 41.497791598645)
2014830426,14008168,11/26/2014,11-November,4-Wednesday,10:36,1000 Hours,District 2 (Northeast),ALGONA,KOSSUTH,US 169,US 169/S PHILLIPS ST & E KENNEDY ST,Collision with:  Vehicle in traffic,On Roadway,"Sideswipe, same direction",Other (explain in narrative):  Other,None Indicated,,Daylight,Snow,Snow,None apparent,Non-intersection:  Non-junction/no special feature,Paved,,Property Damage Only,0,0,0,0,0,0,5000,2,2,,POINT (-94.22690228317 43.064897582345)
2014831646,14020595,11/26/2014,11-November,4-Wednesday,14:14,1400 Hours,District 2 (Northeast),MASON CITY,CERRO GORDO,US 65,US 65/S FEDERAL AVE & IA 122/5TH ST SE/5TH ST SW,Collision with:  Vehicle in traffic,On Roadway,Rear-end (front to rear),Followed too close,None Indicated,,Daylight,Snow,Snow,"Surface condition (e.g., wet, icy)",Non-intersection:  Non-junction/no special feature,Paved,,Property Damage Only,0,0,0,0,0,0,13000,2,3,,POINT (-93.201048859827 43.147164595842)
2014830941,14-018687,11/26/2014,11-November,4-Wednesday,16:01,1600 Hours,District 2 (Northeast),,FLOYD,US 18,US 18 & CEDARVIEW DR,Collision with:  Vehicle in traffic,On Roadway,Rear-end (front to rear),Followed too close,None Indicated,,Dusk,Snow,Snow,"Surface condition (e.g., wet, icy)",Non-intersection:  Crossover-related,Paved,,Property Damage Only,0,0,0,0,0,0,2100,2,2,,POINT (-92.725354194745 43.101635982108)
2014831239,2014-25500,11/26/2014,11-November,4-Wednesday,20:05,2000 Hours,District 5 (Southeast),INDIANOLA,WARREN,,E IOWA AVE & N 6TH ST,Collision with:  Vehicle in traffic,On Roadway,Unknown,Lost Control,None Indicated,,Dark - roadway lighted,Snow,Snow,"Surface condition (e.g., wet, icy)",Intersection:  T-intersection,Paved,,Property Damage Only,0,0,0,0,0,0,1600,2,2,,POINT (-93.554222581853 41.369197825428)
2014830292,149154,11/26/2014,11-November,4-Wednesday,05:50,0500 Hours,District 4 (Southwest),,DALLAS,,Co Rd F60/OLD HWY 6 SOUTH,Collision with:  Vehicle in traffic,On Roadway,Head-on (front to front),Swerving/Evasive Action,None Indicated,,Dark - roadway not lighted,Snow,Snow,"Surface condition (e.g., wet, icy)",Non-intersection:  Non-junction/no special feature,Paved,,Property Damage Only,0,0,0,0,0,0,12000,2,2,,POINT (-94.192399492664 41.57495325412)
2014830090,14-7828,11/26/2014,11-November,4-Wednesday,07:45,0700 Hours,District 1 (Central),,POLK,IA 415,IA 415/2ND AVE,Collision with:  Vehicle in traffic,On Roadway,"Sideswipe, opposite direction",Crossed centerline (undivided),None Indicated,,Daylight,Slush,Snow,"Surface condition (e.g., wet, icy)",Non-intersection:  Non-junction/no special feature,Paved,,Property Damage Only,0,0,0,0,0,0,2000,2,2,,POINT (-93.619959454843 41.637570730406)
2014831427,2014066265,11/26/2014,11-November,4-Wednesday,17:40,1700 Hours,District 6 (East Central),,DUBUQUE,US 151,US 151 & REITER RD,Collision with:  Animal,,,Animal,None Indicated,,,,,,,Paved,,Property Damage Only,0,0,0,0,0,0,4500,1,1,,POINT (-90.956791132814 42.315748553153)
2014831511,2014066200,11/26/2014,11-November,4-Wednesday,15:30,1500 Hours,District 1 (Central),,HAMILTON,I-35,I-35,Collision with:  Vehicle in traffic,On Roadway,"Sideswipe, same direction",Driving too fast for conditions,None Indicated,,Daylight,Snow,Snow,None apparent,Non-intersection:  Non-junction/no special feature,Paved,,Property Damage Only,0,0,0,0,0,0,5000,2,4,,POINT (-93.569382372722 42.311890776345)
2014831071,14-13686,11/26/2014,11-November,4-Wednesday,00:38,0000 Hours,District 3 (Northwest),,SIOUX,IA 10,IA 10/460TH ST,Collision with:  Vehicle in traffic,On Roadway,Head-on (front to front),Crossed centerline (undivided),None Indicated,,Dark - roadway not lighted,Snow,Cloudy,"Surface condition (e.g., wet, icy)",Non-intersection:  Non-junction/no special feature,Paved,,Minor Injury,0,2,0,2,0,0,13000,2,2,,POINT (-95.934708826011 42.982416691302)
2014831014,143615,11/26/2014,11-November,4-Wednesday,05:47,0500 Hours,District 3 (Northwest),DENISON,CRAWFORD,,Co Rd M36/DONNA REED RD,Collision with fixed object:  Ditch,On Roadway,Non-collision (single vehicle),Driving too fast for conditions,None Indicated,,Dark - unknown roadway lighting,Snow,Snow,"Surface condition (e.g., wet, icy)",Non-intersection:  Non-junction/no special feature,Paved,,Possible/Unknown,0,1,0,0,1,0,1100,1,1,,POINT (-95.332349644863 42.000767716053)
2014831135,2014-007510,11/26/2014,11-November,4-Wednesday,19:05,1900 Hours,District 6 (East Central),,BENTON,US 218,US 218/58 ST,Collision with fixed object:  Ditch,Roadside,Non-collision (single vehicle),Driving too fast for conditions,None Indicated,,Dark - roadway not lighted,Snow,Snow,"Surface condition (e.g., wet, icy)",Non-intersection:  Non-junction/no special feature,Paved,,Property Damage Only,0,0,0,0,0,0,2500,1,1,,POINT (-92.111099064105 42.180971697151)
2014830656,149164,11/26/2014,11-November,4-Wednesday,08:00,0800 Hours,District 4 (Southwest),,DALLAS,IA 141,IA 141/IOWA 141,Non-collision events:  Other non-collision (explain in narrative),On Roadway,Non-collision (single vehicle),Driving too fast for conditions,None Indicated,,Daylight,Snow,Snow,"Surface condition (e.g., wet, icy)",Non-intersection:  Non-junction/no special feature,Paved,,Property Damage Only,0,0,0,0,0,0,5000,1,1,,POINT (-93.851306827135 41.771654779544)
2014830100,20140035139,11/26/2014,11-November,4-Wednesday,11:10,1100 Hours,District 1 (Central),DES MOINES,POLK,,PLAINVIEW DR & 42ND ST,Collision with:  Vehicle in traffic,On Roadway,Rear-end (front to rear),Driving too fast for conditions,None Indicated,,Daylight,Snow,Snow,"Surface condition (e.g., wet, icy)",Intersection:  T-intersection,Paved,,Possible/Unknown,0,1,0,0,1,0,11000,4,4,,POINT (-93.674378622203 41.59768673104)
2014831500,2014066028,11/26/2014,11-November,4-Wednesday,07:10,0700 Hours,District 6 (East Central),IOWA CITY,JOHNSON,US 218,US 218,Collision with:  Animal,,,Animal,None Indicated,,,,,,,Paved,,Property Damage Only,0,0,0,0,0,0,5000,1,1,,POINT (-91.616650803111 41.670575556265)
2014830261,W14-116372,11/26/2014,11-November,4-Wednesday,16:34,1600 Hours,District 2 (Northeast),WATERLOO,BLACK HAWK,,BERKSHIRE RD,Collision with fixed object:  Utility pole/light support,On Roadway,Non-collision (single vehicle),Ran off road - left,None Indicated,,Dusk,Snow,Snow,"Surface condition (e.g., wet, icy)",Non-intersection:  Non-junction/no special feature,Paved,,Property Damage Only,0,0,0,0,0,0,3000,1,1,,POINT (-92.369656802219 42.473283594857)
2014831003,14-005140,11/26/2014,11-November,4-Wednesday,18:53,1800 Hours,District 1 (Central),ANKENY,POLK,IA 415,IA 415/SW STATE ST & SW POLK CITY DR,Collision with:  Vehicle in traffic,On Roadway,"Sideswipe, same direction",Over correcting/over steering,None Indicated,,Dark - roadway lighted,Ice/frost,Snow,"Surface condition (e.g., wet, icy)",Intersection:  T-intersection,Paved,,Property Damage Only,0,0,0,0,0,0,9400,2,2,,POINT (-93.621196211398 41.696308551958)
2014833723,2014-6714,11/26/2014,11-November,4-Wednesday,09:46,0900 Hours,District 2 (Northeast),,HANCOCK,US 18,US 18,Collision with fixed object:  Utility pole/light support,Outside trafficway,Non-collision (single vehicle),Driving too fast for conditions,None Indicated,,Daylight,Ice/frost,Snow,"Surface condition (e.g., wet, icy)",Non-intersection:  Non-junction/no special feature,Paved,,Property Damage Only,0,0,0,0,0,0,5500,1,1,,POINT (-93.560379454654 43.114163819661)
2014830506,14-009977,11/26/2014,11-November,4-Wednesday,18:00,1800 Hours,District 2 (Northeast),,CLAYTON,US 18,US 18,Collision with:  Animal,On Roadway,Non-collision (single vehicle),Animal,None Indicated,,Dark - roadway lighted,Dry,Clear,None apparent,Non-intersection:  Non-junction/no special feature,Paved,,Property Damage Only,0,0,0,0,0,0,3500,2,3,,POINT (-91.241015861022 43.012255725965)
2014830380,20140035209,11/26/2014,11-November,4-Wednesday,22:03,2200 Hours,District 1 (Central),DES MOINES,POLK,,EASTON BLVD,Collision with:  Vehicle in traffic,On Roadway,"Sideswipe, opposite direction",Driving too fast for conditions,None Indicated,,Dark - roadway lighted,Ice/frost,Snow,"Surface condition (e.g., wet, icy)",Non-intersection:  Non-junction/no special feature,Paved,,Property Damage Only,0,0,0,0,0,0,3000,2,5,,POINT (-93.567234354699 41.608416456624)
2014831207,14-012340,11/26/2014,11-November,4-Wednesday,23:37,2300 Hours,District 5 (Southeast),CORYDON,WAYNE,,STEELE ST & LAFAYETTE ST,Collision with:  Vehicle in traffic,On Roadway,Broadside (front to side),FTYROW:  At uncontrolled intersection,None Indicated,,Dark - roadway lighted,Ice/frost,Clear,"Surface condition (e.g., wet, icy)",Intersection:  Four-way intersection,Paved,,Property Damage Only,0,0,0,0,0,0,3500,2,6,,POINT (-93.317248809385 40.761686919094)
2014830324,14-049896,11/26/2014,11-November,4-Wednesday,16:10,1600 Hours,District 4 (Southwest),COUNCIL BLUFFS,POTTAWATTAMIE,,MADISON AVE,Collision with:  Vehicle in traffic,Shoulder,"Angle, oncoming left turn",FTYROW:  Making left turn,None Indicated,,Daylight,Dry,Clear,None apparent,Non-intersection:  Driveway access (within),Paved,,Possible/Unknown,0,2,0,0,2,0,8000,2,2,,POINT (-95.825167402195 41.242680963964)
2014830294,14-6000,11/26/2014,11-November,4-Wednesday,21:15,2100 Hours,District 1 (Central),WEST DES MOINES,POLK,I-235,I-235,Collision with:  Vehicle in traffic,On Roadway,Rear-end (front to rear),Ran off road - right,None Indicated,,Dark - roadway lighted,Snow,Cloudy,None apparent,Non-intersection:  Non-junction/no special feature,Paved,,Possible/Unknown,0,1,0,0,1,0,2000,2,3,,POINT (-93.776535151455 41.592205229657)