Iowa DOT Case Number,Law Enforcement Case Number,Date of Crash,Month of Crash,Day of Week,Time of Crash,Hour,DOT District,City Name,County Name,Route with System,Location Description,First Harmful Event,Location of First Harmful Event,Manner of Crash/Collision,Major Cause,Drug or Alcohol ,Environmental Conditions,Light Conditions,Surface Conditions,Weather Conditions,Roadway Contribution,Roadway Type,Roadway Surface,Work Zone,Crash Severity,Number of Fatalities,Number of Injuries,Number of Major Injuries,Number of Minor Injuries,Number of Possible Injuries,Number of Unknown Injuries,Amount of Property Damage,Number of Vehicles Involved,Total Number of Occupants,Travel Direction,Location
2014830669,20140035196,11/26/2014,11-November,4-Wednesday,20:30,2000 Hours,District 1 (Central),DES MOINES,POLK,,HICKMAN RD & BEAVER AVE,Collision with:  Vehicle in traffic,On Roadway,"Sideswipe, same direction",Lost Control,None Indicated,,Dark - roadway lighted,Ice/frost,"Sleet, hail",None apparent,Non-intersection:  Non-junction/no special feature,Paved,,Property Damage Only,0,0,0,0,0,0,3700,2,3,,POINT (-93.67306947134 41.614889171406)
2014830928,201405610,11/26/2014,11-November,4-Wednesday,14:30,1400 Hours,District 1 (Central),,BOONE,,250TH ST,Collision with:  Vehicle in traffic,On Roadway,Broadside (front to side),Driving too fast for conditions,None Indicated,,Daylight,Ice/frost,Clear,"Surface condition (e.g., wet, icy)",Non-intersection:  Non-junction/no special feature,Unpaved,,Property Damage Only,0,0,0,0,0,0,2200,2,4,,POINT (-93.931262329731 41.993617573705)
2014832995,,11/26/2014,11-November,4-Wednesday,15:22,1500 Hours,District 2 (Northeast),CLEAR LAKE,CERRO GORDO,,MAIN AVE & S 20TH ST,Collision with fixed object:  Utility pole/light support,On Roadway,Non-collision (single vehicle),Swerving/Evasive Action,None Indicated,,Daylight,Snow,Snow,None apparent,Intersection:  T-intersection,Paved,,Minor Injury,0,1,0,1,0,0,3000,1,1,,POINT (-93.364382735216 43.137368958763)
2014831742,201400057543,11/26/2014,11-November,4-Wednesday,12:12,1200 Hours,District 5 (Southeast),OTTUMWA,WAPELLO,,,Collision with:  Vehicle in traffic,On Roadway,Broadside (front to side),FTYROW:  From driveway,None Indicated,,Daylight,Snow,Snow,None apparent,Non-intersection:  Driveway access (within),,,Property Damage Only,0,0,0,0,0,0,2000,2,3,,POINT (-96.643700149993 40.233091251414)
2014830323,C14003787,11/26/2014,11-November,4-Wednesday,22:32,2200 Hours,District 6 (East Central),CORALVILLE,JOHNSON,,TIMBER LN,Collision with fixed object:  Utility pole/light support,On Roadway,Non-collision (single vehicle),Driving too fast for conditions,Alcohol (Statutory),,Dark - roadway lighted,Snow,Snow,"Surface condition (e.g., wet, icy)",Non-intersection:  Non-junction/no special feature,Paved,,Property Damage Only,0,0,0,0,0,0,10575,1,1,,POINT (-91.583904959737 41.703429938893)
2014831412,14-9435PD,11/26/2014,11-November,4-Wednesday,17:41,1700 Hours,District 1 (Central),BOONE,BOONE,,MAMIE EISENHOWER AVE & STORY ST & S STORY ST,Collision with:  Vehicle in traffic,On Roadway,Unknown,Driving too fast for conditions,None Indicated,,Dark - roadway lighted,Snow,"Sleet, hail","Surface condition (e.g., wet, icy)",Intersection:  Four-way intersection,Paved,,Property Damage Only,0,0,0,0,0,0,5500,3,3,,POINT (-93.88001484749 42.059589316197)
2014833096,2014-84-AC,11/26/2014,11-November,4-Wednesday,12:58,1200 Hours,District 3 (Northwest),,DICKINSON,,Co Rd N14/310TH AVE & 210TH ST,Collision with:  Vehicle in traffic,On Roadway,"Sideswipe, opposite direction",Crossed centerline (undivided),None Indicated,,Daylight,Ice/frost,Snow,"Surface condition (e.g., wet, icy)",Intersection:  Four-way intersection,Paved,,Major Injury,0,1,1,0,0,0,40000,2,2,,POINT (-94.97345871736 43.34209372485)
2014833709,SC14-069,11/26/2014,11-November,4-Wednesday,14:44,1400 Hours,District 1 (Central),STATE CENTER,MARSHALL,,2ND ST NW,Non-collision events:  Other non-collision (explain in narrative),On Roadway,Non-collision (single vehicle),Driving too fast for conditions,None Indicated,,Daylight,Snow,Cloudy,"Surface condition (e.g., wet, icy)",Non-intersection:  Non-junction/no special feature,Paved,,Property Damage Only,0,0,0,0,0,0,1700,1,1,,POINT (-93.165904410485 42.01771125903)
2014830408,20140035145,11/26/2014,11-November,4-Wednesday,13:10,1300 Hours,District 1 (Central),DES MOINES,POLK,,CROCKER ST & 19TH ST & COTTAGE GROVE AVE,Collision with:  Vehicle in traffic,On Roadway,Broadside (front to side),Ran Traffic Signal,None Indicated,,Daylight,Wet,Snow,None apparent,Intersection:  Four-way intersection,Paved,,Property Damage Only,0,0,0,0,0,0,8000,3,4,,POINT (-93.642514665768 41.593482702523)
2014831010,2014-81488,11/26/2014,11-November,4-Wednesday,16:09,1600 Hours,District 6 (East Central),DAVENPORT,SCOTT,,MCKINLEY AVE & FARRAGUT AVE,Collision with:  Parked motor vehicle,On Roadway,Rear-end (front to rear),Lost Control,None Indicated,,Daylight,Snow,Cloudy,None apparent,Non-intersection:  Non-junction/no special feature,Paved,,Property Damage Only,0,0,0,0,0,0,4000,2,2,,POINT (-90.618550655592 41.51484951508)
2014831021,14-8169,11/26/2014,11-November,4-Wednesday,10:45,1000 Hours,District 2 (Northeast),LU VERNE,KOSSUTH,,6TH ST & DEWITT ST,Collision with:  Vehicle in traffic,On Roadway,Rear-end (front to rear),Unknown,None Indicated,,Daylight,Snow,Snow,"Surface condition (e.g., wet, icy)",Intersection:  T-intersection,Paved,,Property Damage Only,0,0,0,0,0,0,2500,2,2,,POINT (-94.084435446662 42.914080083338)
2014834232,14-17839,11/26/2014,11-November,4-Wednesday,09:23,0900 Hours,District 3 (Northwest),,CLAY,,Co Rd B24/350TH ST,Collision with:  Vehicle in traffic,On Roadway,"Sideswipe, opposite direction",Crossed centerline (undivided),None Indicated,,Daylight,Snow,"Blowing sand, soil, dirt","Surface condition (e.g., wet, icy)",Non-intersection:  Non-junction/no special feature,Paved,,Minor Injury,0,1,0,1,0,0,3500,2,2,,POINT (-95.318609634048 43.141573060953)
2014830530,14-7848,11/26/2014,11-November,4-Wednesday,20:08,2000 Hours,District 1 (Central),PLEASANT HILL,POLK,,NE 23RD AVE,Collision with:  Vehicle in traffic,On Roadway,"Sideswipe, opposite direction",Unknown,None Indicated,,Dark - roadway not lighted,Ice/frost,Snow,"Surface condition (e.g., wet, icy)",Non-intersection:  Non-junction/no special feature,Paved,,Property Damage Only,0,0,0,0,0,0,1600,2,2,,POINT (-93.52212717215 41.615106370247)
2014830336,14-31328,11/26/2014,11-November,4-Wednesday,12:48,1200 Hours,District 1 (Central),NEWTON,JASPER,US 6,US 6/1ST AVE W & W 8TH ST S & W 8TH ST N,Collision with:  Vehicle in traffic,On Roadway,Unknown,Driving too fast for conditions,None Indicated,,Daylight,Snow,Snow,"Surface condition (e.g., wet, icy)",Intersection:  Four-way intersection,Paved,,Property Damage Only,0,0,0,0,0,0,3000,2,3,,POINT (-93.062843918017 41.699483447969)
2014830951,S14-004680,11/26/2014,11-November,4-Wednesday,07:10,0700 Hours,District 4 (Southwest),,POTTAWATTAMIE,,Co Rd G24/SYCAMORE RD,Collision with fixed object:  Ditch,On Roadway,Non-collision (single vehicle),Ran off road - left,None Indicated,,Dawn,Snow,Cloudy,None apparent,Non-intersection:  Non-junction/no special feature,Unpaved,,Possible/Unknown,0,1,0,0,1,0,1500,1,1,,POINT (-95.320949827065 41.447475021785)
2014831169,2014-40018,11/26/2014,11-November,4-Wednesday,08:10,0800 Hours,District 6 (East Central),DUBUQUE,DUBUQUE,,WINDSOR AVE,Collision with:  Vehicle in traffic,On Roadway,Rear-end (front to rear),Lost Control,None Indicated,,Daylight,Wet,Cloudy,None apparent,Non-intersection:  Non-junction/no special feature,Paved,,Possible/Unknown,0,1,0,0,1,0,3500,2,5,,POINT (-90.666544669506 42.517239624663)
2014831648,14020597,11/26/2014,11-November,4-Wednesday,15:00,1500 Hours,District 2 (Northeast),MASON CITY,CERRO GORDO,,12TH ST NW,Collision with:  Vehicle in traffic,On Roadway,Broadside (front to side),Driving too fast for conditions,None Indicated,,Daylight,Snow,Snow,"Surface condition (e.g., wet, icy)",Non-intersection:  Non-junction/no special feature,Paved,,Property Damage Only,0,0,0,0,0,0,4000,2,2,,POINT (-93.233575324907 43.162807261977)
2014836265,14-009042,11/26/2014,11-November,4-Wednesday,16:59,1600 Hours,District 4 (Southwest),PERRY,DALLAS,IA 141,IA 141/141ST ST & WILLIS AVE & SOUMAS DR,Collision with:  Vehicle in traffic,On Roadway,Broadside (front to side),Driving too fast for conditions,None Indicated,,Daylight,Snow,Snow,None apparent,Intersection:  Four-way intersection,Paved,,Property Damage Only,0,0,0,0,0,0,7000,2,2,,POINT (-94.069243747612 41.83514139674)
2014830674,201404345,11/26/2014,11-November,4-Wednesday,20:20,2000 Hours,District 6 (East Central),ROBINS,LINN,,W MAIN ST,Collision with fixed object:  Tree,Outside trafficway,Non-collision (single vehicle),Driving too fast for conditions,None Indicated,,Dark - roadway not lighted,Snow,Snow,"Surface condition (e.g., wet, icy)",Non-intersection:  Non-junction/no special feature,Paved,,Property Damage Only,0,0,0,0,0,0,6000,1,1,,POINT (-91.685870837694 42.07918887635)
2014830127,14-3794,11/26/2014,11-November,4-Wednesday,12:55,1200 Hours,District 1 (Central),FORT DODGE,WEBSTER,,OLESON PARK AVE,Collision with:  Vehicle in traffic,On Roadway,"Sideswipe, opposite direction",Driving too fast for conditions,None Indicated,,Daylight,Snow,Snow,"Surface condition (e.g., wet, icy)",Non-intersection:  Non-junction/no special feature,Paved,,Property Damage Only,0,0,0,0,0,0,3000,2,2,,POINT (-94.170283025751 42.489052844501)
2014832639,,11/26/2014,11-November,4-Wednesday,15:30,1500 Hours,District 3 (Northwest),ARMSTRONG,EMMET,,A AVE & 9TH ST,Collision with:  Vehicle in traffic,On Roadway,Broadside (front to side),FTYROW:  At uncontrolled intersection,None Indicated,,Daylight,Snow,Snow,"Surface condition (e.g., wet, icy)",Intersection:  Four-way intersection,Paved,,Property Damage Only,0,0,0,0,0,0,4860,2,2,,POINT (-94.476109194622 43.394194546581)
2014834418,2014007538,11/26/2014,11-November,4-Wednesday,19:30,1900 Hours,District 6 (East Central),,BENTON,,13 AVE & 79 ST TRL,Collision with fixed object:  Ditch,Roadside,Non-collision (single vehicle),Driving too fast for conditions,None Indicated,,Dark - roadway not lighted,Wet,Snow,Unknown,Intersection:  T-intersection,Unpaved,,Major Injury,0,2,1,1,0,0,1600,1,5,,POINT (-92.239174940741 41.875093879819)
2014831108,1400001051,11/26/2014,11-November,4-Wednesday,17:00,1700 Hours,District 1 (Central),,MARSHALL,IA 146,IA 146/ZELLER AVE,Collision with:  Animal,,,Animal,None Indicated,,,,,,,Paved,,Property Damage Only,0,0,0,0,0,0,4000,1,1,,POINT (-92.785329560042 41.994609417394)
2014832882,14-017000,11/26/2014,11-November,4-Wednesday,16:50,1600 Hours,District 2 (Northeast),HAWKEYE,FAYETTE,US 18,US 18/230TH ST & Co Rd V68/W AVE,Collision with:  Animal,,,Animal,None Indicated,,,,,,,Paved,,Property Damage Only,0,0,0,0,0,0,4000,1,1,,POINT (-92.04252434823 42.964848508667)
2014830591,14-38973,11/26/2014,11-November,4-Wednesday,14:17,1400 Hours,District 3 (Northwest),SIOUX CITY,WOODBURY,,11TH ST & JONES ST,Collision with:  Vehicle in traffic,On Roadway,Broadside (front to side),Ran Stop Sign,None Indicated,,Daylight,Slush,Cloudy,"Surface condition (e.g., wet, icy)",Intersection:  Four-way intersection,Paved,,Property Damage Only,0,0,0,0,0,0,4000,2,2,,POINT (-96.400898257194 42.501839579419)
2014831496,2014065994,11/26/2014,11-November,4-Wednesday,02:39,0200 Hours,District 5 (Southeast),,WARREN,I-35,I-35,Non-collision events:  Overturn/rollover,Roadside,Non-collision (single vehicle),Swerving/Evasive Action,None Indicated,,Dark - roadway not lighted,Snow,Snow,"Surface condition (e.g., wet, icy)",Non-intersection:  Other non-intersection (explain in narrative),Paved,,Possible/Unknown,0,1,0,0,1,0,3500,1,1,,POINT (-93.779791222516 41.454821642765)
2014830407,20140035143,11/26/2014,11-November,4-Wednesday,12:15,1200 Hours,District 1 (Central),DES MOINES,POLK,,E 12TH ST,Collision with:  Vehicle in traffic,On Roadway,"Sideswipe, opposite direction",Lost Control,None Indicated,,Daylight,Slush,Snow,"Surface condition (e.g., wet, icy)",Non-intersection:  Non-junction/no special feature,Paved,,Property Damage Only,0,0,0,0,0,0,1500,2,3,,POINT (-93.604765481483 41.603586426307)
2014831532,2014066364,11/26/2014,11-November,4-Wednesday,21:45,2100 Hours,District 1 (Central),,POLK,I-235,I-235,Collision with fixed object:  Concrete traffic barrier (median or right side),Shoulder,Non-collision (single vehicle),Driving too fast for conditions,None Indicated,,Dark - roadway not lighted,Snow,Cloudy,"Surface condition (e.g., wet, icy)",Interchange-related:  On-ramp,Paved,,Property Damage Only,0,0,0,0,0,0,20000,1,2,,POINT (-93.575671066036 41.650221955666)
2014830844,2014013219,11/26/2014,11-November,4-Wednesday,21:11,2100 Hours,District 6 (East Central),IOWA CITY,JOHNSON,,CAMP CARDINAL BLVD,Collision with fixed object:  Curb/island/raised median,On Roadway,Non-collision (single vehicle),Ran off road - right,None Indicated,,Dark - roadway not lighted,Wet,Snow,None apparent,Non-intersection:  Non-junction/no special feature,Paved,,Property Damage Only,0,0,0,0,0,0,1600,1,1,,POINT (-91.602774092021 41.665679060432)
2014830094,20140035122,11/26/2014,11-November,4-Wednesday,08:00,0800 Hours,District 1 (Central),DES MOINES,POLK,,EASTER LAKE DR & SE 34TH ST,Collision with:  Vehicle in traffic,On Roadway,Broadside (front to side),Other (explain in narrative):  No improper action,None Indicated,,Daylight,Ice/frost,Snow,"Surface condition (e.g., wet, icy)",Intersection:  T-intersection,Paved,,Property Damage Only,0,0,0,0,0,0,9000,2,4,,POINT (-93.548960961621 41.536717065366)
2014830487,,11/26/2014,11-November,4-Wednesday,07:45,0700 Hours,District 4 (Southwest),,ADAIR,,Co Rd G61/310TH ST & INDIAN AVE,Non-collision events:  Overturn/rollover,Shoulder,Non-collision (single vehicle),Ran off road - right,None Indicated,,Daylight,Ice/frost,Snow,"Surface condition (e.g., wet, icy)",Intersection:  Four-way intersection,Paved,,Property Damage Only,0,0,0,0,0,0,6500,1,1,,POINT (-94.547013489761 41.201135162695)
2014830581,14-005599,11/26/2014,11-November,4-Wednesday,19:59,1900 Hours,District 1 (Central),AMES,STORY,,ASHMORE DR & ASH AVE,Collision with fixed object:  Utility pole/light support,Roadside,Non-collision (single vehicle),Driving too fast for conditions,None Indicated,,Dark - roadway lighted,Snow,Snow,"Surface condition (e.g., wet, icy)",Non-intersection:  Non-junction/no special feature,Paved,,Property Damage Only,0,0,0,0,0,0,3700,1,2,,POINT (-93.644560591427 42.012076561554)
2014831945,2014066355,11/26/2014,11-November,4-Wednesday,21:03,2100 Hours,District 1 (Central),,HAMILTON,US 20,US 20,Non-collision events:  Overturn/rollover,On Roadway,Non-collision (single vehicle),Over correcting/over steering,None Indicated,,Dark - roadway not lighted,Ice/frost,Cloudy,"Surface condition (e.g., wet, icy)",Non-intersection:  Other non-intersection (explain in narrative),Paved,,Property Damage Only,0,0,0,0,0,0,2500,1,3,,POINT (-93.518202798153 42.44805255037)
2014830947,143614,11/26/2014,11-November,4-Wednesday,05:24,0500 Hours,District 3 (Northwest),,CRAWFORD,US 59,US 59,Collision with:  Vehicle in traffic,On Roadway,Head-on (front to front),Crossed centerline (undivided),None Indicated,,Dark - roadway not lighted,Snow,Cloudy,None apparent,Non-intersection:  Non-junction/no special feature,Paved,,Minor Injury,0,5,0,5,0,0,17000,2,5,,POINT (-95.344206982766 41.925776958567)
2014830912,14-008645,11/26/2014,11-November,4-Wednesday,10:55,1000 Hours,District 3 (Northwest),GRAETTINGER,PALO ALTO,,INDUSTRIAL RD,Collision with:  Vehicle in traffic,On Roadway,Rear-end (front to rear),Driving too fast for conditions,None Indicated,,Daylight,Snow,Snow,"Surface condition (e.g., wet, icy)",Non-intersection:  Driveway access (within),Paved,,Property Damage Only,0,0,0,0,0,0,2200,2,3,,POINT (-94.751475723758 43.242753783827)
2014830325,14-049903,11/26/2014,11-November,4-Wednesday,16:00,1600 Hours,District 4 (Southwest),COUNCIL BLUFFS,POTTAWATTAMIE,IA 92,IA 92/OMAHA BRIDGE RD,Collision with:  Vehicle in traffic,On Roadway,Rear-end (front to rear),Followed too close,None Indicated,,Daylight,Dry,Clear,None apparent,Non-intersection:  Non-junction/no special feature,Paved,,Possible/Unknown,0,1,0,0,1,0,500,2,4,,POINT (-95.832250575989 41.220477122611)
2014831764,14-001404,11/26/2014,11-November,4-Wednesday,09:24,0900 Hours,District 1 (Central),,STORY,,Co Rd S27/650TH AVE & 250TH ST,Non-collision events:  Overturn/rollover,On Roadway,Non-collision (single vehicle),Driving too fast for conditions,None Indicated,,Daylight,Slush,Snow,"Surface condition (e.g., wet, icy)",Non-intersection:  Non-junction/no special feature,Paved,,Possible/Unknown,0,1,0,0,1,0,2500,1,1,,POINT (-93.405754478382 41.993633714713)
2014831766,14-001406,11/26/2014,11-November,4-Wednesday,14:30,1400 Hours,District 1 (Central),SLATER,STORY,,2ND AVE & BOONE ST,Collision with:  Vehicle in traffic,On Roadway,Broadside (front to side),Ran Stop Sign,None Indicated,,Daylight,Snow,Snow,None apparent,Intersection:  Four-way intersection,Paved,,Minor Injury,0,1,0,1,0,0,12500,2,2,,POINT (-93.684817471831 41.881732919748)
2014830707,2014066071,11/26/2014,11-November,4-Wednesday,08:15,0800 Hours,District 5 (Southeast),,DECATUR,US 69,US 69,Collision with fixed object:  Ditch,Outside trafficway,Non-collision (single vehicle),Ran off road - right,None Indicated,,Daylight,Snow,Snow,"Surface condition (e.g., wet, icy)",Non-intersection:  Non-junction/no special feature,Paved,,Possible/Unknown,0,1,0,0,1,0,17237,1,1,,POINT (-93.762200744236 40.710698686114)
2014830383,20140035215,11/26/2014,11-November,4-Wednesday,22:57,2200 Hours,District 1 (Central),DES MOINES,POLK,,FLEUR DR,Collision with:  Vehicle in traffic,On Roadway,"Angle, oncoming left turn",Unknown,None Indicated,,Dark - roadway lighted,Snow,Snow,"Surface condition (e.g., wet, icy)",Non-intersection:  Non-junction/no special feature,Paved,,Property Damage Only,0,0,0,0,0,0,2000,2,4,,POINT (-93.64504557916 41.562060204227)
2014830965,14-42178,11/26/2014,11-November,4-Wednesday,20:33,2000 Hours,District 5 (Southeast),WEST BURLINGTON,DES MOINES,,W PENNINGTON ST & S LEFFLER ST,Collision with:  Vehicle in traffic,On Roadway,Broadside (front to side),FTYROW:  From yield sign,None Indicated,,Dark - roadway lighted,Snow,Snow,None apparent,Intersection:  Four-way intersection,Paved,,Property Damage Only,0,0,0,0,0,0,2500,2,3,,POINT (-91.1578086468 40.822048705499)
2014931973,,11/26/2014,11-November,4-Wednesday,17:34,1700 Hours,District 3 (Northwest),SERGEANT BLUFF,WOODBURY,,1ST ST & S LEWIS BLVD,,On Roadway,Non-collision (single vehicle),Ran off road - right,None Indicated,,Dark - roadway lighted,Dry,Clear,None apparent,Non-intersection:  Non-junction/no special feature,Paved,,Minor Injury,0,1,0,1,0,0,5100,1,2,,POINT (-96.354566053635 42.400464569123)
2014830580,14-005597,11/26/2014,11-November,4-Wednesday,19:16,1900 Hours,District 1 (Central),AMES,STORY,US 30,US 30/SW RAMP CURV/SW LOOP & Co Rd R38/510TH AVE,Collision with:  Vehicle in traffic,On Roadway,Broadside (front to side),Driving too fast for conditions,None Indicated,,Dark - roadway lighted,Ice/frost,Snow,"Surface condition (e.g., wet, icy)",Non-intersection:  Non-junction/no special feature,Paved,,Property Damage Only,0,0,0,0,0,0,1500,2,5,,POINT (-93.678660340249 42.007016457617)
2014830154,2014-81431,11/26/2014,11-November,4-Wednesday,08:42,0800 Hours,District 6 (East Central),DAVENPORT,SCOTT,,W PLEASANT ST,Collision with:  Parked motor vehicle,On Roadway,Rear-end (front to rear),Lost Control,None Indicated,,Daylight,Ice/frost,Cloudy,"Surface condition (e.g., wet, icy)",Non-intersection:  Non-junction/no special feature,Paved,,Property Damage Only,0,0,0,0,0,0,4000,2,1,,POINT (-90.592785371705 41.539467786194)
2014830675,201404346,11/26/2014,11-November,4-Wednesday,21:32,2100 Hours,District 6 (East Central),,LINN,,PALISADES RD,Collision with fixed object:  Other fixed object (explain in narrative),Outside trafficway,Non-collision (single vehicle),Ran off road - straight,Alcohol (Statutory),,Dark - roadway not lighted,Snow,Snow,None apparent,Non-intersection:  Other non-intersection (explain in narrative),Unpaved,,Property Damage Only,0,0,0,0,0,0,3001,1,1,,POINT (-91.44634432996 41.917927485695)
2014834627,14-005579,11/26/2014,11-November,4-Wednesday,08:15,0800 Hours,District 1 (Central),AMES,STORY,,24TH ST & HOOVER AVE,Collision with:  Vehicle in traffic,On Roadway,Broadside (front to side),FTYROW:  From stop sign,None Indicated,,Daylight,Snow,Snow,None apparent,Intersection:  T-intersection,Paved,,Property Damage Only,0,0,0,0,0,0,10000,2,2,,POINT (-93.63018180467 42.045588770465)
2014834479,14-11198,11/27/2014,11-November,5-Thursday,12:24,1200 Hours,District 5 (Southeast),MOUNT PLEASANT,HENRY,,S JEFFERSON ST & W SOUTH ST,Collision with fixed object:  Utility pole/light support,On Roadway,Non-collision (single vehicle),Unknown,None Indicated,,Daylight,Ice/frost,Clear,"Surface condition (e.g., wet, icy)",Intersection:  T-intersection,Paved,,Property Damage Only,0,0,0,0,0,0,2200,1,1,,POINT (-91.558235947558 40.955995914514)
2014830782,149242,11/27/2014,11-November,5-Thursday,21:14,2100 Hours,District 4 (Southwest),,DALLAS,US 169,US 169/N AVE & 128TH PL,Collision with:  Animal,,,Animal,None Indicated,,,,,,,Paved,,Property Damage Only,0,0,0,0,0,0,2000,1,1,,POINT (-94.028299534855 41.852664135091)
2014831535,2014066412,11/27/2014,11-November,5-Thursday,08:05,0800 Hours,District 1 (Central),,POWESHIEK,I-80,I-80,Collision with fixed object:  Bridge overhead structure,Shoulder,Non-collision (single vehicle),Ran off road - left,None Indicated,,Daylight,Dry,Clear,None apparent,Non-intersection:  Non-junction/no special feature,Paved,,Property Damage Only,0,0,0,0,0,0,7500,1,2,,POINT (-92.550475008394 41.696522812059)
2014862016,14-018753,11/27/2014,11-November,5-Thursday,20:25,2000 Hours,District 2 (Northeast),CHARLES CITY,FLOYD,US 18,US 18/4TH AVE,Collision with:  Parked motor vehicle,On Roadway,Rear-end (front to rear),Ran off road - right,None Indicated,,Dark - roadway not lighted,Dry,Clear,None apparent,Non-intersection:  Non-junction/no special feature,Paved,,Possible/Unknown,0,1,0,0,0,1,16000,2,1,,POINT (-92.668560501656 43.06637528712)
2014831537,2014066446,11/27/2014,11-November,5-Thursday,12:08,1200 Hours,District 6 (East Central),BETTENDORF,SCOTT,I-80,I-80 & MIDDLE RD,Collision with:  Vehicle in traffic,On Roadway,"Angle, oncoming left turn",FTYROW:  Making left turn,None Indicated,,Daylight,Dry,Clear,None apparent,Intersection:  Intersection with ramp,Paved,,Property Damage Only,0,0,0,0,0,0,3500,2,2,,POINT (-90.458915777631 41.598684107995)
2014830420,14-3808,11/27/2014,11-November,5-Thursday,18:25,1800 Hours,District 1 (Central),FORT DODGE,WEBSTER,,N 15TH ST,Collision with:  Vehicle in traffic,On Roadway,"Sideswipe, same direction",Improper or erratic lane changing,None Indicated,,Dark - roadway lighted,Ice/frost,Clear,None apparent,Non-intersection:  Non-junction/no special feature,Paved,,Property Damage Only,0,0,0,0,0,0,2500,2,3,,POINT (-94.178035110528 42.512442295774)
2014830720,261402133,11/27/2014,11-November,5-Thursday,15:05,1500 Hours,District 5 (Southeast),BLOOMFIELD,DAVIS,,FAWN AVE & 305TH ST,Collision with:  Other non-fixed object (explain in narrative),On Roadway,Non-collision (single vehicle),Ran off road - straight,None Indicated,,Daylight,Snow,Clear,"Surface condition (e.g., wet, icy)",Intersection:  T-intersection,Unpaved,,Property Damage Only,0,0,0,0,0,0,10000,1,2,,POINT (-92.54252655861 40.617221488103)
2014830360,W14-116533,11/27/2014,11-November,5-Thursday,08:05,0800 Hours,District 2 (Northeast),WATERLOO,BLACK HAWK,,CROSSROADS BLVD & FLAMMANG DR,Collision with fixed object:  Utility pole/light support,On Roadway,Non-collision (single vehicle),Unknown,None Indicated,,Daylight,Slush,Clear,None apparent,Intersection:  Four-way intersection,Paved,,Property Damage Only,0,0,0,0,0,0,1500,1,1,,POINT (-92.325235598307 42.460251344291)
2014830818,14-6134,11/27/2014,11-November,5-Thursday,20:25,2000 Hours,District 6 (East Central),HIAWATHA,LINN,,MARION CT,Collision with:  Vehicle in traffic,On Roadway,"Angle, oncoming left turn",Driving too fast for conditions,None Indicated,,Dark - roadway lighted,Snow,Snow,"Surface condition (e.g., wet, icy)",Non-intersection:  Non-junction/no special feature,Paved,,Property Damage Only,0,0,0,0,0,0,2500,2,1,,POINT (-91.668368824605 42.036225073648)
2014830414,20140035249,11/27/2014,11-November,5-Thursday,12:30,1200 Hours,District 1 (Central),DES MOINES,POLK,,FRAZIER AVE,Collision with:  Vehicle in traffic,On Roadway,Broadside (front to side),Lost Control,None Indicated,,Daylight,Ice/frost,Clear,"Surface condition (e.g., wet, icy)",Non-intersection:  Non-junction/no special feature,Paved,,Minor Injury,0,1,0,1,0,0,2000,2,3,,POINT (-93.627719835225 41.536422208876)
2014831158,2014-040059,11/27/2014,11-November,5-Thursday,15:07,1500 Hours,District 6 (East Central),DUBUQUE,DUBUQUE,IA 32,IA 32/IA32 NW ARTERIAL & PENNSYLVANIA AVE,Collision with:  Vehicle in traffic,On Roadway,"Sideswipe, same direction",Improper or erratic lane changing,None Indicated,,Daylight,Dry,Clear,None apparent,Intersection:  Four-way intersection,Paved,,Property Damage Only,0,0,0,0,0,0,1600,2,5,,POINT (-90.740728322599 42.500977542394)
2014831466,20140066392,11/27/2014,11-November,5-Thursday,00:55,0000 Hours,District 1 (Central),,POLK,I-35,I-35,Collision with:  Vehicle in traffic,On Roadway,"Sideswipe, same direction",Swerving/Evasive Action,None Indicated,,Dark - roadway not lighted,Ice/frost,Cloudy,"Surface condition (e.g., wet, icy)",Non-intersection:  Non-junction/no special feature,Paved,,Property Damage Only,0,0,0,0,0,0,5000,2,3,,POINT (-93.664891071708 41.650650206448)
2014830362,W14-116556,11/27/2014,11-November,5-Thursday,11:23,1100 Hours,District 2 (Northeast),WATERLOO,BLACK HAWK,,HAWTHORNE AVE & W 7TH ST,Collision with:  Vehicle in traffic,On Roadway,Broadside (front to side),Lost Control,None Indicated,,Daylight,Snow,Clear,"Surface condition (e.g., wet, icy)",Intersection:  Four-way intersection,Paved,,Property Damage Only,0,0,0,0,0,0,3400,2,5,,POINT (-92.345742574163 42.481209824922)
2014831538,2014066467,11/27/2014,11-November,5-Thursday,15:00,1500 Hours,District 2 (Northeast),,ALLAMAKEE,,FERRIS MILL RD,Collision with fixed object:  Ditch,Outside trafficway,Non-collision (single vehicle),Ran off road - left,None Indicated,,Daylight,Ice/frost,Cloudy,"Surface condition (e.g., wet, icy)",Non-intersection:  Non-junction/no special feature,Unpaved,,Property Damage Only,0,0,0,0,0,0,4000,1,4,,POINT (-91.603970428768 43.33748239702)
2014830998,14-31431,11/27/2014,11-November,5-Thursday,17:20,1700 Hours,District 1 (Central),NEWTON,JASPER,,E 8TH ST S,Collision with:  Parked motor vehicle,On Roadway,Unknown,Unknown,None Indicated,,Dark - roadway lighted,Snow,Cloudy,None apparent,Non-intersection:  Non-junction/no special feature,Paved,,Property Damage Only,0,0,0,0,0,0,10000,2,1,,POINT (-93.043488930632 41.691385970123)