Iowa DOT Case Number,Law Enforcement Case Number,Date of Crash,Month of Crash,Day of Week,Time of Crash,Hour,DOT District,City Name,County Name,Route with System,Location Description,First Harmful Event,Location of First Harmful Event,Manner of Crash/Collision,Major Cause,Drug or Alcohol ,Environmental Conditions,Light Conditions,Surface Conditions,Weather Conditions,Roadway Contribution,Roadway Type,Roadway Surface,Work Zone,Crash Severity,Number of Fatalities,Number of Injuries,Number of Major Injuries,Number of Minor Injuries,Number of Possible Injuries,Number of Unknown Injuries,Amount of Property Damage,Number of Vehicles Involved,Total Number of Occupants,Travel Direction,Location
2014830439,2014-81641,11/27/2014,11-November,5-Thursday,10:12,1000 Hours,District 6 (East Central),DAVENPORT,SCOTT,,,Collision with:  Parked motor vehicle,On Roadway,Head-on (front to front),Lost Control,None Indicated,,Daylight,Dry,Cloudy,None apparent,Non-intersection:  Non-junction/no special feature,,,Property Damage Only,0,0,0,0,0,0,4000,2,1,,POINT (-96.643700149993 40.233091251414)
2014831013,2014-81667,11/27/2014,11-November,5-Thursday,14:58,1400 Hours,District 6 (East Central),DAVENPORT,SCOTT,,S CONCORD ST & INDIAN RD,Collision with fixed object:  Utility pole/light support,Shoulder,Non-collision (single vehicle),"Operating vehicle in an reckless, erratic, careless, negligent manner",None Indicated,,Daylight,Dry,Clear,None apparent,Non-intersection:  Non-junction/no special feature,Paved,,Property Damage Only,0,0,0,0,0,0,6000,1,2,,POINT (-90.62422087552 41.515768429292)
2014830592,14-39055,11/27/2014,11-November,5-Thursday,16:34,1600 Hours,District 3 (Northwest),SIOUX CITY,WOODBURY,,MYRTLE ST,Collision with:  Parked motor vehicle,On Roadway,Rear-end (front to rear),Lost Control,None Indicated,,Daylight,Ice/frost,Cloudy,None apparent,Non-intersection:  Non-junction/no special feature,Paved,,Property Damage Only,0,0,0,0,0,0,3000,2,1,,POINT (-96.422522509967 42.501618305953)
2014830396,20140035203,11/27/2014,11-November,5-Thursday,21:30,2100 Hours,District 1 (Central),DES MOINES,POLK,IA 28,IA 28/IOWA 5,Collision with fixed object:  Utility pole/light support,On Roadway,Non-collision (single vehicle),Ran off road - right,None Indicated,,Dark - roadway lighted,Snow,Snow,"Surface condition (e.g., wet, icy)",Non-intersection:  Non-junction/no special feature,Paved,,Property Damage Only,0,0,0,0,0,0,6000,1,1,,POINT (-93.687487895495 41.517912633107)
2014830799,14-0680,11/27/2014,11-November,5-Thursday,21:40,2100 Hours,District 1 (Central),FORT DODGE,WEBSTER,,5TH AVE S,Collision with:  Vehicle in traffic,On Roadway,"Sideswipe, same direction",Other (explain in narrative):  Other,None Indicated,,Dark - roadway lighted,Snow,Clear,None apparent,Non-intersection:  Non-junction/no special feature,Paved,,Property Damage Only,0,0,0,0,0,0,2000,2,3,,POINT (-94.15653763625 42.501188014608)
2014830435,14-050088,11/27/2014,11-November,5-Thursday,22:15,2200 Hours,District 4 (Southwest),COUNCIL BLUFFS,POTTAWATTAMIE,,NORTON AVE,Collision with:  Parked motor vehicle,Outside trafficway,"Sideswipe, same direction",Other (explain in narrative):  Other,None Indicated,,Dark - unknown roadway lighting,Dry,Cloudy,None apparent,Non-intersection:  Non-junction/no special feature,Paved,,Property Damage Only,0,0,0,0,0,0,1500,2,1,,POINT (-95.838897396862 41.273982395472)
2014830583,14-005606,11/27/2014,11-November,5-Thursday,11:30,1100 Hours,District 1 (Central),AMES,STORY,I-35,I-35,Collision with:  Vehicle in traffic,On Roadway,Rear-end (front to rear),Other (explain in narrative):  Other,None Indicated,,Daylight,Wet,Cloudy,None apparent,Non-intersection:  Non-junction/no special feature,Paved,,Property Damage Only,0,0,0,0,0,0,16500,2,4,,POINT (-93.570899200896 42.030515757015)
2014830411,20140035234,11/27/2014,11-November,5-Thursday,08:45,0800 Hours,District 1 (Central),DES MOINES,POLK,I-235,I-235 & SCHOOL ST & 19TH ST,Collision with:  Vehicle in traffic,On Roadway,Rear-end (front to rear),Other (explain in narrative):  Other,None Indicated,,Daylight,Ice/frost,Clear,"Surface condition (e.g., wet, icy)",Intersection:  Other intersection (explain in narrative),Paved,,Property Damage Only,0,0,0,0,0,0,5000,2,3,,POINT (-93.642568703947 41.595301861437)
2014830363,W14-116567,11/27/2014,11-November,5-Thursday,11:57,1100 Hours,District 2 (Northeast),WATERLOO,BLACK HAWK,,FREDERIC AVE,Collision with fixed object:  Tree,Outside trafficway,Non-collision (single vehicle),Driving too fast for conditions,None Indicated,,Daylight,Ice/frost,Clear,"Surface condition (e.g., wet, icy)",Non-intersection:  Non-junction/no special feature,Paved,,Property Damage Only,0,0,0,0,0,0,3000,1,1,,POINT (-92.359901098234 42.479173397901)
2014831109,1400001052,11/27/2014,11-November,5-Thursday,17:25,1700 Hours,District 1 (Central),,MARSHALL,,Co Rd S52/COOPER AVE,Collision with:  Animal,,,Animal,None Indicated,,,,,,,Paved,,Property Damage Only,0,0,0,0,0,0,2000,1,1,,POINT (-93.183972752589 41.963049215031)
2014831096,P14-013241,11/27/2014,11-November,5-Thursday,14:05,1400 Hours,District 1 (Central),WEBSTER CITY,HAMILTON,,JAMES ST,Collision with fixed object:  Traffic sign support,Outside trafficway,Non-collision (single vehicle),Driving too fast for conditions,None Indicated,,Daylight,Snow,Cloudy,None apparent,Non-intersection:  Non-junction/no special feature,Paved,,Property Damage Only,0,0,0,0,0,0,3150,1,2,,POINT (-93.83282602047 42.471847028248)
2014830989,14-001436,11/27/2014,11-November,5-Thursday,11:53,1100 Hours,District 1 (Central),JOHNSTON,POLK,,WINDSOR DR & WINDSOR PKWY & NW 86TH ST,Collision with fixed object:  Curb/island/raised median,On Roadway,Non-collision (single vehicle),Driving too fast for conditions,None Indicated,,Daylight,Ice/frost,Clear,"Surface condition (e.g., wet, icy)",Intersection:  Four-way intersection,Paved,,Property Damage Only,0,0,0,0,0,0,1700,1,4,,POINT (-93.736492846368 41.666741774303)
2014834008,2014066433,11/27/2014,11-November,5-Thursday,10:28,1000 Hours,District 1 (Central),,STORY,I-35,I-35,Collision with:  Vehicle in traffic,On Roadway,Rear-end (front to rear),Followed too close,None Indicated,,Daylight,Dry,Clear,None apparent,Non-intersection:  Non-junction/no special feature,Paved,,Possible/Unknown,0,1,0,0,1,0,4500,2,5,,POINT (-93.557212392691 42.132806735232)
2014831054,,11/27/2014,11-November,5-Thursday,19:30,1900 Hours,District 1 (Central),,GREENE,US 30,US 30/220TH,Collision with:  Animal,On Roadway,Non-collision (single vehicle),Animal,None Indicated,,Dark - roadway not lighted,Dry,Clear,,Non-intersection:  Non-junction/no special feature,Paved,,Property Damage Only,0,0,0,0,0,0,3000,1,2,,POINT (-94.466770246091 42.034595389013)
2014830438,2014-81638,11/27/2014,11-November,5-Thursday,08:42,0800 Hours,District 6 (East Central),DAVENPORT,SCOTT,IA 130,IA 130/NEW LIBERTY RD & W 83RD ST & HILLANDALE RD,Collision with:  Vehicle in traffic,On Roadway,"Sideswipe, same direction",Made improper turn,None Indicated,,Daylight,Dry,Clear,None apparent,Non-intersection:  Non-junction/no special feature,Paved,,Property Damage Only,0,0,0,0,0,0,7100,2,5,,POINT (-90.624958534145 41.60428976008)
2014830361,W14-116552,11/27/2014,11-November,5-Thursday,11:15,1100 Hours,District 2 (Northeast),WATERLOO,BLACK HAWK,,CANTERBURY CT,Collision with:  Parked motor vehicle,On Roadway,"Sideswipe, same direction",Lost Control,None Indicated,,Daylight,Ice/frost,Clear,"Surface condition (e.g., wet, icy)",Non-intersection:  Non-junction/no special feature,Paved,,Property Damage Only,0,0,0,0,0,0,3500,2,1,,POINT (-92.355038437673 42.459837538146)
2014830454,14-050032,11/27/2014,11-November,5-Thursday,20:32,2000 Hours,District 4 (Southwest),COUNCIL BLUFFS,POTTAWATTAMIE,,AVE G,Collision with:  Vehicle in traffic,On Roadway,Rear-end (front to rear),Driver Distraction:  Manual operation of an electronic communication device,None Indicated,,Dark - roadway lighted,Dry,Clear,None apparent,Non-intersection:  Non-junction/no special feature,Paved,,Property Damage Only,0,0,0,0,0,0,6500,2,777,,POINT (-95.896801836746 41.268161735528)
2014830415,20140035250,11/27/2014,11-November,5-Thursday,13:15,1300 Hours,District 1 (Central),DES MOINES,POLK,US 69,US 69/E 14TH ST & E DOUGLAS AVE,Collision with:  Vehicle in traffic,On Roadway,Broadside (front to side),FTYROW:  From driveway,None Indicated,,Daylight,Snow,Cloudy,None apparent,Non-intersection:  Driveway access (within),Paved,,Minor Injury,0,1,0,1,0,0,3300,2,3,,POINT (-93.60051793771 41.629531447452)
2014830451,14-6006,11/27/2014,11-November,5-Thursday,03:20,0300 Hours,District 4 (Southwest),WEST DES MOINES,DALLAS,,360TH ST,Collision with fixed object:  Ditch,On Roadway,Non-collision (single vehicle),Driving too fast for conditions,None Indicated,,Dark - roadway not lighted,Snow,Snow,None apparent,Non-intersection:  Non-junction/no special feature,Paved,,Property Damage Only,0,0,0,0,0,0,10000,1,1,,POINT (-93.848009346614 41.529865548709)
2014832247,146325,11/27/2014,11-November,5-Thursday,23:40,2300 Hours,District 1 (Central),IOWA FALLS,HARDIN,US 65,US 65/OAK ST,Collision with:  Animal,On Roadway,Non-collision (single vehicle),Animal,None Indicated,,Dark - roadway lighted,Dry,Clear,None apparent,Non-intersection:  Non-junction/no special feature,Paved,,Property Damage Only,0,0,0,0,0,0,1500,1,1,,POINT (-93.264006322645 42.530035909958)
2014831777,14-0676,11/27/2014,11-November,5-Thursday,00:13,0000 Hours,District 1 (Central),,WEBSTER,,Co Rd P59/QUAIL AVE,Collision with fixed object:  Ditch,Outside trafficway,Non-collision (single vehicle),Driving too fast for conditions,None Indicated,,Dark - roadway not lighted,Ice/frost,Clear,"Surface condition (e.g., wet, icy)",Non-intersection:  Non-junction/no special feature,Paved,,Property Damage Only,0,0,0,0,0,0,4500,1,2,,POINT (-94.128794728018 42.496097239039)
2014835379,14-028938,11/27/2014,11-November,5-Thursday,16:00,1600 Hours,District 5 (Southeast),PLEASANTVILLE,MARION,,STATE ST,Collision with:  Parked motor vehicle,On Roadway,"Sideswipe, opposite direction",Improper Backing,None Indicated,,Daylight,Ice/frost,Cloudy,None apparent,Non-intersection:  Non-junction/no special feature,Paved,,Property Damage Only,0,0,0,0,0,0,2950,2,1,,POINT (-93.271566668313 41.387209376098)
2014830954,146980,11/27/2014,11-November,5-Thursday,18:29,1800 Hours,District 1 (Central),HUBBARD,HARDIN,,MAPLE ST,Collision with:  Parked motor vehicle,Shoulder,Rear-end (front to rear),Driving too fast for conditions,None Indicated,,Dark - roadway not lighted,Ice/frost,Clear,"Surface condition (e.g., wet, icy)",Non-intersection:  Non-junction/no special feature,Paved,,Property Damage Only,0,0,0,0,0,0,4000,2,1,,POINT (-93.293058954686 42.305553823961)
2014830387,20140035271,11/27/2014,11-November,5-Thursday,18:34,1800 Hours,District 1 (Central),DES MOINES,POLK,,E VIRGINIA AVE,Collision with:  Parked motor vehicle,On Roadway,"Sideswipe, same direction",Unknown,None Indicated,,Dark - unknown roadway lighting,Snow,Clear,None apparent,Non-intersection:  Non-junction/no special feature,Paved,,Property Damage Only,0,0,0,0,0,0,3000,2,1,,POINT (-93.593413322005 41.557753548182)
2014830413,20140035246,11/27/2014,11-November,5-Thursday,11:50,1100 Hours,District 1 (Central),DES MOINES,POLK,,PAYNE RD & MLK JR PKWY,Collision with:  Vehicle in traffic,On Roadway,"Sideswipe, same direction",FTYROW:  From stop sign,Alcohol (Statutory),,Daylight,Snow,Cloudy,"Surface condition (e.g., wet, icy)",Intersection:  Four-way intersection,Paved,,Property Damage Only,0,0,0,0,0,0,4800,2,3,,POINT (-93.648440596846 41.620912434369)
2014830863,201417752,11/27/2014,11-November,5-Thursday,22:56,2200 Hours,District 6 (East Central),CEDAR RAPIDS,LINN,,Co Rd E44/ELLIS RD,Collision with fixed object:  Ditch,On Roadway,Non-collision (single vehicle),Ran off road - right,Alcohol (Statutory),,Dark - roadway not lighted,Dry,Cloudy,None apparent,Non-intersection:  Non-junction/no special feature,Paved,,Possible/Unknown,0,1,0,0,1,0,10000,1,1,,POINT (-91.728957366822 41.99675255333)
2014831208,14-248,11/27/2014,11-November,5-Thursday,11:03,1100 Hours,District 2 (Northeast),WAVERLY,BREMER,IA 3,IA 3/BREMER AVE & 5TH ST NE,Collision with:  Vehicle in traffic,On Roadway,Rear-end (front to rear),Other (explain in narrative):  Other,None Indicated,,Daylight,Wet,Clear,None apparent,Non-intersection:  Non-junction/no special feature,Paved,,Property Damage Only,0,0,0,0,0,0,9500,3,6,,POINT (-92.464394156297 42.725834692334)
2014830364,14179715,11/27/2014,11-November,5-Thursday,20:25,2000 Hours,District 6 (East Central),HILLS,JOHNSON,,Co Rd W64/OAK CREST HILL RD SE,Collision with:  Animal,On Roadway,Non-collision (single vehicle),Animal,None Indicated,,Dark - roadway not lighted,Dry,Clear,None apparent,Non-intersection:  Non-junction/no special feature,Paved,,Property Damage Only,0,0,0,0,0,0,8000,1,2,,POINT (-91.541410330685 41.603759755867)
2014830412,20140035242,11/27/2014,11-November,5-Thursday,10:45,1000 Hours,District 1 (Central),DES MOINES,POLK,I-235,I-235,Collision with:  Vehicle in traffic,On Roadway,Rear-end (front to rear),Driving too fast for conditions,None Indicated,,Daylight,Ice/frost,Clear,"Surface condition (e.g., wet, icy)",Interchange-related:  Off-ramp,Paved,,Possible/Unknown,0,1,0,0,1,0,5500,2,4,,POINT (-93.703324495447 41.593586143769)
2014931974,,11/27/2014,11-November,5-Thursday,17:25,1700 Hours,District 3 (Northwest),SERGEANT BLUFF,WOODBURY,,Co Rd K29/OLD LAKEPORT RD & GLEN ELLEN RD,Collision with:  Animal,On Roadway,Non-collision (single vehicle),Animal,None Indicated,,Dark - roadway not lighted,Dry,Clear,None apparent,Non-intersection:  Non-junction/no special feature,Paved,,Minor Injury,0,1,0,1,0,0,2500,1,1,,POINT (-96.341304611214 42.409946958833)
2014830401,20140035267,11/27/2014,11-November,5-Thursday,17:34,1700 Hours,District 1 (Central),DES MOINES,POLK,,SW 13TH ST,Collision with fixed object:  Guardrail - face,On Roadway,Non-collision (single vehicle),Ran off road - straight,Refused,,Dark - roadway lighted,Snow,Clear,None apparent,Non-intersection:  Non-junction/no special feature,Paved,,Property Damage Only,0,0,0,0,0,0,2500,1,1,,POINT (-93.633003503775 41.537339014245)
2014830366,14-005457,11/27/2014,11-November,5-Thursday,17:45,1700 Hours,District 3 (Northwest),,LYON,,250TH ST,Collision with fixed object:  Ditch,On Roadway,Non-collision (single vehicle),Crossed centerline (undivided),None Indicated,,Dark - roadway not lighted,Snow,Severe winds,"Surface condition (e.g., wet, icy)",Non-intersection:  Non-junction/no special feature,Unpaved,,Minor Injury,0,1,0,1,0,0,4700,1,1,,POINT (-96.289483955672 43.286565356368)
2014830268,14-7853,11/27/2014,11-November,5-Thursday,11:45,1100 Hours,District 1 (Central),,POLK,,NE 23RD AVE & NE 53RD CT,Collision with:  Vehicle in traffic,On Roadway,Broadside (front to side),Swerving/Evasive Action,None Indicated,,Daylight,Ice/frost,Clear,"Surface condition (e.g., wet, icy)",Intersection:  T-intersection,Paved,,Property Damage Only,0,0,0,0,0,0,7000,2,3,,POINT (-93.507832425348 41.615152391131)
2014830384,20140035219,11/27/2014,11-November,5-Thursday,00:01,0000 Hours,District 1 (Central),DES MOINES,POLK,,GRAND AVE & 10TH ST,Collision with:  Vehicle in traffic,On Roadway,Rear-end (front to rear),Unknown,None Indicated,,Dark - roadway lighted,Snow,Cloudy,"Surface condition (e.g., wet, icy)",Non-intersection:  Non-junction/no special feature,Paved,,Property Damage Only,0,0,0,0,0,0,6000,2,2,,POINT (-93.630186122445 41.586696425862)
2014831050,,11/27/2014,11-November,5-Thursday,21:30,2100 Hours,District 5 (Southeast),,KEOKUK,IA 21,IA 21/IOWA 21,Collision with:  Animal,On Roadway,Non-collision (single vehicle),Animal,None Indicated,,Dark - roadway not lighted,Dry,Clear,,Non-intersection:  Non-junction/no special feature,Paved,,Property Damage Only,0,0,0,0,0,0,3000,1,1,,POINT (-92.354436238009 41.37036104724)
2014830754,2014-25517,11/27/2014,11-November,5-Thursday,00:59,0000 Hours,District 5 (Southeast),,WARREN,,Co Rd R63/HWY R63,Collision with:  Parked motor vehicle,On Roadway,Head-on (front to front),Illegally Parked/Unattended,Refused,,Dark - roadway not lighted,Ice/frost,Cloudy,"Surface condition (e.g., wet, icy)",Non-intersection:  Non-junction/no special feature,Paved,,Possible/Unknown,0,2,0,0,2,0,12500,2,3,,POINT (-93.630891912369 41.476685943834)
2014831768,14-001409,11/27/2014,11-November,5-Thursday,10:35,1000 Hours,District 1 (Central),,STORY,I-35,I-35,Collision with:  Vehicle in traffic,On Roadway,"Sideswipe, same direction",Swerving/Evasive Action,None Indicated,,Daylight,Dry,Cloudy,None apparent,Non-intersection:  Non-junction/no special feature,Paved,,Property Damage Only,0,0,0,0,0,0,6400,2,2,,POINT (-93.570749328512 41.984033394276)
2014830450,14-3809,11/27/2014,11-November,5-Thursday,18:54,1800 Hours,District 1 (Central),FORT DODGE,WEBSTER,,12TH AVE SW,Collision with fixed object:  Other fixed object (explain in narrative),On Roadway,Non-collision (single vehicle),Driving too fast for conditions,None Indicated,,Dark - roadway lighted,Slush,Clear,"Surface condition (e.g., wet, icy)",Non-intersection:  Non-junction/no special feature,Paved,,Property Damage Only,0,0,0,0,0,0,6500,1,4,,POINT (-94.178467738922 42.491409519888)
2014832446,112714-141,11/27/2014,11-November,5-Thursday,14:41,1400 Hours,District 3 (Northwest),LAKESIDE,BUENA VISTA,,MALLARD AVE,Collision with fixed object:  Ditch,On Roadway,Non-collision (single vehicle),Ran off road - right,None Indicated,,Daylight,Snow,Clear,"Surface condition (e.g., wet, icy)",Non-intersection:  Non-junction/no special feature,Paved,,Property Damage Only,0,0,0,0,0,0,8000,1,1,,POINT (-95.181018085763 42.613510573469)
2014830385,20140035231,11/27/2014,11-November,5-Thursday,08:40,0800 Hours,District 1 (Central),DES MOINES,POLK,US 69,US 69/SE 14TH ST,Collision with:  Vehicle in traffic,On Roadway,"Sideswipe, same direction",Driving too fast for conditions,None Indicated,,Daylight,Ice/frost,Clear,"Surface condition (e.g., wet, icy)",Non-intersection:  Other non-intersection (explain in narrative),Paved,,Property Damage Only,0,0,0,0,0,0,3000,2,2,,POINT (-93.596935044704 41.575569753648)
2014830501,W14-116573,11/27/2014,11-November,5-Thursday,12:31,1200 Hours,District 2 (Northeast),WATERLOO,BLACK HAWK,,E PARK AVE & WALNUT ST,Collision with:  Vehicle in traffic,On Roadway,Rear-end (front to rear),FTYROW:  Other (explain in narrative),None Indicated,,Daylight,Dry,Clear,None apparent,Non-intersection:  Non-junction/no special feature,Paved,,Property Damage Only,0,0,0,0,0,0,3000,2,2,,POINT (-92.333305856341 42.502049712407)
2014831536,2014066417,11/27/2014,11-November,5-Thursday,09:36,0900 Hours,District 1 (Central),,POWESHIEK,I-80,I-80,Collision with:  Vehicle in traffic,On Roadway,Rear-end (front to rear),Followed too close,None Indicated,,Daylight,Dry,Clear,None apparent,Non-intersection:  Non-junction/no special feature,Paved,,Property Damage Only,0,0,0,0,0,0,2500,2,4,,POINT (-92.513711400572 41.695103127958)
2014830916,14027668,11/27/2014,11-November,5-Thursday,20:52,2000 Hours,District 5 (Southeast),OSKALOOSA,MAHASKA,IA 23,IA 23/17TH ST,Collision with:  Animal,On Roadway,Non-collision (single vehicle),Animal,None Indicated,,Dark - roadway not lighted,Dry,Cloudy,None apparent,Non-intersection:  Non-junction/no special feature,Paved,,Property Damage Only,0,0,0,0,0,0,4500,1,4,,POINT (-92.62357469693 41.28960413317)
2014830618,14-018723,11/27/2014,11-November,5-Thursday,01:32,0100 Hours,District 2 (Northeast),NORA SPRINGS,FLOYD,US 18,US 18,Collision with:  Animal,,,Animal,None Indicated,,,,,,,Paved,,Property Damage Only,0,0,0,0,0,0,2000,1,1,,POINT (-93.002974659093 43.116751603159)
2014830479,201417745,11/27/2014,11-November,5-Thursday,20:14,2000 Hours,District 6 (East Central),CEDAR RAPIDS,LINN,,F AVE NW & 15TH ST NW,Collision with fixed object:  Other fixed object (explain in narrative),On Roadway,Non-collision (single vehicle),Other (explain in narrative):  Other,None Indicated,,Dark - roadway lighted,Dry,Clear,None apparent,Non-intersection:  Non-junction/no special feature,Paved,,Property Damage Only,0,0,0,0,0,0,6500,1,1,,POINT (-91.691372743027 41.979019818312)
2014830400,20140035222,11/27/2014,11-November,5-Thursday,03:00,0300 Hours,District 1 (Central),DES MOINES,POLK,US 69,US 69/SE 14TH ST & E GLENWOOD DR,Collision with:  Parked motor vehicle,Roadside,Broadside (front to side),Ran off road - right,None Indicated,,Dark - roadway lighted,Ice/frost,Cloudy,"Surface condition (e.g., wet, icy)",Non-intersection:  Driveway access (within),Paved,,Possible/Unknown,0,1,0,0,1,0,3000,2,2,,POINT (-93.59690209917 41.558960483166)
2014830808,14-31414,11/27/2014,11-November,5-Thursday,10:47,1000 Hours,District 1 (Central),,JASPER,,Co Rd F62/HWY F-62 E & Co Rd T22/HWY T-22 S & E 104TH ST S,Collision with fixed object:  Ditch,Outside trafficway,Non-collision (single vehicle),Ran off road - straight,None Indicated,,Daylight,Ice/frost,Clear,"Surface condition (e.g., wet, icy)",Intersection:  Four-way intersection,Paved,,Possible/Unknown,0,1,0,0,1,0,6000,1,2,,POINT (-92.890929157303 41.581021788046)
2014831159,2014-040061,11/27/2014,11-November,5-Thursday,17:51,1700 Hours,District 6 (East Central),DUBUQUE,DUBUQUE,,ROSEDALE AVE & W LOCUST ST,Collision with:  Animal,On Roadway,Non-collision (single vehicle),Animal,None Indicated,,Dark - roadway lighted,Dry,Clear,None apparent,Non-intersection:  Non-junction/no special feature,Paved,,Property Damage Only,0,0,0,0,0,0,2000,1,2,,POINT (-90.686224985858 42.509083919133)
2014830714,2014066403,11/27/2014,11-November,5-Thursday,05:10,0500 Hours,District 5 (Southeast),,HENRY,,Co Rd W55/FRANKLIN AVE,Non-collision events:  Overturn/rollover,On Roadway,Non-collision (single vehicle),Crossed centerline (undivided),None Indicated,,Dark - roadway not lighted,Ice/frost,Cloudy,"Surface condition (e.g., wet, icy)",Non-intersection:  Non-junction/no special feature,Paved,,Property Damage Only,0,0,0,0,0,0,2000,1,1,,POINT (-91.622296182847 40.868275715566)
2014834369,2014-81609,11/27/2014,11-November,5-Thursday,02:02,0200 Hours,District 6 (East Central),DAVENPORT,SCOTT,US 67,US 67/E RIVER DR & E 3RD ST,Collision with:  Vehicle in traffic,On Roadway,"Sideswipe, same direction","Operating vehicle in an reckless, erratic, careless, negligent manner",None Indicated,,Dark - roadway lighted,Ice/frost,Clear,None apparent,Intersection:  T-intersection,Paved,,Property Damage Only,0,0,0,0,0,0,6000,2,4,,POINT (-90.565782153525 41.522417298068)
2014830582,14-005605,11/27/2014,11-November,5-Thursday,11:20,1100 Hours,District 1 (Central),AMES,STORY,I-35,I-35,Collision with:  Vehicle in traffic,On Roadway,Rear-end (front to rear),Other (explain in narrative):  Other,None Indicated,,Daylight,Wet,Cloudy,None apparent,Non-intersection:  Non-junction/no special feature,Paved,,Possible/Unknown,0,1,0,0,1,0,25000,2,5,,POINT (-93.570899200896 42.030515757015)
2014830285,14-42221,11/27/2014,11-November,5-Thursday,11:16,1100 Hours,District 5 (Southeast),BURLINGTON,DES MOINES,,ANGULAR ST & SUMMER ST,Collision with:  Vehicle in traffic,On Roadway,Broadside (front to side),FTYROW:  From stop sign,None Indicated,,Daylight,Slush,Clear,None apparent,Intersection:  Four-way intersection,Paved,,Property Damage Only,0,0,0,0,0,0,3000,2,3,,POINT (-91.114033523704 40.801424920237)
2014831157,2014-040053,11/27/2014,11-November,5-Thursday,04:10,0400 Hours,District 6 (East Central),DUBUQUE,DUBUQUE,US 52,US 52/WHITE ST/E 21ST ST,Collision with:  Vehicle in traffic,On Roadway,Broadside (front to side),Ran Stop Sign,Alcohol (Statutory),,Dark - roadway lighted,Dry,Cloudy,None apparent,Intersection:  Four-way intersection,Paved,,Property Damage Only,0,0,0,0,0,0,6000,2,2,,POINT (-90.669925011168 42.512427623151)
2014831361,SO1405124,11/27/2014,11-November,5-Thursday,02:10,0200 Hours,District 5 (Southeast),,JEFFERSON,US 34,US 34 & VELVETLEAF AVE,Collision with:  Vehicle in traffic,On Roadway,"Sideswipe, same direction",Other (explain in narrative):  No improper action,None Indicated,,Dark - roadway not lighted,Snow,Snow,None apparent,Non-intersection:  Non-junction/no special feature,Paved,,Property Damage Only,0,0,0,0,0,0,2100,2,2,,POINT (-91.775130692925 40.988113801198)
2014830788,14-036322,11/27/2014,11-November,5-Thursday,03:07,0300 Hours,District 5 (Southeast),,LEE,US 61,US 61/US 61 NW RAMP,Collision with fixed object:  Traffic sign support,On Roadway,Non-collision (single vehicle),Driving too fast for conditions,None Indicated,,Dark - roadway not lighted,Ice/frost,Clear,"Surface condition (e.g., wet, icy)",Interchange-related:  On-ramp merge area,Paved,,Property Damage Only,0,0,0,0,0,0,1500,1,1,,POINT (-91.400974122065 40.626749443308)
2014831049,,11/27/2014,11-November,5-Thursday,22:15,2200 Hours,District 5 (Southeast),,KEOKUK,IA 22,IA 22/IOWA 22,Collision with:  Animal,On Roadway,Non-collision (single vehicle),Animal,None Indicated,,Dark - roadway not lighted,Dry,Clear,,Non-intersection:  Non-junction/no special feature,Paved,,Property Damage Only,0,0,0,0,0,0,5000,1,2,,POINT (-92.028195619621 41.46069171799)
2014830462,2014-24309,11/27/2014,11-November,5-Thursday,07:04,0700 Hours,District 6 (East Central),,SCOTT,US 61,US 61/140 ST,Collision with:  Animal,,,Animal,None Indicated,,,,,,,Paved,,Property Damage Only,0,0,0,0,0,0,3000,1,1,,POINT (-90.720060148916 41.508981999516)
2014830386,20140035259,11/27/2014,11-November,5-Thursday,15:30,1500 Hours,District 1 (Central),DES MOINES,POLK,I-235,I-235,Collision with:  Vehicle in traffic,On Roadway,Rear-end (front to rear),Followed too close,None Indicated,,Daylight,Dry,Cloudy,None apparent,Non-intersection:  Non-junction/no special feature,Paved,,Possible/Unknown,0,2,0,0,2,0,10000,2,2,,POINT (-93.642087487903 41.596385418489)
2014832043,,11/27/2014,11-November,5-Thursday,16:07,1600 Hours,District 2 (Northeast),,WINNESHIEK,,MIDDLE HESPER RD,Collision with fixed object:  Tree,On Roadway,Non-collision (single vehicle),Crossed centerline (undivided),None Indicated,,Daylight,Ice/frost,Cloudy,"Surface condition (e.g., wet, icy)",Non-intersection:  Non-junction/no special feature,Unpaved,,Property Damage Only,0,0,0,0,0,0,10000,1,1,,POINT (-91.760013869217 43.449980286499)
2014830883,14-2663,11/27/2014,11-November,5-Thursday,10:10,1000 Hours,District 1 (Central),URBANDALE,POLK,,86TH ST,Collision with fixed object:  Concrete traffic barrier (median or right side),On Roadway,Non-collision (single vehicle),Crossed centerline (undivided),None Indicated,,Daylight,Ice/frost,Snow,"Surface condition (e.g., wet, icy)",Non-intersection:  Other non-intersection (explain in narrative),Paved,,Property Damage Only,0,0,0,0,0,0,5000,1,1,,POINT (-93.736459944695 41.652258542843)