Iowa DOT Case Number,Law Enforcement Case Number,Date of Crash,Month of Crash,Day of Week,Time of Crash,Hour,DOT District,City Name,County Name,Route with System,Location Description,First Harmful Event,Location of First Harmful Event,Manner of Crash/Collision,Major Cause,Drug or Alcohol ,Environmental Conditions,Light Conditions,Surface Conditions,Weather Conditions,Roadway Contribution,Roadway Type,Roadway Surface,Work Zone,Crash Severity,Number of Fatalities,Number of Injuries,Number of Major Injuries,Number of Minor Injuries,Number of Possible Injuries,Number of Unknown Injuries,Amount of Property Damage,Number of Vehicles Involved,Total Number of Occupants,Travel Direction,Location
2014830948,14C05261,11/28/2014,11-November,6-Friday,15:20,1500 Hours,District 4 (Southwest),CRESTON,UNION,IA 25,IA 25/S SUMNER AVE,Collision with:  Vehicle in traffic,Outside trafficway,"Sideswipe, opposite direction",Other (explain in narrative):  Vision obstructed,None Indicated,,Daylight,Dry,Clear,None apparent,Non-intersection:  Non-junction/no special feature,Paved,,Property Damage Only,0,0,0,0,0,0,1600,2,2,,POINT (-94.371562543608 41.049903846538)
2014831585,S1412470,11/28/2014,11-November,6-Friday,19:15,1900 Hours,District 3 (Northwest),LAWTON,WOODBURY,,Co Rd D12/110TH ST,Collision with:  Animal,,,Animal,None Indicated,,,,,,,Paved,,Property Damage Only,0,0,0,0,0,0,2000,1,1,,POINT (-96.277997601567 42.547548020638)
2014832339,2014-014023,11/28/2014,11-November,6-Friday,22:00,2200 Hours,District 6 (East Central),,DUBUQUE,US 52,US 52,Collision with fixed object:  Ditch,On Roadway,Non-collision (single vehicle),Ran off road - right,None Indicated,,Dark - roadway not lighted,Dry,Cloudy,None apparent,Non-intersection:  Non-junction/no special feature,Paved,,Property Damage Only,0,0,0,0,0,0,5500,1,1,,POINT (-90.917307980729 42.58427300129)
2014830456,14-3812,11/28/2014,11-November,6-Friday,14:00,1400 Hours,District 1 (Central),FORT DODGE,WEBSTER,,1ST AVE N & N 17TH ST,Collision with:  Vehicle in traffic,Roadside,Broadside (front to side),FTYROW:  From parked position,None Indicated,,Daylight,Snow,Cloudy,None apparent,Non-intersection:  Non-junction/no special feature,Paved,,Property Damage Only,0,0,0,0,0,0,2500,2,2,,POINT (-94.174968402285 42.507286500979)
2014831543,2014066616,11/28/2014,11-November,6-Friday,17:25,1700 Hours,District 6 (East Central),IOWA CITY,JOHNSON,,Co Rd W66/DUBUQUE ST & LINDER RD,Collision with:  Animal,,,Animal,None Indicated,,,,,,,Paved,,Property Damage Only,0,0,0,0,0,0,2500,1,1,,POINT (-91.544208834458 41.689513697198)
2014830845,2014013254,11/28/2014,11-November,6-Friday,19:20,1900 Hours,District 6 (East Central),IOWA CITY,JOHNSON,,PLUM ST,Collision with:  Parked motor vehicle,On Roadway,Unknown,Unknown,None Indicated,,Dark - roadway lighted,Dry,Clear,None apparent,Non-intersection:  Non-junction/no special feature,Paved,,Property Damage Only,0,0,0,0,0,0,3500,2,777,,POINT (-91.523754450381 41.643912296816)
2014831598,2014066632,11/28/2014,11-November,6-Friday,20:00,2000 Hours,District 4 (Southwest),,POTTAWATTAMIE,I-80,I-80,Collision with:  Vehicle in traffic,On Roadway,Rear-end (front to rear),Followed too close,None Indicated,,Dark - roadway not lighted,Dry,Clear,None apparent,Non-intersection:  Non-junction/no special feature,Paved,,Minor Injury,0,2,0,1,1,0,4000,2,9,,POINT (-95.363064541784 41.497639254362)
2014831112,1400001060,11/28/2014,11-November,6-Friday,18:06,1800 Hours,District 1 (Central),,MARSHALL,IA 330,IA 330/MARSHALLTOWN BLVD & Co Rd E63/295TH ST,Collision with:  Vehicle in traffic,On Roadway,Broadside (front to side),Ran Stop Sign,None Indicated,,Dark - roadway not lighted,Dry,Clear,None apparent,Intersection:  Four-way intersection,Paved,,Property Damage Only,0,0,0,0,0,0,8000,2,3,,POINT (-93.137651077263 41.9267538395)
2014830924,2014013287,11/29/2014,11-November,7-Saturday,15:15,1500 Hours,District 6 (East Central),IOWA CITY,JOHNSON,,TRACY LN,Collision with:  Vehicle in traffic,On Roadway,Rear-end (front to rear),Improper Backing,None Indicated,,Daylight,Dry,Clear,None apparent,Non-intersection:  Non-junction/no special feature,Paved,,Property Damage Only,0,0,0,0,0,0,3000,2,1,,POINT (-91.514478008357 41.639496485156)
2014830909,2014-23139,11/29/2014,11-November,7-Saturday,18:43,1800 Hours,District 6 (East Central),BETTENDORF,SCOTT,,CROW CREEK RD,Collision with:  Vehicle in traffic,On Roadway,Rear-end (front to rear),Driver Distraction:  Passenger,None Indicated,,Dark - roadway not lighted,Wet,Clear,None apparent,Non-intersection:  Non-junction/no special feature,Paved,,Property Damage Only,0,0,0,0,0,0,12000,2,2,,POINT (-90.515275903655 41.567611163849)
2014830539,20140035464,11/29/2014,11-November,7-Saturday,20:43,2000 Hours,District 1 (Central),DES MOINES,POLK,,E GRAND AVE,Collision with:  Vehicle in traffic,On Roadway,"Sideswipe, same direction",Made improper turn,None Indicated,,Dark - roadway lighted,Wet,Clear,None apparent,Non-intersection:  Non-junction/no special feature,Paved,,Property Damage Only,0,0,0,0,0,0,5000,2,3,,POINT (-93.612585276573 41.590421476251)
2014833144,2014-82017,11/29/2014,11-November,7-Saturday,16:51,1600 Hours,District 6 (East Central),DAVENPORT,SCOTT,,WAVERLY RD & N LINCOLN AVE,Collision with:  Vehicle in traffic,On Roadway,"Sideswipe, same direction",Driver Distraction:  Reaching for object(s)/fallen object(s),None Indicated,,Daylight,Dry,Clear,None apparent,Non-intersection:  Non-junction/no special feature,Paved,,Property Damage Only,0,0,0,0,0,0,1500,2,1,,POINT (-90.616070191295 41.526272330802)
2014831436,1411298021,11/29/2014,11-November,7-Saturday,22:35,2200 Hours,District 6 (East Central),,CLINTON,IA 136,IA 136/IOWA 136,Collision with:  Animal,,,Animal,None Indicated,,,,,,,Paved,,Property Damage Only,0,0,0,0,0,0,6000,1,1,,POINT (-90.23628655681 41.873717238969)
2014833618,14-029005,11/29/2014,11-November,7-Saturday,06:46,0600 Hours,District 5 (Southeast),,MARION,IA 5,IA 5/IOWA 5,Collision with:  Animal,,,Animal,None Indicated,,,,,,,Paved,,Property Damage Only,0,0,0,0,0,0,2500,1,1,,POINT (-93.058074321684 41.285547884266)
2014831677,201404384,11/29/2014,11-November,7-Saturday,16:13,1600 Hours,District 6 (East Central),,LINN,US 30,US 30 & OLD RIVER RD,Collision with:  Vehicle in traffic,On Roadway,Broadside (front to side),FTYROW:  From stop sign,None Indicated,,Daylight,Wet,Cloudy,None apparent,Intersection:  Four-way intersection,Paved,,Property Damage Only,0,0,0,0,0,0,3000,2,4,,POINT (-91.555575901905 41.925811422726)
2014832756,14-17589,11/29/2014,11-November,7-Saturday,01:36,0100 Hours,District 6 (East Central),,JACKSON,,174 AVE,Collision with fixed object:  Tree,Shoulder,Non-collision (single vehicle),Ran off road - right,None Indicated,,Dark - roadway not lighted,"Mud, dirt",Clear,None apparent,Non-intersection:  Non-junction/no special feature,Unpaved,,Property Damage Only,0,0,0,0,0,0,5000,1,2,,POINT (-90.708420321822 42.037171489911)
2014831327,2014066709,11/29/2014,11-November,7-Saturday,11:48,1100 Hours,District 2 (Northeast),,WORTH,I-35,I-35,Collision with:  Animal,,,Animal,None Indicated,,,,,,,Paved,,Property Damage Only,0,0,0,0,0,0,1900,1,1,,POINT (-93.349088174574 43.26505914306)
2014833915,A14093,11/29/2014,11-November,7-Saturday,16:42,1600 Hours,District 5 (Southeast),KNOXVILLE,MARION,IA 14,IA 14/LINCOLN ST & W ROCK ISLAND ST,Collision with:  Vehicle in traffic,On Roadway,"Angle, oncoming left turn",Crossed centerline (undivided),None Indicated,,Daylight,Dry,Clear,None apparent,Intersection:  Four-way intersection,Paved,,Property Damage Only,0,0,0,0,0,0,3500,2,3,,POINT (-93.109479863892 41.32535178816)
2014830980,2014-24437,11/29/2014,11-November,7-Saturday,02:00,0200 Hours,District 6 (East Central),DAVENPORT,SCOTT,,BUFFALO AVE,Non-collision events:  Other non-collision (explain in narrative),On Roadway,Non-collision (single vehicle),Ran off road - left,None Indicated,,Dark - roadway not lighted,Wet,Clear,None apparent,Non-intersection:  Non-junction/no special feature,Paved,,Property Damage Only,0,0,0,0,0,0,2001,1,1,,POINT (-90.687034388007 41.59481144185)
2014850929,14009610,11/29/2014,11-November,7-Saturday,11:48,1100 Hours,District 5 (Southeast),,LOUISA,,100TH ST,Non-collision events:  Other non-collision (explain in narrative),On Roadway,Non-collision (single vehicle),Ran off road - right,None Indicated,,Daylight,"Mud, dirt",Clear,"Surface condition (e.g., wet, icy)",Non-intersection:  Non-junction/no special feature,Paved,,Property Damage Only,0,0,0,0,0,0,1550,1,1,,POINT (-91.206842767138 41.192916950772)
2014830762,143647,11/29/2014,11-November,7-Saturday,07:55,0700 Hours,District 3 (Northwest),,CRAWFORD,IA 141,IA 141/IOWA 141,Collision with:  Animal,,,Animal,None Indicated,,,,,,,Paved,,Property Damage Only,0,0,0,0,0,0,2000,1,1,,POINT (-95.577954725431 42.06892584535)
2014830975,S14-117041,11/29/2014,11-November,7-Saturday,07:45,0700 Hours,District 2 (Northeast),GILBERTVILLE,BLACK HAWK,I-380,I-380,Non-collision events:  Other non-collision (explain in narrative),On Roadway,Non-collision (single vehicle),Ran off road - right,None Indicated,,Daylight,Ice/frost,Clear,None apparent,Non-intersection:  Non-junction/no special feature,Paved,,Possible/Unknown,0,2,0,0,2,0,5000,1,2,,POINT (-92.227472879667 42.45028600888)
2014830741,149297,11/29/2014,11-November,7-Saturday,18:23,1800 Hours,District 4 (Southwest),WAUKEE,DALLAS,,UTE AVE,Collision with:  Animal,,,Animal,None Indicated,,,,,,,Paved,,Property Damage Only,0,0,0,0,0,0,1500,1,1,,POINT (-93.88469355026 41.587370564925)
2014830552,20140035427,11/29/2014,11-November,7-Saturday,14:02,1400 Hours,District 1 (Central),DES MOINES,POLK,,INDIANOLA RD,Collision with:  Vehicle in traffic,On Roadway,"Sideswipe, same direction",Made improper turn,None Indicated,,Daylight,Wet,Cloudy,None apparent,Non-intersection:  Non-junction/no special feature,Paved,,Property Damage Only,0,0,0,0,0,0,1600,2,2,,POINT (-93.615675729512 41.572210294753)
2014831143,2014-014041,11/29/2014,11-November,7-Saturday,17:58,1700 Hours,District 6 (East Central),,DUBUQUE,,Co Rd Y17/NORTH CASCADE RD,Collision with:  Animal,,,Animal,None Indicated,,,,,,,Paved,,Property Damage Only,0,0,0,0,0,0,2000,1,1,,POINT (-90.952100400052 42.349246723463)
2014830974,S14-117039,11/29/2014,11-November,7-Saturday,06:59,0600 Hours,District 2 (Northeast),GILBERTVILLE,BLACK HAWK,I-380,I-380 & US 20,Collision with fixed object:  Guardrail - face,Shoulder,Non-collision (single vehicle),Ran off road - right,None Indicated,,Dawn,Ice/frost,Clear,None apparent,Non-intersection:  Other non-intersection (explain in narrative),Paved,,Property Damage Only,0,0,0,0,0,0,6000,1,1,,POINT (-92.191463056172 42.449488288698)
2014830809,14-31611,11/29/2014,11-November,7-Saturday,13:50,1300 Hours,District 1 (Central),,JASPER,US 6,US 6/US 6 E & E 60TH ST N & E 60TH ST S,Collision with:  Vehicle in traffic,On Roadway,Rear-end (front to rear),Swerving/Evasive Action,None Indicated,,Daylight,"Mud, dirt",Cloudy,"Surface condition (e.g., wet, icy)",Intersection:  Four-way intersection,Paved,,Property Damage Only,0,0,0,0,0,0,6000,2,3,,POINT (-92.980240818106 41.702831573386)
2014830497,W14-117185,11/29/2014,11-November,7-Saturday,17:53,1700 Hours,District 2 (Northeast),WATERLOO,BLACK HAWK,,BOURLAND AVE & W 9TH ST,Collision with:  Vehicle in traffic,On Roadway,Broadside (front to side),Ran Stop Sign,None Indicated,,Dark - roadway lighted,Wet,Clear,None apparent,Intersection:  T-intersection,Paved,,Property Damage Only,0,0,0,0,0,0,4000,2,4,,POINT (-92.34244170578 42.475751394619)
2014831187,112914-081,11/29/2014,11-November,7-Saturday,11:18,1100 Hours,District 3 (Northwest),STORM LAKE,BUENA VISTA,,LAKE AVE & E 12TH ST,Collision with:  Vehicle in traffic,On Roadway,Broadside (front to side),Other (explain in narrative):  Other,None Indicated,,Daylight,Wet,Clear,None apparent,Non-intersection:  Non-junction/no special feature,Paved,,Property Damage Only,0,0,0,0,0,0,4000,2,2,,POINT (-95.20080789689 42.654060181678)
2014830607,14-39214,11/29/2014,11-November,7-Saturday,09:57,0900 Hours,District 3 (Northwest),SIOUX CITY,WOODBURY,,13TH ST & FLOYD BLVD,Collision with:  Vehicle in traffic,On Roadway,Broadside (front to side),FTYROW:  From stop sign,None Indicated,,Daylight,Dry,Clear,None apparent,Intersection:  T-intersection,Paved,,Property Damage Only,0,0,0,0,0,0,2000,2,5,,POINT (-96.393535401088 42.504075090129)
2014833916,A14094,11/29/2014,11-November,7-Saturday,18:01,1800 Hours,District 5 (Southeast),KNOXVILLE,MARION,IA 14,IA 14/LINCOLN ST & ERWIN DR,Collision with:  Vehicle in traffic,On Roadway,Rear-end (front to rear),Swerving/Evasive Action,None Indicated,,Dark - roadway lighted,Wet,Cloudy,None apparent,Non-intersection:  Non-junction/no special feature,Paved,,Property Damage Only,0,0,0,0,0,0,4200,2,2,,POINT (-93.109547698643 41.337313973035)
2014830510,1411298111,11/29/2014,11-November,7-Saturday,17:30,1700 Hours,District 6 (East Central),,CLINTON,,Co Rd Y62/260 AVE/252 ST,Collision with fixed object:  Ditch,Shoulder,Non-collision (single vehicle),Ran off road - straight,None Indicated,,Dark - roadway not lighted,Dry,Clear,None apparent,Intersection:  T-intersection,Paved,,Minor Injury,0,1,0,1,0,0,5000,1,1,,POINT (-90.58759297722 41.811194280363)
2014835392,EP14-2252,11/29/2014,11-November,7-Saturday,13:23,1300 Hours,District 2 (Northeast),EAGLE GROVE,WRIGHT,,,Collision with:  Vehicle in traffic,On Roadway,Head-on (front to front),FTYROW:  From parked position,None Indicated,,Daylight,Ice/frost,Clear,None apparent,Non-intersection:  Non-junction/no special feature,,,Property Damage Only,0,0,0,0,0,0,2000,2,2,,POINT (-96.643700149993 40.233091251414)
2014831658,14020759,11/29/2014,11-November,7-Saturday,15:23,1500 Hours,District 2 (Northeast),,CERRO GORDO,US 65,US 65,Collision with:  Animal,,,Animal,None Indicated,,,,,,,Paved,,Property Damage Only,0,0,0,0,0,0,6000,1,1,,POINT (-93.207496183875 43.188070996528)
2014830789,14-036431,11/29/2014,11-November,7-Saturday,17:48,1700 Hours,District 5 (Southeast),FORT MADISON,LEE,US 61,US 61,Collision with:  Animal,,,Animal,None Indicated,,,,,,,Paved,,Property Damage Only,0,0,0,0,0,0,2000,1,1,,POINT (-91.377901232837 40.641642546332)
2014830907,SO14-1500,11/29/2014,11-November,7-Saturday,04:30,0400 Hours,District 2 (Northeast),,WRIGHT,,Co Rd C20/130TH ST & HANCOCK AVE,Collision with fixed object:  Ditch,On Roadway,Non-collision (single vehicle),Swerving/Evasive Action,None Indicated,,Dark - roadway not lighted,Wet,Cloudy,None apparent,Intersection:  Other intersection (explain in narrative),Unpaved,,Possible/Unknown,0,1,0,0,1,0,3100,1,1,,POINT (-93.832632259275 42.86322904312)
2014831164,2014-040111,11/29/2014,11-November,7-Saturday,16:58,1600 Hours,District 6 (East Central),DUBUQUE,DUBUQUE,US 52,US 52/WHITE ST & E 14TH ST,Collision with:  Vehicle in traffic,On Roadway,"Angle, oncoming left turn",FTYROW:  Making left turn,None Indicated,,Dark - roadway lighted,Dry,Clear,None apparent,Intersection:  Other intersection (explain in narrative),Paved,,Property Damage Only,0,0,0,0,0,0,6000,2,2,,POINT (-90.666719582182 42.506653071875)
2014832148,2014066737,11/29/2014,11-November,7-Saturday,16:15,1600 Hours,District 6 (East Central),,JOHNSON,I-380,I-380,Collision with:  Vehicle in traffic,On Roadway,Rear-end (front to rear),Followed too close,None Indicated,,Daylight,Dry,Clear,None apparent,Non-intersection:  Non-junction/no special feature,Paved,,Possible/Unknown,0,1,0,0,1,0,6000,2,3,,POINT (-91.656141644932 41.821961782531)
2014832126,261402180,11/29/2014,11-November,7-Saturday,18:29,1800 Hours,District 5 (Southeast),FLORIS,DAVIS,,185TH ST,Collision with:  Animal,On Roadway,Non-collision (single vehicle),Animal,None Indicated,,Dark - roadway not lighted,Dry,Clear,None apparent,Non-intersection:  Non-junction/no special feature,Unpaved,,Property Damage Only,0,0,0,0,0,0,2300,1,3,,POINT (-92.215864997496 40.792141778438)
2014830724,PD1410722,11/29/2014,11-November,7-Saturday,18:56,1800 Hours,District 5 (Southeast),FAIRFIELD,JEFFERSON,,W BURLINGTON AVE & S 14TH ST,Collision with:  Vehicle in traffic,On Roadway,Broadside (front to side),FTYROW:  From stop sign,None Indicated,,Dark - roadway lighted,Wet,Clear,None apparent,Intersection:  T-intersection,Paved,,Possible/Unknown,0,1,0,0,1,0,3000,2,6,,POINT (-91.979451712567 41.006408467342)
2014832822,03438,11/29/2014,11-November,7-Saturday,17:14,1700 Hours,District 6 (East Central),DYERSVILLE,DUBUQUE,US 20,US 20,Collision with:  Animal,,,Animal,None Indicated,,,,,,,Paved,,Property Damage Only,0,0,0,0,0,0,4000,1,1,,POINT (-91.10641077789 42.469116470151)
2014830983,14117048,11/29/2014,11-November,7-Saturday,08:28,0800 Hours,District 2 (Northeast),CEDAR FALLS,BLACK HAWK,US 218,US 218,Collision with fixed object:  Curb/island/raised median,Median,Non-collision (single vehicle),Swerving/Evasive Action,None Indicated,,Daylight,Other (explain in narrative),Clear,"Surface condition (e.g., wet, icy)",Non-intersection:  Other non-intersection (explain in narrative),Paved,,Property Damage Only,0,0,0,0,0,0,3500,1,1,,POINT (-92.42529211272 42.540642472378)
2014831548,2014066778,11/29/2014,11-November,7-Saturday,21:40,2100 Hours,District 1 (Central),,POLK,I-80,I-80,Collision with:  Vehicle in traffic,On Roadway,Rear-end (front to rear),Swerving/Evasive Action,None Indicated,,Dark - roadway not lighted,Dry,Clear,None apparent,Non-intersection:  Non-junction/no special feature,Paved,,Property Damage Only,0,0,0,0,0,0,26000,2,2,,POINT (-93.353140306814 41.680727619848)
2014830838,14S01891,11/29/2014,11-November,7-Saturday,15:25,1500 Hours,District 4 (Southwest),,UNION,,Co Rd H33/150TH ST,Non-collision events:  Other non-collision (explain in narrative),On Roadway,Non-collision (single vehicle),Swerving/Evasive Action,None Indicated,,Daylight,Wet,Clear,"Surface condition (e.g., wet, icy)",Non-intersection:  Non-junction/no special feature,Unpaved,,Minor Injury,0,1,0,1,0,0,9200,1,1,,POINT (-94.175972282236 41.084908651059)
2014830535,20140035431,11/29/2014,11-November,7-Saturday,14:24,1400 Hours,District 1 (Central),DES MOINES,POLK,IA 28,IA 28/MERLE HAY RD & SUTTON PL & FRONTAGE RD CONN,Collision with:  Vehicle in traffic,On Roadway,Rear-end (front to rear),Followed too close,None Indicated,,Daylight,Dry,Clear,None apparent,Non-intersection:  Non-junction/no special feature,Paved,,Possible/Unknown,0,1,0,0,1,0,8000,2,2,,POINT (-93.697687272594 41.648348142634)
2014831240,2014-25642,11/29/2014,11-November,7-Saturday,13:54,1300 Hours,District 5 (Southeast),INDIANOLA,WARREN,IA 92,IA 92/W 2ND AVE & S F ST,Collision with:  Vehicle in traffic,On Roadway,Broadside (front to side),Other (explain in narrative):  Other,None Indicated,,Daylight,Dry,Clear,None apparent,Non-intersection:  Non-junction/no special feature,Paved,,Property Damage Only,0,0,0,0,0,0,4000,2,5,,POINT (-93.570844629231 41.35841552974)
2014830517,14025299,11/29/2014,11-November,7-Saturday,16:34,1600 Hours,District 6 (East Central),MARION,LINN,,BOYSON RD,Collision with:  Vehicle in traffic,On Roadway,Rear-end (front to rear),Other (explain in narrative):  Other,None Indicated,,Daylight,Dry,Clear,None apparent,Intersection:  T-intersection,Paved,,Property Damage Only,0,0,0,0,0,0,5500,2,2,,POINT (-91.602053127125 42.044577823132)
2014830846,PD14-11751,11/29/2014,11-November,7-Saturday,11:39,1100 Hours,District 1 (Central),MARSHALLTOWN,MARSHALL,IA 14,IA 14/S CENTER ST,Collision with:  Vehicle in traffic,On Roadway,Rear-end (front to rear),Other (explain in narrative):  Other,None Indicated,,Daylight,Dry,Clear,None apparent,Non-intersection:  Non-junction/no special feature,Paved,,Property Damage Only,0,0,0,0,0,0,5000,2,2,,POINT (-92.912715235107 42.032830024989)
2014832923,14004063,11/29/2014,11-November,7-Saturday,22:42,2200 Hours,District 5 (Southeast),,KEOKUK,,180TH ST,Collision with fixed object:  Tree,Gore,Non-collision (single vehicle),Ran off road - right,None Indicated,,Dark - roadway not lighted,Dry,Clear,None apparent,Non-intersection:  Non-junction/no special feature,Unpaved,,Possible/Unknown,0,1,0,0,1,0,1000,1,2,,POINT (-92.341017655092 41.394281135259)
2014830761,14-23122,11/29/2014,11-November,7-Saturday,13:15,1300 Hours,District 6 (East Central),BETTENDORF,SCOTT,,MIDDLE RD & 14TH ST,Collision with:  Vehicle in traffic,On Roadway,Rear-end (front to rear),Followed too close,None Indicated,,Daylight,Wet,Cloudy,None apparent,Intersection:  T-intersection,Paved,,Possible/Unknown,0,2,0,0,2,0,800,2,3,,POINT (-90.51310693391 41.543184094972)
2014830743,14-050242,11/29/2014,11-November,7-Saturday,00:00,0000 Hours,District 4 (Southwest),COUNCIL BLUFFS,POTTAWATTAMIE,,SKYLINE DR,Collision with:  Parked motor vehicle,On Roadway,Broadside (front to side),Unknown,None Indicated,,Unknown,Unknown,Unknown,Unknown,Non-intersection:  Non-junction/no special feature,Paved,,Property Damage Only,0,0,0,0,0,0,2500,2,777,,POINT (-95.834935062712 41.247808509398)
2014836367,,11/29/2014,11-November,7-Saturday,09:05,0900 Hours,District 2 (Northeast),DECORAH,WINNESHIEK,,S MILL ST,Collision with:  Parked motor vehicle,Roadside,Rear-end (front to rear),Lost Control,None Indicated,,Daylight,Slush,Clear,None apparent,Non-intersection:  Non-junction/no special feature,Paved,,Property Damage Only,0,0,0,0,0,0,3400,2,1,,POINT (-91.792172733397 43.296349569674)
2014830906,20144387,11/29/2014,11-November,7-Saturday,06:20,0600 Hours,District 1 (Central),,GRUNDY,US 20,US 20,Unknown,Unknown,Non-collision (single vehicle),Unknown,Alcohol (Statutory),,Unknown,Unknown,Clear,Unknown,Unknown,Paved,,Property Damage Only,0,0,0,0,0,0,4000,1,1,,POINT (-92.834931739797 42.463073275087)
2014830725,2014-81972,11/29/2014,11-November,7-Saturday,10:09,1000 Hours,District 6 (East Central),DAVENPORT,SCOTT,,S LINCOLN AVE,Non-collision events:  Other non-collision (explain in narrative),On Roadway,Non-collision (single vehicle),Lost Control,None Indicated,,Daylight,Dry,Clear,None apparent,Non-intersection:  Non-junction/no special feature,Paved,,Property Damage Only,0,0,0,0,0,0,3500,1,1,,POINT (-90.612699413412 41.519510570358)
2014830939,14-3818,11/29/2014,11-November,7-Saturday,23:59,2300 Hours,District 1 (Central),FORT DODGE,WEBSTER,,N 12TH ST,Collision with:  Vehicle in traffic,On Roadway,"Sideswipe, same direction",Improper Backing,Refused,,Dark - roadway lighted,Wet,Cloudy,None apparent,Non-intersection:  Non-junction/no special feature,Paved,,Property Damage Only,0,0,0,0,0,0,1750,2,1,,POINT (-94.182728111558 42.506333120526)
2014835119,14-117036,11/29/2014,11-November,7-Saturday,05:07,0500 Hours,District 2 (Northeast),,BLACK HAWK,,WELLMAN RD,Collision with fixed object:  Ditch,Shoulder,Non-collision (single vehicle),Crossed centerline (undivided),Refused,,Dark - roadway not lighted,Other (explain in narrative),Cloudy,None apparent,Non-intersection:  Non-junction/no special feature,Unpaved,,Major Injury,0,2,1,1,0,0,20000,1,2,,POINT (-92.064789801475 42.362554219774)
2014831411,14-42433,11/29/2014,11-November,7-Saturday,18:03,1800 Hours,District 5 (Southeast),,DES MOINES,US 34,US 34 & SOUTH PRAIRIE GROVE RD,Collision with:  Animal,,,Animal,None Indicated,,,,,,,Paved,,Property Damage Only,0,0,0,0,0,0,3000,1,1,,POINT (-91.242749228455 40.832228868529)
2014831073,14-014529,11/29/2014,11-November,7-Saturday,19:05,1900 Hours,District 1 (Central),,TAMA,,H AVE,Collision with:  Animal,,,Animal,None Indicated,,,,,,,Unpaved,,Property Damage Only,0,0,0,0,0,0,1500,1,1,,POINT (-92.61581209324 41.977018559617)
2014830757,201417785,11/29/2014,11-November,7-Saturday,23:50,2300 Hours,District 6 (East Central),CEDAR RAPIDS,LINN,IA 922,IA 922/1ST AVE E & 8TH ST SE & 8TH ST NE,Collision with:  Vehicle in traffic,On Roadway,Broadside (front to side),Ran Traffic Signal,None Indicated,,Dark - roadway lighted,Wet,Cloudy,None apparent,Intersection:  Four-way intersection,Paved,,Property Damage Only,0,0,0,0,0,0,13500,2,2,,POINT (-91.662040617253 41.982527407866)
2014830914,14-018846,11/29/2014,11-November,7-Saturday,11:17,1100 Hours,District 2 (Northeast),ROCKFORD,FLOYD,,1ST AVE NE & 5TH ST NE,Collision with:  Vehicle in traffic,On Roadway,Broadside (front to side),Ran Stop Sign,None Indicated,,Daylight,Ice/frost,Clear,None apparent,Intersection:  Four-way intersection,Paved,,Property Damage Only,0,0,0,0,0,0,1800,2,3,,POINT (-92.941882005403 43.053369007722)
2014830867,14-036546,11/29/2014,11-November,7-Saturday,19:09,1900 Hours,District 5 (Southeast),,LEE,,Co Rd W62/ARGYLE RD,Collision with:  Animal,,,Animal,None Indicated,,,,,,,Paved,,Property Damage Only,0,0,0,0,0,0,1500,1,1,,POINT (-91.540065311889 40.486402152256)
2014833077,14-0683,11/29/2014,11-November,7-Saturday,22:15,2200 Hours,District 1 (Central),,WEBSTER,,Co Rd C56/120TH ST,Collision with:  Animal,,,Animal,None Indicated,,,,,,,Paved,,Property Damage Only,0,0,0,0,0,0,2500,1,1,,POINT (-94.210792849011 42.615809384951)
2014830958,14-6069,11/29/2014,11-November,7-Saturday,19:45,1900 Hours,District 4 (Southwest),WEST DES MOINES,DALLAS,,JORDAN CREEK PKWY,Collision with:  Vehicle in traffic,On Roadway,Head-on (front to front),FTYROW:  Making left turn,None Indicated,,Dark - roadway lighted,Wet,Cloudy,None apparent,Intersection:  Four-way intersection,Paved,,Minor Injury,0,1,0,1,0,0,16000,2,4,,POINT (-93.808905032568 41.59977325532)
2014830529,14-7878,11/29/2014,11-November,7-Saturday,21:20,2100 Hours,District 1 (Central),GRIMES,POLK,,SE 37TH ST & GLENSTONE DR,Collision with:  Parked motor vehicle,On Roadway,Rear-end (front to rear),Illegally Parked/Unattended,None Indicated,,Dark - roadway not lighted,Wet,Clear,None apparent,Non-intersection:  Non-junction/no special feature,Paved,,Property Damage Only,0,0,0,0,0,0,6300,2,1,,POINT (-93.76408304976 41.658473283743)
2014831593,32102-14,11/29/2014,11-November,7-Saturday,20:20,2000 Hours,District 3 (Northwest),,EMMET,,Co Rd N22/340 AVE,Collision with:  Animal,,,Animal,None Indicated,,,,,,,Paved,,Property Damage Only,0,0,0,0,0,0,1994,1,1,,POINT (-94.914813977198 43.490767940971)
2014881155,14-018875,11/29/2014,11-November,7-Saturday,17:22,1700 Hours,District 2 (Northeast),CHARLES CITY,FLOYD,,GILBERT ST,Collision with:  Animal,,,Animal,None Indicated,,,,,,,Paved,,Property Damage Only,0,0,0,0,0,0,3000,1,1,,POINT (-92.69565885221 43.07291612915)
2014830763,143650,11/29/2014,11-November,7-Saturday,10:01,1000 Hours,District 3 (Northwest),DENISON,CRAWFORD,US 30,US 30/4TH AVE S & S 24TH ST,Collision with:  Vehicle in traffic,On Roadway,Broadside (front to side),FTYROW:  From stop sign,None Indicated,,Daylight,Dry,Clear,None apparent,Intersection:  Four-way intersection,Paved,,Possible/Unknown,0,1,0,0,1,0,10500,2,2,,POINT (-95.339010877476 42.012862068347)
2014832535,177-2014,11/29/2014,11-November,7-Saturday,07:35,0700 Hours,District 4 (Southwest),,HARRISON,US 30,US 30,Collision with:  Vehicle in traffic,On Roadway,Rear-end (front to rear),Followed too close,None Indicated,,Daylight,Dry,Cloudy,None apparent,Non-intersection:  Non-junction/no special feature,Paved,,Possible/Unknown,0,3,0,0,3,0,14000,2,3,,POINT (-95.952726933965 41.550107242513)