Iowa DOT Case Number,Law Enforcement Case Number,Date of Crash,Month of Crash,Day of Week,Time of Crash,Hour,DOT District,City Name,County Name,Route with System,Location Description,First Harmful Event,Location of First Harmful Event,Manner of Crash/Collision,Major Cause,Drug or Alcohol ,Environmental Conditions,Light Conditions,Surface Conditions,Weather Conditions,Roadway Contribution,Roadway Type,Roadway Surface,Work Zone,Crash Severity,Number of Fatalities,Number of Injuries,Number of Major Injuries,Number of Minor Injuries,Number of Possible Injuries,Number of Unknown Injuries,Amount of Property Damage,Number of Vehicles Involved,Total Number of Occupants,Travel Direction,Location
2014832405,90-14-000413,11/29/2014,11-November,7-Saturday,18:10,1800 Hours,District 2 (Northeast),,HUMBOLDT,US 169,US 169/LINCOLN AVE,Collision with:  Animal,,,Animal,None Indicated,,,,,,,Paved,,Property Damage Only,0,0,0,0,0,0,3000,1,1,,POINT (-94.226685405044 42.691808523231)
2014830742,14-002715,11/29/2014,11-November,7-Saturday,12:55,1200 Hours,District 1 (Central),ALTOONA,POLK,I-80,I-80,Collision with:  Vehicle in traffic,On Roadway,Rear-end (front to rear),Followed too close,None Indicated,,Daylight,Wet,Cloudy,None apparent,Non-intersection:  Non-junction/no special feature,Paved,,Property Damage Only,0,0,0,0,0,0,4000,2,3,,POINT (-93.496011988845 41.660843467585)
2014831448,14-008142,11/29/2014,11-November,7-Saturday,21:48,2100 Hours,District 3 (Northwest),,MONONA,IA 175,IA 175/IOWA 175,Collision with fixed object:  Utility pole/light support,Roadside,Non-collision (single vehicle),Swerving/Evasive Action,None Indicated,,Dark - roadway not lighted,Dry,Cloudy,None apparent,Non-intersection:  Non-junction/no special feature,Paved,,Minor Injury,0,1,0,1,0,0,11500,1,1,,POINT (-95.820296402708 42.153104932569)
2014833683,891407743,11/29/2014,11-November,7-Saturday,01:20,0100 Hours,District 5 (Southeast),BONAPARTE,VAN BUREN,,4TH ST,Collision with fixed object:  Other fixed object (explain in narrative),Outside trafficway,Non-collision (single vehicle),Ran off road - left,None Indicated,,Dark - roadway not lighted,Other (explain in narrative),Cloudy,"Surface condition (e.g., wet, icy)",Non-intersection:  Non-junction/no special feature,Paved,,Possible/Unknown,0,1,0,0,0,1,7500,1,1,,POINT (-91.799225368088 40.700402425504)
2014830755,2014-25619,11/29/2014,11-November,7-Saturday,02:54,0200 Hours,District 5 (Southeast),,WARREN,,Co Rd R63/HWY R63,Collision with:  Animal,On Roadway,Non-collision (single vehicle),Animal,None Indicated,,Dark - roadway not lighted,Wet,Clear,None apparent,Non-intersection:  Non-junction/no special feature,Paved,,Property Damage Only,0,0,0,0,0,0,6000,1,1,,POINT (-93.62824582227 41.484212613024)
2014831747,201400057983,11/29/2014,11-November,7-Saturday,13:32,1300 Hours,District 5 (Southeast),OTTUMWA,WAPELLO,IA 149,IA 149/IOWA 149 & N COURT RD CONNECTOR,Collision with:  Vehicle in traffic,On Roadway,Broadside (front to side),FTYROW:  From stop sign,None Indicated,,Daylight,Dry,Clear,None apparent,Intersection:  Other intersection (explain in narrative),Paved,,Minor Injury,0,2,0,1,1,0,12000,2,3,,POINT (-92.409871982019 41.063671682005)
2014831069,14-010686,11/29/2014,11-November,7-Saturday,11:24,1100 Hours,District 6 (East Central),INDEPENDENCE,BUCHANAN,IA 150,IA 150/1ST ST E/5TH AVE NE & 5TH AVE SE,Collision with:  Vehicle in traffic,On Roadway,Rear-end (front to rear),Other (explain in narrative):  Other,None Indicated,,Daylight,Wet,Clear,None apparent,Intersection:  Four-way intersection,Paved,,Property Damage Only,0,0,0,0,0,0,1700,2,6,,POINT (-91.889359818565 42.468717014393)
2014830971,14-050227,11/29/2014,11-November,7-Saturday,11:45,1100 Hours,District 4 (Southwest),COUNCIL BLUFFS,POTTAWATTAMIE,US 6,US 6/W BROADWAY & S 35TH ST & N 35TH ST,Collision with:  Vehicle in traffic,On Roadway,Rear-end (front to rear),Followed too close,None Indicated,,Daylight,Dry,Cloudy,None apparent,Non-intersection:  Non-junction/no special feature,Paved,,Property Damage Only,0,0,0,0,0,0,1800,2,3,,POINT (-95.902085537096 41.261868247283)
2014830856,14-3822,11/29/2014,11-November,7-Saturday,18:35,1800 Hours,District 1 (Central),FORT DODGE,WEBSTER,,S 21ST ST,Collision with:  Vehicle in traffic,On Roadway,Broadside (front to side),Improper Backing,None Indicated,,Dark - roadway not lighted,Wet,Clear,None apparent,Non-intersection:  Driveway access (within),Paved,,Property Damage Only,0,0,0,0,0,0,2700,2,1,,POINT (-94.169330444183 42.494745181014)
2014831871,1411291747,11/29/2014,11-November,7-Saturday,17:47,1700 Hours,District 6 (East Central),,JONES,US 151,US 151,Collision with:  Animal,,,Animal,None Indicated,,,,,,,Paved,,Property Damage Only,0,0,0,0,0,0,3500,1,1,,POINT (-91.257547651384 42.129528461004)
2014831881,14-012069,11/29/2014,11-November,7-Saturday,01:00,0100 Hours,District 3 (Northwest),,CARROLL,,ZEPHYR AVE,Collision with fixed object:  Ditch,On Roadway,Non-collision (single vehicle),Over correcting/over steering,Under Influence of Alcohol/Drugs/Medications,,Dark - roadway not lighted,Dry,Clear,None apparent,Non-intersection:  Non-junction/no special feature,Unpaved,,Property Damage Only,0,0,0,0,0,0,9000,1,1,,POINT (-94.64866909748 41.952213459773)
2014830749,14008287,11/29/2014,11-November,7-Saturday,06:58,0600 Hours,District 1 (Central),,HAMILTON,IA 17,IA 17/BRIGGS WOOD RD & BRIGGS WOOD TRL,Collision with:  Animal,,,Animal,None Indicated,,,,,,,Paved,,Property Damage Only,0,0,0,0,0,0,3000,1,1,,POINT (-93.798298702858 42.42178585382)
2014830855,201417806,11/29/2014,11-November,7-Saturday,12:02,1200 Hours,District 6 (East Central),CEDAR RAPIDS,LINN,,MIDWAY DR NW & JOHNSON AVE NW,Collision with:  Vehicle in traffic,On Roadway,Broadside (front to side),FTYROW:  Making left turn,None Indicated,,Daylight,Dry,Clear,None apparent,Intersection:  Four-way intersection,Paved,,Major Injury,0,1,1,0,0,0,8000,2,3,,POINT (-91.717119442141 41.974185785566)
2014830536,20140035444,11/29/2014,11-November,7-Saturday,16:39,1600 Hours,District 1 (Central),DES MOINES,POLK,,WILLIAMS ST,Collision with:  Vehicle in traffic,On Roadway,"Angle, oncoming left turn",FTYROW:  Making left turn,None Indicated,,Dusk,Wet,Cloudy,None apparent,Non-intersection:  Driveway access (within),Paved,,Property Damage Only,0,0,0,0,0,0,6500,2,4,,POINT (-93.533262838408 41.611857689078)
2014831615,,11/29/2014,11-November,7-Saturday,17:30,1700 Hours,District 4 (Southwest),,FREMONT,IA 2,IA 2/IOWA 2,Collision with:  Animal,On Roadway,Non-collision (single vehicle),Animal,None Indicated,,Dark - roadway not lighted,Dry,Clear,,Non-intersection:  Non-junction/no special feature,Paved,,Property Damage Only,0,0,0,0,0,0,2855,1,2,,POINT (-95.451361663362 40.749269658428)
2014830727,14-050192,11/29/2014,11-November,7-Saturday,03:20,0300 Hours,District 4 (Southwest),COUNCIL BLUFFS,POTTAWATTAMIE,,AVE A,Collision with:  Vehicle in traffic,On Roadway,Unknown,Unknown,None Indicated,,Dark - roadway lighted,Dry,Clear,None apparent,Non-intersection:  Non-junction/no special feature,Paved,,Property Damage Only,0,0,0,0,0,0,4000,2,2,,POINT (-95.905994293657 41.262805296857)
2014830780,14-050267,11/29/2014,11-November,7-Saturday,17:38,1700 Hours,District 4 (Southwest),COUNCIL BLUFFS,POTTAWATTAMIE,,1ST AVE & S 8TH ST,Collision with:  Vehicle in traffic,On Roadway,Broadside (front to side),FTYROW:  From stop sign,None Indicated,,Dark - roadway lighted,Dry,Clear,None apparent,Intersection:  Four-way intersection,Paved,,Possible/Unknown,0,1,0,0,1,0,4250,2,2,,POINT (-95.855991547751 41.260545089495)
2014831410,14-42412,11/29/2014,11-November,7-Saturday,03:00,0300 Hours,District 5 (Southeast),,DES MOINES,US 61,US 61,Collision with:  Animal,,,Animal,None Indicated,,,,,,,Paved,,Property Damage Only,0,0,0,0,0,0,3000,1,1,,POINT (-91.152045944394 40.762216322746)
2014830767,2014-81991,11/29/2014,11-November,7-Saturday,14:09,1400 Hours,District 6 (East Central),DAVENPORT,SCOTT,,E 32ND ST & FARNAM ST,Collision with:  Vehicle in traffic,On Roadway,Broadside (front to side),FTYROW:  From stop sign,None Indicated,,Daylight,Dry,Clear,None apparent,Intersection:  Four-way intersection,Paved,,Possible/Unknown,0,1,0,0,1,0,5800,2,4,,POINT (-90.56695590355 41.552802732897)
2014830957,14-6066,11/29/2014,11-November,7-Saturday,17:43,1700 Hours,District 1 (Central),WEST DES MOINES,POLK,,ASHWORTH RD & 50TH ST,Collision with:  Vehicle in traffic,On Roadway,"Sideswipe, opposite direction",FTYROW:  Making left turn,None Indicated,,Dark - roadway lighted,Wet,Cloudy,None apparent,Intersection:  Four-way intersection,Paved,,Property Damage Only,0,0,0,0,0,0,4500,2,2,,POINT (-93.770961068937 41.584568595707)
2014830665,201400004388,11/29/2014,11-November,7-Saturday,19:00,1900 Hours,District 6 (East Central),,LINN,,Co Rd E36/BLAIRS FERRY RD,Collision with:  Animal,,,Animal,None Indicated,,,,,,,Paved,,Property Damage Only,0,0,0,0,0,0,3500,1,1,,POINT (-91.735735716549 42.052586022503)
2014831376,14110632,11/29/2014,11-November,7-Saturday,16:50,1600 Hours,District 5 (Southeast),,WAPELLO,,Co Rd T61/MONROE WAPELLO RD,Collision with fixed object:  Ditch,Shoulder,Non-collision (single vehicle),Ran off road - right,None Indicated,,Dark - roadway not lighted,Wet,Clear,None apparent,Non-intersection:  Non-junction/no special feature,Paved,,Possible/Unknown,0,1,0,0,1,0,3000,1,1,,POINT (-92.6395576761 41.014794911561)
2014830832,14010246,11/29/2014,11-November,7-Saturday,19:44,1900 Hours,District 6 (East Central),,DELAWARE,US 20,US 20,Collision with:  Animal,,,Animal,None Indicated,,,,,,,Paved,,Property Damage Only,0,0,0,0,0,0,4500,1,1,,POINT (-91.406325929132 42.471023671436)
2014834675,2014-82062,11/29/2014,11-November,7-Saturday,22:02,2200 Hours,District 6 (East Central),DAVENPORT,SCOTT,,IA 461/WELCOME WAY & W 53RD ST,Collision with:  Vehicle in traffic,On Roadway,Rear-end (front to rear),Followed too close,None Indicated,,Dark - roadway lighted,Wet,Clear,None apparent,Non-intersection:  Non-junction/no special feature,Paved,,Property Damage Only,0,0,0,0,0,0,4000,2,5,,POINT (-90.571682517921 41.57449998498)
2014831546,2014066695,11/29/2014,11-November,7-Saturday,07:45,0700 Hours,District 1 (Central),,JASPER,I-80,I-80,Collision with fixed object:  Guardrail - face,Median,Non-collision (single vehicle),Ran off road - left,None Indicated,,Daylight,Wet,Clear,None apparent,Non-intersection:  Non-junction/no special feature,Paved,,Property Damage Only,0,0,0,0,0,0,5500,1,2,,POINT (-92.94345876585 41.679968215751)
2014830747,14-42387,11/29/2014,11-November,7-Saturday,10:39,1000 Hours,District 5 (Southeast),BURLINGTON,DES MOINES,US 61,US 61,Collision with:  Vehicle in traffic,On Roadway,Rear-end (front to rear),FTYROW:  Other (explain in narrative),None Indicated,,Daylight,Wet,Clear,None apparent,Non-intersection:  Driveway access (within),Paved,,Property Damage Only,0,0,0,0,0,0,1500,2,3,,POINT (-91.141366791049 40.826126683696)
2014833914,A14092,11/29/2014,11-November,7-Saturday,11:37,1100 Hours,District 5 (Southeast),KNOXVILLE,MARION,,E ROBINSON ST,Collision with:  Vehicle in traffic,On Roadway,Broadside (front to side),FTYROW:  From parked position,None Indicated,,Daylight,Dry,Cloudy,None apparent,Non-intersection:  Non-junction/no special feature,Paved,,Property Damage Only,0,0,0,0,0,0,1700,2,3,,POINT (-93.097280635412 41.318021443929)
2014830750,2014-13265,11/29/2014,11-November,7-Saturday,19:40,1900 Hours,District 3 (Northwest),,SAC,US 20,US 20,Collision with:  Animal,,,Animal,None Indicated,,,,,,,Paved,,Property Damage Only,0,0,0,0,0,0,4000,1,1,,POINT (-95.11761661375 42.469670548099)
2014832479,2014-81999,11/29/2014,11-November,7-Saturday,14:58,1400 Hours,District 6 (East Central),DAVENPORT,SCOTT,,PAUL REVERE PL & HARRISON ST,Collision with:  Vehicle in traffic,On Roadway,Broadside (front to side),FTYROW:  Other (explain in narrative),None Indicated,,Daylight,Wet,Cloudy,None apparent,Intersection:  T-intersection,Paved,,Property Damage Only,0,0,0,0,0,0,6000,2,3,,POINT (-90.576714870396 41.586179383038)
2014830623,14-6071,11/29/2014,11-November,7-Saturday,21:30,2100 Hours,District 4 (Southwest),WEST DES MOINES,DALLAS,,60TH ST & WESTOWN PKWY,Collision with:  Vehicle in traffic,On Roadway,"Angle, oncoming left turn",Unknown,None Indicated,,Dark - roadway lighted,Wet,Cloudy,None apparent,Intersection:  Four-way intersection,Paved,,Minor Injury,0,1,0,1,0,0,7000,2,6,,POINT (-93.790681775499 41.595207284715)
2014833032,201417818,11/29/2014,11-November,7-Saturday,15:16,1500 Hours,District 6 (East Central),CEDAR RAPIDS,LINN,,12TH AVE SE & 15TH ST SE,Collision with:  Vehicle in traffic,On Roadway,Rear-end (front to rear),Lost Control,None Indicated,,Daylight,Wet,Clear,None apparent,Non-intersection:  Non-junction/no special feature,Paved,,Property Damage Only,0,0,0,0,0,0,2000,2,2,,POINT (-91.649827809862 41.973810274246)
2014843243,14-6056,11/29/2014,11-November,7-Saturday,11:30,1100 Hours,District 4 (Southwest),WEST DES MOINES,DALLAS,,JORDAN CREEK PKWY,Collision with:  Vehicle in traffic,On Roadway,Rear-end (front to rear),Followed too close,None Indicated,,Daylight,Wet,Clear,None apparent,Non-intersection:  Non-junction/no special feature,Paved,,Property Damage Only,0,0,0,0,0,0,10000,3,3,,POINT (-93.809219156152 41.577847505931)
2014830937,2014-81936,11/29/2014,11-November,7-Saturday,00:27,0000 Hours,District 6 (East Central),DAVENPORT,SCOTT,,E 33RD ST & ADAMS ST,Collision with:  Parked motor vehicle,On Roadway,Rear-end (front to rear),Exceeded authorized speed,None Indicated,,Dark - roadway lighted,Wet,Clear,None apparent,Non-intersection:  Non-junction/no special feature,Paved,,Property Damage Only,0,0,0,0,0,0,6000,2,3,,POINT (-90.554337538405 41.553255404208)
2014830631,14-050250,11/29/2014,11-November,7-Saturday,15:28,1500 Hours,District 4 (Southwest),COUNCIL BLUFFS,POTTAWATTAMIE,I-29,I-29 & IA 192/S EXPRESSWAY & 30TH AVE,Collision with:  Vehicle in traffic,On Roadway,"Sideswipe, same direction",Other (explain in narrative):  Other,None Indicated,,Daylight,Dry,Clear,None apparent,Non-intersection:  Non-junction/no special feature,Paved,,Property Damage Only,0,0,0,0,0,0,5000,3,4,,POINT (-95.851337557948 41.230669294291)
2014830823,14007259,11/29/2014,11-November,7-Saturday,18:30,1800 Hours,District 3 (Northwest),,CHEROKEE,IA 3,IA 3/IOWA 3,Collision with:  Animal,,,Animal,None Indicated,,,,,,,Paved,,Property Damage Only,0,0,0,0,0,0,2500,1,1,,POINT (-95.470059491255 42.748711415526)
2014831124,14-23226,11/29/2014,11-November,7-Saturday,19:05,1900 Hours,District 2 (Northeast),,BREMER,,DAKOTA AVE,Collision with:  Animal,,,Animal,None Indicated,,,,,,,Unpaved,,Property Damage Only,0,0,0,0,0,0,6000,1,1,,POINT (-92.495285077289 42.844666181439)
2014830680,14-050254,11/29/2014,11-November,7-Saturday,15:44,1500 Hours,District 4 (Southwest),COUNCIL BLUFFS,POTTAWATTAMIE,US 6,US 6/KANESVILLE BLVD & NORTH AVE,Collision with:  Vehicle in traffic,On Roadway,Broadside (front to side),Ran Traffic Signal,None Indicated,,Daylight,Dry,Clear,None apparent,Intersection:  Four-way intersection,Paved,,Property Damage Only,0,0,0,0,0,0,6000,2,2,,POINT (-95.831009516481 41.271294748597)
2014830622,14-42392,11/29/2014,11-November,7-Saturday,11:11,1100 Hours,District 5 (Southeast),BURLINGTON,DES MOINES,,HARRISON AVE & MILLER ST,Collision with:  Parked motor vehicle,On Roadway,"Sideswipe, same direction",Other (explain in narrative):  Other,None Indicated,,Daylight,Dry,Cloudy,None apparent,Non-intersection:  Non-junction/no special feature,Paved,,Property Damage Only,0,0,0,0,0,0,7000,2,2,,POINT (-91.102459253234 40.789110557096)
2014832127,261402183,11/29/2014,11-November,7-Saturday,20:48,2000 Hours,District 5 (Southeast),BLOOMFIELD,DAVIS,,180TH ST,Collision with fixed object:  Ditch,Outside trafficway,Non-collision (single vehicle),Improper Backing,None Indicated,,Dark - roadway not lighted,Dry,Clear,None apparent,Non-intersection:  Non-junction/no special feature,Paved,,Property Damage Only,0,0,0,0,0,0,1700,1,1,,POINT (-92.453479934817 40.79845753952)
2014830715,201417798,11/29/2014,11-November,7-Saturday,09:53,0900 Hours,District 6 (East Central),CEDAR RAPIDS,LINN,,EDGEWOOD RD SW,Collision with:  Vehicle in traffic,On Roadway,Rear-end (front to rear),Crossed centerline (undivided),None Indicated,,Daylight,Wet,Clear,Work Zone (roadway-related),Non-intersection:  Non-junction/no special feature,Paved,Yes,Possible/Unknown,0,1,0,0,1,0,6500,3,6,,POINT (-91.715849437949 41.938262700353)
2014830938,14-050185,11/29/2014,11-November,7-Saturday,01:49,0100 Hours,District 4 (Southwest),COUNCIL BLUFFS,POTTAWATTAMIE,I-29,I-29,Collision with:  Vehicle in traffic,On Roadway,Rear-end (front to rear),Followed too close,Refused,,Dark - roadway lighted,Dry,Clear,None apparent,Non-intersection:  Non-junction/no special feature,Paved,,Property Damage Only,0,0,0,0,0,0,11000,2,2,,POINT (-95.872843282332 41.232205789646)
2014830979,14-050282,11/29/2014,11-November,7-Saturday,19:03,1900 Hours,District 4 (Southwest),COUNCIL BLUFFS,POTTAWATTAMIE,US 6,US 6/KANESVILLE BLVD,Collision with:  Vehicle in traffic,On Roadway,Rear-end (front to rear),Other (explain in narrative):  No improper action,None Indicated,,Dark - roadway lighted,Dry,Clear,None apparent,Intersection:  Four-way intersection,Paved,,Possible/Unknown,0,1,0,0,1,0,1900,2,7,,POINT (-95.849681032001 41.262818075381)
2014831113,1400001063,11/29/2014,11-November,7-Saturday,18:06,1800 Hours,District 1 (Central),,MARSHALL,IA 14,IA 14/REED AVE,Collision with:  Animal,,,Animal,None Indicated,,,,,,,Paved,,Property Damage Only,0,0,0,0,0,0,2500,1,1,,POINT (-92.91700325243 41.9683364718)
2014846513,AC14-070,11/29/2014,11-November,7-Saturday,15:05,1500 Hours,District 4 (Southwest),HARLAN,SHELBY,US 59,US 59,Collision with:  Vehicle in traffic,On Roadway,Rear-end (front to rear),Followed too close,None Indicated,,Daylight,Dry,Clear,None apparent,Intersection:  Four-way intersection,Paved,,Property Damage Only,0,0,0,0,0,0,5000,2,5,,POINT (-95.339593261473 41.646716459512)
2014830864,14-010244,11/29/2014,11-November,7-Saturday,18:28,1800 Hours,District 6 (East Central),,DELAWARE,US 20,US 20,Collision with:  Animal,,,Animal,None Indicated,,,,,,,Paved,,Property Damage Only,0,0,0,0,0,0,15000,1,1,,POINT (-91.4063137692 42.471023503198)
2014841925,2014066746,11/29/2014,11-November,7-Saturday,17:06,1700 Hours,District 6 (East Central),,JOHNSON,I-80,I-80,Collision with fixed object:  Guardrail - face,On Roadway,Non-collision (single vehicle),Swerving/Evasive Action,None Indicated,,Dusk,Wet,Clear,None apparent,Non-intersection:  Non-junction/no special feature,Paved,,Property Damage Only,0,0,0,0,0,0,5600,1,6,,POINT (-91.469396091464 41.680435375337)
2014830981,2014-82029,11/29/2014,11-November,7-Saturday,18:34,1800 Hours,District 6 (East Central),DAVENPORT,SCOTT,US 6,US 6/W KIMBERLY RD & MAIN ST,Collision with:  Vehicle in traffic,On Roadway,Rear-end (front to rear),Followed too close,None Indicated,,Dark - roadway lighted,Dry,Cloudy,None apparent,Non-intersection:  Non-junction/no special feature,Paved,,Property Damage Only,0,0,0,0,0,0,5500,3,5,,POINT (-90.575289253248 41.560165951901)
2014830608,14-39220,11/29/2014,11-November,7-Saturday,11:45,1100 Hours,District 3 (Northwest),SIOUX CITY,WOODBURY,IA 376,IA 376/LEWIS BLVD,Collision with fixed object:  Traffic sign support,On Roadway,Non-collision (single vehicle),Ran off road - left,None Indicated,,Daylight,Dry,Clear,None apparent,Non-intersection:  Driveway access (within),Paved,,Possible/Unknown,0,1,0,0,1,0,25500,1,2,,POINT (-96.365215431108 42.523982635996)
2014830664,201400004385,11/29/2014,11-November,7-Saturday,15:35,1500 Hours,District 6 (East Central),,LINN,,Co Rd D62/COGGON RD,Collision with:  Animal,,,Animal,None Indicated,,,,,,,Paved,,Property Damage Only,0,0,0,0,0,0,4500,1,1,,POINT (-91.628563137627 42.282182745652)
2014830766,2014-81985,11/29/2014,11-November,7-Saturday,13:32,1300 Hours,District 6 (East Central),DAVENPORT,SCOTT,,IA 461/BRADY ST & E 36TH ST,Collision with:  Vehicle in traffic,On Roadway,"Angle, oncoming left turn",FTYROW:  Making left turn,None Indicated,,Daylight,Dry,Cloudy,None apparent,Intersection:  T-intersection,Paved,,Property Damage Only,0,0,0,0,0,0,5500,2,2,,POINT (-90.568729349746 41.556667976987)
2014831547,2014066713,11/29/2014,11-November,7-Saturday,11:55,1100 Hours,District 5 (Southeast),MOUNT PLEASANT,HENRY,US 34,US 34,Non-collision events:  Other non-collision (explain in narrative),Shoulder,Non-collision (single vehicle),Ran off road - left,None Indicated,,Daylight,Dry,Cloudy,None apparent,Non-intersection:  Other non-intersection (explain in narrative),Paved,,Property Damage Only,0,0,0,0,0,0,11000,1,1,,POINT (-91.516871332119 40.963055765147)
2014830635,CL14004186,11/29/2014,11-November,7-Saturday,11:39,1100 Hours,District 6 (East Central),CLINTON,CLINTON,,16TH ST NW & MILL CREEK PKWY,Collision with:  Vehicle in traffic,On Roadway,Broadside (front to side),Ran Stop Sign,None Indicated,,Daylight,Dry,Clear,None apparent,Intersection:  Four-way intersection,Paved,,Minor Injury,0,2,0,2,0,0,10500,2,2,,POINT (-90.223512676312 41.86373676819)
2014830553,20140035416,11/29/2014,11-November,7-Saturday,12:15,1200 Hours,District 1 (Central),DES MOINES,POLK,,CENTER ST & 2ND AVE,Collision with:  Vehicle in traffic,On Roadway,"Sideswipe, same direction",Made improper turn,None Indicated,,Daylight,Wet,Cloudy,None apparent,Intersection:  Other intersection (explain in narrative),Paved,,Property Damage Only,0,0,0,0,0,0,2000,2,2,,POINT (-93.620346802869 41.591550800701)
2014831813,,11/29/2014,11-November,7-Saturday,17:30,1700 Hours,District 2 (Northeast),,ALLAMAKEE,,Co Rd A52/ELON DR,Collision with:  Animal,On Roadway,Non-collision (single vehicle),Animal,None Indicated,,Dark - roadway not lighted,Dry,Cloudy,,Non-intersection:  Non-junction/no special feature,Paved,,Property Damage Only,0,0,0,0,0,0,1750,1,2,,POINT (-91.373628550047 43.260764320177)
2014830943,14010721,11/29/2014,11-November,7-Saturday,22:21,2200 Hours,District 6 (East Central),,BUCHANAN,IA 150,IA 150/JACKSON AVE,Collision with:  Animal,,,Animal,None Indicated,,,,,,,Paved,,Property Damage Only,0,0,0,0,0,0,3500,1,1,,POINT (-91.908546078511 42.639072144765)
2014830551,20140035462,11/29/2014,11-November,7-Saturday,20:45,2000 Hours,District 1 (Central),DES MOINES,POLK,,,Non-collision events:  Other non-collision (explain in narrative),On Roadway,Non-collision (single vehicle),Driving too fast for conditions,Under Influence of Alcohol/Drugs/Medications,,Dark - roadway not lighted,Dry,Clear,None apparent,Non-intersection:  Non-junction/no special feature,,,Minor Injury,0,2,0,2,0,0,10000,1,2,,POINT (-96.643700149993 40.233091251414)
2014832478,2014-81965,11/29/2014,11-November,7-Saturday,08:36,0800 Hours,District 6 (East Central),DAVENPORT,SCOTT,,W 41ST ST,Collision with:  Parked motor vehicle,On Roadway,Rear-end (front to rear),Lost Control,None Indicated,,Daylight,Dry,Clear,None apparent,Non-intersection:  Non-junction/no special feature,Paved,,Property Damage Only,0,0,0,0,0,0,12500,3,1,,POINT (-90.592103376917 41.56300524912)
2014833027,14-24445,11/29/2014,11-November,7-Saturday,12:53,1200 Hours,District 6 (East Central),WALCOTT,SCOTT,,MAIN ST,Collision with:  Vehicle in traffic,On Roadway,"Angle, oncoming left turn",Crossed centerline (undivided),None Indicated,,Daylight,Dry,Clear,None apparent,Non-intersection:  Driveway access (within),Paved,,Possible/Unknown,0,1,0,0,1,0,2000,2,2,,POINT (-90.774534805796 41.593396092064)
2014830985,14117093,11/29/2014,11-November,7-Saturday,12:24,1200 Hours,District 2 (Northeast),CEDAR FALLS,BLACK HAWK,,GREENHILL RD & ROWND ST,Collision with:  Vehicle in traffic,On Roadway,Rear-end (front to rear),Followed too close,None Indicated,,Daylight,Dry,Clear,None apparent,Non-intersection:  Non-junction/no special feature,Paved,,Property Damage Only,0,0,0,0,0,0,3000,2,2,,POINT (-92.421105372427 42.498159010795)
2014830744,2014-81984,11/29/2014,11-November,7-Saturday,12:04,1200 Hours,District 6 (East Central),DAVENPORT,SCOTT,,HARRISON ST,Collision with:  Vehicle in traffic,Outside trafficway,Rear-end (front to rear),FTYROW:  From parked position,None Indicated,,Daylight,Dry,Clear,None apparent,Non-intersection:  Driveway access (within),Paved,,Property Damage Only,0,0,0,0,0,0,6000,2,2,,POINT (-90.576690492949 41.585548424978)
2014830990,14-001439,11/29/2014,11-November,7-Saturday,16:50,1600 Hours,District 1 (Central),JOHNSTON,POLK,,NW 70 AVE & NW 100TH ST & NW 70TH AVE,Collision with:  Vehicle in traffic,On Roadway,Rear-end (front to rear),Followed too close,None Indicated,,Dusk,Dry,Cloudy,None apparent,Intersection:  Four-way intersection,Paved,,Property Damage Only,0,0,0,0,0,0,2500,2,9,,POINT (-93.755796875314 41.688350544105)
2014833163,2014066707,11/29/2014,11-November,7-Saturday,11:30,1100 Hours,District 5 (Southeast),,JEFFERSON,US 34,US 34,Non-collision events:  Overturn/rollover,On Roadway,Non-collision (single vehicle),Crossed centerline (undivided),Drug,,Daylight,Dry,Clear,None apparent,Non-intersection:  Non-junction/no special feature,Paved,,Major Injury,0,4,1,2,1,0,10000,1,4,,POINT (-92.035944235936 41.015587587039)
2014832645,W14-117025,11/29/2014,11-November,7-Saturday,02:28,0200 Hours,District 2 (Northeast),WATERLOO,BLACK HAWK,,COTTAGE ST,Collision with fixed object:  Utility pole/light support,On Roadway,Non-collision (single vehicle),Improper Backing,None Indicated,,Dark - roadway not lighted,Snow,Clear,Unknown,Non-intersection:  Non-junction/no special feature,Paved,,Property Damage Only,0,0,0,0,0,0,6000,1,1,,POINT (-92.331889098985 42.509372196203)
2014831549,2014066782,11/29/2014,11-November,7-Saturday,23:00,2300 Hours,District 4 (Southwest),,CASS,I-80,I-80,Collision with:  Animal,,,Animal,None Indicated,,,,,,,Paved,,Property Damage Only,0,0,0,0,0,0,20000,1,1,,POINT (-95.148926461987 41.498392075327)
2014831165,2014-040113,11/29/2014,11-November,7-Saturday,20:33,2000 Hours,District 6 (East Central),DUBUQUE,DUBUQUE,US 52,US 52/CENTRAL AVE & W 16TH ST & E 16TH ST,Collision with:  Vehicle in traffic,On Roadway,Broadside (front to side),Ran Stop Sign,Refused,,Dark - roadway lighted,Dry,Clear,None apparent,Intersection:  Four-way intersection,Paved,,Property Damage Only,0,0,0,0,0,0,7000,2,2,,POINT (-90.668640925838 42.508006954421)
2014830976,S14-117043,11/29/2014,11-November,7-Saturday,07:00,0700 Hours,District 2 (Northeast),EVANSDALE,BLACK HAWK,I-380,I-380,Non-collision events:  Other non-collision (explain in narrative),Shoulder,Non-collision (single vehicle),Ran off road - right,None Indicated,,Daylight,Ice/frost,Clear,"Surface condition (e.g., wet, icy)",Non-intersection:  Non-junction/no special feature,Paved,,Property Damage Only,0,0,0,0,0,0,8500,1,1,,POINT (-92.253994694818 42.457522307408)