Iowa DOT Case Number,Law Enforcement Case Number,Date of Crash,Month of Crash,Day of Week,Time of Crash,Hour,DOT District,City Name,County Name,Route with System,Location Description,First Harmful Event,Location of First Harmful Event,Manner of Crash/Collision,Major Cause,Drug or Alcohol ,Environmental Conditions,Light Conditions,Surface Conditions,Weather Conditions,Roadway Contribution,Roadway Type,Roadway Surface,Work Zone,Crash Severity,Number of Fatalities,Number of Injuries,Number of Major Injuries,Number of Minor Injuries,Number of Possible Injuries,Number of Unknown Injuries,Amount of Property Damage,Number of Vehicles Involved,Total Number of Occupants,Travel Direction,Location
2014833033,201417820,11/29/2014,11-November,7-Saturday,16:07,1600 Hours,District 6 (East Central),CEDAR RAPIDS,LINN,,6TH ST SW & WRIGHT BROTHERS BLVD SW,Collision with:  Vehicle in traffic,On Roadway,Broadside (front to side),Ran Traffic Signal,None Indicated,,Daylight,Dry,Cloudy,None apparent,Intersection:  Four-way intersection,Paved,,Property Damage Only,0,0,0,0,0,0,7000,2,2,,POINT (-91.676024598732 41.890706114403)
2014830987,2014013280,11/29/2014,11-November,7-Saturday,10:06,1000 Hours,District 6 (East Central),IOWA CITY,JOHNSON,US 6,US 6 & S 1ST AVE,Collision with:  Vehicle in traffic,On Roadway,"Sideswipe, same direction",Ran Traffic Signal,None Indicated,,Daylight,Wet,Clear,None apparent,Intersection:  T-intersection,Paved,,Property Damage Only,0,0,0,0,0,0,5000,2,3,,POINT (-91.507436598767 41.640774297233)
2014832883,14-017225,11/29/2014,11-November,7-Saturday,18:32,1800 Hours,District 2 (Northeast),ELGIN,FAYETTE,,Co Rd W51/CANOE RD,Collision with:  Animal,,,Animal,None Indicated,,,,,,,Paved,,Property Damage Only,0,0,0,0,0,0,1500,1,1,,POINT (-91.651346971006 42.967580237901)
2014830534,20140035423,11/29/2014,11-November,7-Saturday,13:25,1300 Hours,District 1 (Central),DES MOINES,POLK,US 6,US 6/FREDERICK M HUBBELL AVE & E 38TH ST,Collision with:  Vehicle in traffic,On Roadway,"Angle, oncoming left turn",FTYROW:  Making left turn,None Indicated,,Daylight,Wet,Cloudy,None apparent,Intersection:  Four-way intersection,Paved,,Property Damage Only,0,0,0,0,0,0,6000,2,2,,POINT (-93.541916374129 41.630507195104)
2014831091,14117195,11/29/2014,11-November,7-Saturday,18:15,1800 Hours,District 2 (Northeast),CEDAR FALLS,BLACK HAWK,,EDDIE ST & E LONE TREE RD,Collision with:  Vehicle in traffic,On Roadway,Rear-end (front to rear),Driver Distraction:  Reaching for object(s)/fallen object(s),None Indicated,,Dark - roadway not lighted,Dry,Clear,None apparent,Intersection:  T-intersection,Paved,,Minor Injury,0,2,0,1,1,0,9000,2,2,,POINT (-92.438552445407 42.561232340305)
2014830513,14180463,11/29/2014,11-November,7-Saturday,11:13,1100 Hours,District 6 (East Central),,JOHNSON,IA 1,IA 1/IOWA 1 & Co Rd F62/500TH ST,Collision with:  Vehicle in traffic,On Roadway,Rear-end (front to rear),Followed too close,None Indicated,,Daylight,Wet,Clear,None apparent,Intersection:  Four-way intersection,Paved,,Property Damage Only,0,0,0,0,0,0,3000,2,4,,POINT (-91.713048087459 41.569349082861)
2014831252,,11/29/2014,11-November,7-Saturday,02:00,0200 Hours,District 2 (Northeast),NASHUA,CHICKASAW,US 218,US 218,Collision with:  Animal,On Roadway,Non-collision (single vehicle),Animal,None Indicated,,Dark - roadway not lighted,Dry,Clear,None apparent,Non-intersection:  Non-junction/no special feature,Paved,,Property Damage Only,0,0,0,0,0,0,2500,1,3,,POINT (-92.544629394945 42.916095643712)
2014830865,14-010245,11/29/2014,11-November,7-Saturday,18:29,1800 Hours,District 6 (East Central),,DELAWARE,US 20,US 20,Collision with:  Parked motor vehicle,On Roadway,Rear-end (front to rear),Illegally Parked/Unattended,None Indicated,,Dark - roadway not lighted,Dry,Cloudy,Obstruction in roadway,Non-intersection:  Non-junction/no special feature,Paved,,Property Damage Only,0,0,0,0,0,0,25000,2,6,,POINT (-91.4063137692 42.471023503198)
2014832716,C14-0003309,11/29/2014,11-November,7-Saturday,19:55,1900 Hours,District 2 (Northeast),MCGREGOR,CLAYTON,US 18,US 18,Collision with:  Animal,,,Animal,None Indicated,,,,,,,Paved,,Property Damage Only,0,0,0,0,0,0,2500,1,1,,POINT (-91.220400823048 43.016088143272)
2014833145,2014-82080,11/29/2014,11-November,7-Saturday,23:26,2300 Hours,District 6 (East Central),DAVENPORT,SCOTT,,MAIN ST,Collision with:  Vehicle in traffic,On Roadway,"Sideswipe, same direction",Unknown,None Indicated,,Dark - roadway lighted,Dry,Clear,None apparent,Non-intersection:  Non-junction/no special feature,Paved,,Property Damage Only,0,0,0,0,0,0,3000,2,1,,POINT (-90.575571371611 41.527280526057)
2014832149,2014066741,11/29/2014,11-November,7-Saturday,16:19,1600 Hours,District 1 (Central),,POWESHIEK,I-80,I-80,Collision with fixed object:  Guardrail - face,On Roadway,Non-collision (single vehicle),Ran off road - left,None Indicated,,Dusk,Dry,Clear,None apparent,Non-intersection:  Non-junction/no special feature,Paved,,Property Damage Only,0,0,0,0,0,0,10585,1,1,,POINT (-92.707866174511 41.695076124477)
2014832650,14-005620,11/29/2014,11-November,7-Saturday,00:07,0000 Hours,District 1 (Central),AMES,STORY,,STANGE RD & NORTHRIDGE PKWY,Collision with fixed object:  Curb/island/raised median,On Roadway,Non-collision (single vehicle),Driving too fast for conditions,Alcohol (Statutory),,Dark - roadway lighted,Ice/frost,Clear,None apparent,Non-intersection:  Non-junction/no special feature,Paved,,Property Damage Only,0,0,0,0,0,0,5000,1,1,,POINT (-93.645040494875 42.048802615033)
2014830609,14-39248,11/29/2014,11-November,7-Saturday,17:48,1700 Hours,District 3 (Northwest),SIOUX CITY,WOODBURY,,W 21ST ST & ISABELLA ST,Collision with:  Vehicle in traffic,On Roadway,Broadside (front to side),Ran Stop Sign,None Indicated,,Dark - roadway lighted,Wet,Cloudy,None apparent,Intersection:  Four-way intersection,Paved,,Property Damage Only,0,0,0,0,0,0,6600,2,2,,POINT (-96.424173664326 42.512239203445)
2014831328,2014066729,11/29/2014,11-November,7-Saturday,14:21,1400 Hours,District 6 (East Central),DAVENPORT,SCOTT,I-80,I-80 & IA 130/NEW LIBERTY RD,Collision with:  Vehicle in traffic,On Roadway,"Angle, oncoming left turn",Unknown,None Indicated,,Daylight,Dry,Clear,None apparent,Intersection:  Intersection with ramp,Paved,,Minor Injury,0,3,0,1,2,0,15000,2,3,,POINT (-90.617830845392 41.598747398221)
2014830891,SO14002831,11/29/2014,11-November,7-Saturday,00:58,0000 Hours,District 3 (Northwest),,PLYMOUTH,,160TH ST,Collision with fixed object:  Ditch,On Roadway,Non-collision (single vehicle),Swerving/Evasive Action,Alcohol (Statutory),,Dark - roadway not lighted,Snow,Clear,None apparent,Non-intersection:  Non-junction/no special feature,Unpaved,,Property Damage Only,0,0,0,0,0,0,3500,1,1,,POINT (-96.515630049569 42.822849654274)
2014844600,,11/29/2014,11-November,7-Saturday,01:49,0100 Hours,District 2 (Northeast),,WINNESHIEK,IA 9,IA 9/IOWA 9,Non-collision events:  Overturn/rollover,On Roadway,Non-collision (single vehicle),Ran off road - right,Alcohol (Statutory),,Dark - roadway not lighted,Dry,Cloudy,None apparent,Non-intersection:  Non-junction/no special feature,Paved,,Major Injury,0,1,1,0,0,0,25000,1,1,,POINT (-91.624203325262 43.240632362903)
2014830498,W14-117251,11/29/2014,11-November,7-Saturday,22:18,2200 Hours,District 2 (Northeast),WATERLOO,BLACK HAWK,US 63,US 63/LOGAN AVE,Collision with:  Animal,On Roadway,Non-collision (single vehicle),Animal,None Indicated,,Dark - roadway lighted,Wet,Clear,None apparent,Intersection:  Four-way intersection,Paved,,Property Damage Only,0,0,0,0,0,0,2000,1,2,,POINT (-92.337584233642 42.534864630287)
2014830984,14117089,11/29/2014,11-November,7-Saturday,08:31,0800 Hours,District 2 (Northeast),CEDAR FALLS,BLACK HAWK,US 218,US 218,Collision with:  Vehicle in traffic,On Roadway,Unknown,Swerving/Evasive Action,None Indicated,,Daylight,Other (explain in narrative),Clear,"Surface condition (e.g., wet, icy)",Non-intersection:  Other non-intersection (explain in narrative),Paved,,Possible/Unknown,0,1,0,0,0,1,2000,2,1,,POINT (-92.425317458438 42.540534530697)
2014833736,S79140379,11/29/2014,11-November,7-Saturday,17:45,1700 Hours,District 1 (Central),,POWESHIEK,,Co Rd F57/DIAMOND TRAIL RD,Collision with:  Animal,,,Animal,None Indicated,,,,,,,Paved,,Property Damage Only,0,0,0,0,0,0,5000,1,1,,POINT (-92.558027513005 41.581512099134)
2014832044,,11/30/2014,11-November,1-Sunday,06:30,0600 Hours,District 2 (Northeast),,WINNESHIEK,,Co Rd W14/CO RD W14,Non-collision events:  Overturn/rollover,On Roadway,Non-collision (single vehicle),Crossed centerline (undivided),None Indicated,,Dawn,Dry,Cloudy,None apparent,Non-intersection:  Non-junction/no special feature,Paved,,Property Damage Only,0,0,0,0,0,0,8000,1,1,,POINT (-91.95913888609 43.151098246854)
2014830819,14-6163,11/30/2014,11-November,1-Sunday,12:05,1200 Hours,District 6 (East Central),HIAWATHA,LINN,,14TH AVE,Collision with:  Parked motor vehicle,On Roadway,Rear-end (front to rear),Improper Backing,None Indicated,,Daylight,Dry,Clear,None apparent,Non-intersection:  Driveway access (within),Paved,,Property Damage Only,0,0,0,0,0,0,3500,2,1,,POINT (-91.692136671243 42.037795320087)
2014831791,2014066884,11/30/2014,11-November,1-Sunday,16:53,1600 Hours,District 6 (East Central),,CEDAR,I-80,I-80,Collision with:  Vehicle in traffic,On Roadway,Rear-end (front to rear),Followed too close,None Indicated,,Dusk,Dry,Clear,None apparent,Non-intersection:  Non-junction/no special feature,Paved,,Property Damage Only,0,0,0,0,0,0,10000,3,6,,POINT (-91.196984727929 41.657245412256)
2014831792,2014066911,11/30/2014,11-November,1-Sunday,18:49,1800 Hours,District 6 (East Central),,CEDAR,I-80,I-80,Collision with:  Vehicle in traffic,On Roadway,Rear-end (front to rear),Followed too close,None Indicated,,Dark - roadway lighted,Dry,Clear,None apparent,Non-intersection:  Non-junction/no special feature,Paved,,Property Damage Only,0,0,0,0,0,0,11000,3,10,,POINT (-91.149148347394 41.645974062234)
2014830790,14-036630,11/30/2014,11-November,1-Sunday,16:33,1600 Hours,District 5 (Southeast),FORT MADISON,LEE,,OLD QUARRY RD,Non-collision events:  Overturn/rollover,On Roadway,Non-collision (single vehicle),Driving too fast for conditions,None Indicated,,Dusk,Ice/frost,Clear,"Surface condition (e.g., wet, icy)",Non-intersection:  Non-junction/no special feature,Unpaved,,Property Damage Only,0,0,0,0,0,0,40000,1,2,,POINT (-91.313711870767 40.772025021948)
2014831192,S14-004730,11/30/2014,11-November,1-Sunday,05:00,0500 Hours,District 4 (Southwest),,POTTAWATTAMIE,US 6,US 6,Non-collision events:  Overturn/rollover,On Roadway,Non-collision (single vehicle),Swerving/Evasive Action,None Indicated,,Dark - roadway not lighted,Dry,Clear,None apparent,Non-intersection:  Non-junction/no special feature,Paved,,Fatal,2,0,0,0,0,0,25600,1,2,,POINT (-95.260169499677 41.317853897351)
2014831195,SL14-1782,11/30/2014,11-November,1-Sunday,05:00,0500 Hours,District 3 (Northwest),STORM LAKE,BUENA VISTA,,E 5TH ST & HUDSON ST,Unknown,On Roadway,Non-collision (single vehicle),Unknown,None Indicated,,Dark - roadway lighted,Wet,Clear,None apparent,Non-intersection:  Non-junction/no special feature,Paved,,Property Damage Only,0,0,0,0,0,0,4050,1,2,,POINT (-95.194038370775 42.644383549316)
2014831603,,11/30/2014,11-November,1-Sunday,21:17,2100 Hours,District 6 (East Central),,CEDAR,I-80,I-80,Collision with:  Other non-fixed object (explain in narrative),On Roadway,Non-collision (single vehicle),Unknown,None Indicated,,Dark - roadway lighted,Dry,Cloudy,,Non-intersection:  Non-junction/no special feature,Paved,,Property Damage Only,0,0,0,0,0,0,1500,1,1,,POINT (-91.130768011252 41.645442363441)
2014831331,2014066900,11/30/2014,11-November,1-Sunday,18:22,1800 Hours,District 1 (Central),,STORY,I-35,I-35,Collision with:  Vehicle in traffic,On Roadway,Rear-end (front to rear),Followed too close,None Indicated,,Dark - roadway not lighted,Dry,Cloudy,None apparent,Non-intersection:  Non-junction/no special feature,Paved,,Property Damage Only,0,0,0,0,0,0,12000,2,3,,POINT (-93.570999691699 41.994488855469)
2014834009,2014066829,11/30/2014,11-November,1-Sunday,10:03,1000 Hours,District 1 (Central),,JASPER,,QUICKSILVER AVE & S 112TH AVE W,Collision with fixed object:  Ditch,On Roadway,Non-collision (single vehicle),Ran off road - right,None Indicated,,Daylight,Dry,Cloudy,"Shoulders (none, low, soft, high)",Non-intersection:  Non-junction/no special feature,Paved,,Property Damage Only,0,0,0,0,0,0,2000,1,1,,POINT (-93.116393974143 41.537220828913)
2014831552,2014066879,11/30/2014,11-November,1-Sunday,16:59,1600 Hours,District 3 (Northwest),,CRAWFORD,US 30,US 30,Collision with:  Animal,,,Animal,None Indicated,,,,,,,Paved,,Property Damage Only,0,0,0,0,0,0,1500,1,1,,POINT (-95.324841927153 42.015743754312)
2014831128,18062-14,11/30/2014,11-November,1-Sunday,14:33,1400 Hours,District 3 (Northwest),SPENCER,CLAY,US 71,US 71/11TH AVE SW & 13TH ST SW,Collision with:  Vehicle in traffic,On Roadway,Broadside (front to side),FTYROW:  From stop sign,None Indicated,,Daylight,Dry,Cloudy,None apparent,Intersection:  Four-way intersection,Paved,,Possible/Unknown,0,1,0,0,1,0,7000,2,4,,POINT (-95.160775802031 43.124521118901)
2014830516,J14000975,11/30/2014,11-November,1-Sunday,05:27,0500 Hours,District 6 (East Central),SWISHER,JOHNSON,,DIVISION ST & ESSEX AVE,Collision with fixed object:  Traffic sign support,Shoulder,Non-collision (single vehicle),Driving too fast for conditions,Alcohol (Statutory),,Dark - roadway lighted,Wet,"Fog, smoke, smog",None apparent,Intersection:  T-intersection,Paved,,Property Damage Only,0,0,0,0,0,0,1500,1,4,,POINT (-91.698284512067 41.847521725777)
2014831189,14-005181,11/30/2014,11-November,1-Sunday,08:34,0800 Hours,District 1 (Central),ANKENY,POLK,,NW GEORGETOWN BLVD,Collision with:  Vehicle in traffic,On Roadway,"Sideswipe, same direction",Other (explain in narrative):  Vision obstructed,None Indicated,,Daylight,Dry,Clear,None apparent,Non-intersection:  Non-junction/no special feature,Paved,,Property Damage Only,0,0,0,0,0,0,9000,2,2,,POINT (-93.604154346366 41.75012642964)
2014831166,2014-040131,11/30/2014,11-November,1-Sunday,17:07,1700 Hours,District 6 (East Central),DUBUQUE,DUBUQUE,US 20,US 20/DODGE ST,Collision with:  Vehicle in traffic,On Roadway,Broadside (front to side),Other (explain in narrative):  Other,None Indicated,,Dark - roadway lighted,Dry,Clear,None apparent,Non-intersection:  Non-junction/no special feature,Paved,,Property Damage Only,0,0,0,0,0,0,5700,2,4,,POINT (-90.708654602606 42.492154684633)
2014830915,14-018950,11/30/2014,11-November,1-Sunday,20:46,2000 Hours,District 2 (Northeast),,FLOYD,US 218,US 218,Collision with:  Animal,,,Animal,None Indicated,,,,,,,Paved,,Property Damage Only,0,0,0,0,0,0,1600,1,1,,POINT (-92.584257573071 42.984532481042)
2014878151,2014-8037,11/30/2014,11-November,1-Sunday,14:10,1400 Hours,District 6 (East Central),LE CLAIRE,SCOTT,I-80,I-80,Collision with fixed object:  Guardrail - face,Shoulder,Non-collision (single vehicle),Ran off road - left,None Indicated,,Daylight,Dry,Clear,None apparent,Interchange-related:  On-ramp,Paved,,Property Damage Only,0,0,0,0,0,0,4500,1,1,,POINT (-90.369042536016 41.586457238482)
2014830514,14181090,11/30/2014,11-November,1-Sunday,20:05,2000 Hours,District 6 (East Central),,JOHNSON,,Co Rd W66/DUBUQUE ST & 275TH ST,Collision with fixed object:  Traffic sign support,On Roadway,Non-collision (single vehicle),Ran off road - left,Alcohol (Statutory),,Dark - roadway lighted,Dry,Clear,None apparent,Intersection:  T-intersection,Paved,,Possible/Unknown,0,1,0,0,1,0,12000,1,1,,POINT (-91.566654161303 41.73336173747)
2014832481,2014-82156,11/30/2014,11-November,1-Sunday,15:11,1500 Hours,District 6 (East Central),DAVENPORT,SCOTT,,FRONTAGE RD,Collision with:  Vehicle in traffic,On Roadway,Broadside (front to side),FTYROW:  From driveway,None Indicated,,Daylight,Dry,Cloudy,None apparent,Non-intersection:  Driveway access (within),Paved,,Property Damage Only,0,0,0,0,0,0,8000,2,2,,POINT (-90.572240341349 41.585859774684)
2014831377,14110659,11/30/2014,11-November,1-Sunday,21:16,2100 Hours,District 5 (Southeast),,WAPELLO,,Co Rd J12/RIVER RD,Collision with fixed object:  Utility pole/light support,Shoulder,Non-collision (single vehicle),Ran off road - right,None Indicated,,Dark - roadway not lighted,Dry,Clear,None apparent,Non-intersection:  Non-junction/no special feature,Unpaved,,Property Damage Only,0,0,0,0,0,0,6500,1,1,,POINT (-92.371137433498 40.964278171669)
2014830613,14-39318,11/30/2014,11-November,1-Sunday,12:05,1200 Hours,District 3 (Northwest),SIOUX CITY,WOODBURY,,SINGING HILLS BLVD,Collision with:  Animal,,,Animal,None Indicated,,,,,,,Paved,,Property Damage Only,0,0,0,0,0,0,3000,1,1,,POINT (-96.353491808603 42.437730060075)
2014830805,14-23288,11/30/2014,11-November,1-Sunday,17:42,1700 Hours,District 2 (Northeast),,BREMER,US 218,US 218,Collision with:  Animal,,,Animal,None Indicated,,,,,,,Paved,,Property Damage Only,0,0,0,0,0,0,1500,1,1,,POINT (-92.544606506119 42.865936358695)
2014830963,14-117432,11/30/2014,11-November,1-Sunday,15:08,1500 Hours,District 2 (Northeast),EVANSDALE,BLACK HAWK,I-380,I-380 & EVANSDALE DR,Collision with:  Vehicle in traffic,On Roadway,Rear-end (front to rear),FTYROW:  From stop sign,None Indicated,,Daylight,Dry,Clear,None apparent,Interchange-related:  Off-ramp,Paved,,Property Damage Only,0,0,0,0,0,0,2000,2,3,,POINT (-92.2529010009 42.458469806873)
2014831329,2014066827,11/30/2014,11-November,1-Sunday,09:45,0900 Hours,District 6 (East Central),,CEDAR,,Co Rd F56/100TH ST & Co Rd X40/GARFIELD AVE,Collision with fixed object:  Ditch,Shoulder,Non-collision (single vehicle),Swerving/Evasive Action,None Indicated,,Daylight,Dry,Cloudy,None apparent,Non-intersection:  Non-junction/no special feature,Paved,,Property Damage Only,0,0,0,0,0,0,3000,1,1,,POINT (-91.251021561368 41.598014575988)
2014833035,201417856,11/30/2014,11-November,1-Sunday,12:57,1200 Hours,District 6 (East Central),CEDAR RAPIDS,LINN,,27TH AVE SW,Collision with:  Vehicle in traffic,On Roadway,"Angle, oncoming left turn",FTYROW:  Making left turn,None Indicated,,Daylight,Dry,Clear,Non-highway work,Non-intersection:  Driveway access (within),Paved,,Property Damage Only,0,0,0,0,0,0,13000,2,3,,POINT (-91.672512271491 41.951432605331)
2014832522,14-0684,11/30/2014,11-November,1-Sunday,08:00,0800 Hours,District 1 (Central),,WEBSTER,,320TH ST,Collision with fixed object:  Ditch,On Roadway,Non-collision (single vehicle),Driving too fast for conditions,None Indicated,,Daylight,Ice/frost,Clear,"Surface condition (e.g., wet, icy)",Non-intersection:  Non-junction/no special feature,Unpaved,,Property Damage Only,0,0,0,0,0,0,6000,1,1,,POINT (-94.018616942348 42.325927605141)
2014830549,20140035491,11/30/2014,11-November,1-Sunday,08:00,0800 Hours,District 1 (Central),DES MOINES,POLK,I-235,I-235,Collision with fixed object:  Concrete traffic barrier (median or right side),Shoulder,Non-collision (single vehicle),Lost Control,None Indicated,,Daylight,Dry,Cloudy,None apparent,Non-intersection:  Non-junction/no special feature,Paved,,Property Damage Only,0,0,0,0,0,0,3000,1,1,,POINT (-93.578866374175 41.607376686712)
2014830499,W14-117341,11/30/2014,11-November,1-Sunday,06:24,0600 Hours,District 2 (Northeast),WATERLOO,BLACK HAWK,US 63,US 63/LOGAN AVE,Collision with:  Animal,On Roadway,Non-collision (single vehicle),Animal,None Indicated,,Dawn,Dry,Clear,None apparent,Non-intersection:  Non-junction/no special feature,Paved,,Property Damage Only,0,0,0,0,0,0,2000,1,1,,POINT (-92.337541194683 42.541240464581)
2014831952,2014066893,11/30/2014,11-November,1-Sunday,17:30,1700 Hours,District 6 (East Central),,CEDAR,I-80,I-80,Collision with:  Vehicle in traffic,On Roadway,Rear-end (front to rear),Followed too close,None Indicated,,Dark - roadway not lighted,Dry,Cloudy,None apparent,Non-intersection:  Non-junction/no special feature,Paved,,Property Damage Only,0,0,0,0,0,0,22000,5,12,,POINT (-91.122969942658 41.64520716612)
2014830895,14-42533,11/30/2014,11-November,1-Sunday,18:53,1800 Hours,District 5 (Southeast),BURLINGTON,DES MOINES,US 61,US 61 & W ROOSEVELT FRONTAGE CONN,Collision with:  Vehicle in traffic,On Roadway,Broadside (front to side),FTYROW:  From stop sign,None Indicated,,Dark - roadway lighted,Dry,Cloudy,None apparent,Intersection:  Four-way intersection,Paved,,Possible/Unknown,0,2,0,0,2,0,10000,2,3,,POINT (-91.141358216921 40.823036864869)
2014831179,2014013309,11/30/2014,11-November,1-Sunday,04:13,0400 Hours,District 6 (East Central),IOWA CITY,JOHNSON,I-80,I-80,Collision with fixed object:  Tree,Outside trafficway,Non-collision (single vehicle),Ran off road - right,Alcohol (Statutory),,Dark - roadway not lighted,Dry,Rain,None apparent,Non-intersection:  Non-junction/no special feature,Paved,,Property Damage Only,0,0,0,0,0,0,22000,1,1,,POINT (-91.484219085382 41.685666668215)
2014831433,2014066821,11/30/2014,11-November,1-Sunday,08:21,0800 Hours,District 2 (Northeast),,CHICKASAW,,Co Rd V18/FAYETTE AVE,Non-collision events:  Other non-collision (explain in narrative),Roadside,Non-collision (single vehicle),Ran off road - right,Alcohol (Statutory),,Daylight,Dry,Clear,None apparent,Non-intersection:  Non-junction/no special feature,Paved,,Minor Injury,0,1,0,1,0,0,2000,1,1,,POINT (-92.435777031144 43.208668390082)
2014831215,14-31675,11/30/2014,11-November,1-Sunday,05:01,0500 Hours,District 1 (Central),MONROE,JASPER,IA 163,IA 163/IOWA 163 W/NW RAMP,Collision with fixed object:  Utility pole/light support,Gore,Non-collision (single vehicle),Lost Control,Alcohol (Statutory),,Dark - roadway lighted,Dry,Clear,None apparent,Non-intersection:  Non-junction/no special feature,Paved,,Possible/Unknown,0,1,0,0,1,0,8000,1,1,,POINT (-93.133369662422 41.54904710333)
2014830993,14-1086,11/30/2014,11-November,1-Sunday,19:08,1900 Hours,District 1 (Central),WINDSOR HEIGHTS,POLK,,73RD ST,Collision with:  Vehicle in traffic,On Roadway,Rear-end (front to rear),Lost Control,None Indicated,,Dark - roadway lighted,Dry,Clear,None apparent,Non-intersection:  Non-junction/no special feature,Paved,,Possible/Unknown,0,3,0,0,3,0,4500,2,4,,POINT (-93.718480621548 41.595924375454)
2014832330,1400001067,11/30/2014,11-November,1-Sunday,20:12,2000 Hours,District 1 (Central),,MARSHALL,IA 330,IA 330/MARSHALLTOWN BLVD,Collision with:  Animal,,,Animal,None Indicated,,,,,,,Paved,,Property Damage Only,0,0,0,0,0,0,4500,1,1,,POINT (-93.200780282534 41.885211468483)
2014831698,14-008757,11/30/2014,11-November,1-Sunday,17:20,1700 Hours,District 3 (Northwest),,PALO ALTO,US 18,US 18/360 ST,Collision with:  Animal,,,Animal,None Indicated,,,,,,,Paved,,Property Damage Only,0,0,0,0,0,0,1500,1,1,,POINT (-94.808552193159 43.126490636301)
2014830746,014-13298,11/30/2014,11-November,1-Sunday,17:15,1700 Hours,District 3 (Northwest),,SAC,,SHASTA AVE,Non-collision events:  Overturn/rollover,On Roadway,Non-collision (single vehicle),Swerving/Evasive Action,None Indicated,,Dusk,"Mud, dirt",Clear,None apparent,Non-intersection:  Crossover-related,Unpaved,,Minor Injury,0,1,0,1,0,0,10000,1,1,,POINT (-94.979125607525 42.391097119831)
2014830512,14180969,11/30/2014,11-November,1-Sunday,14:18,1400 Hours,District 6 (East Central),CORALVILLE,JOHNSON,I-380,I-380,Collision with:  Vehicle in traffic,On Roadway,"Sideswipe, same direction","Operating vehicle in an reckless, erratic, careless, negligent manner",None Indicated,,Daylight,Dry,Clear,None apparent,Non-intersection:  Non-junction/no special feature,Paved,,Minor Injury,0,2,0,1,1,0,10999,2,3,,POINT (-91.642092576738 41.708320521726)
2014830768,14-050374,11/30/2014,11-November,1-Sunday,16:01,1600 Hours,District 4 (Southwest),COUNCIL BLUFFS,POTTAWATTAMIE,US 275,US 275/VETERANS MEMORIAL HWY & METRO DR & TANK FARM RD,Collision with:  Vehicle in traffic,On Roadway,Rear-end (front to rear),Followed too close,None Indicated,,Daylight,Dry,Cloudy,None apparent,Intersection:  Four-way intersection,Paved,,Property Damage Only,0,0,0,0,0,0,1750,2,4,,POINT (-95.836236631862 41.21831646657)
2014831434,2014066963,11/30/2014,11-November,1-Sunday,23:00,2300 Hours,District 2 (Northeast),,CLAYTON,,Co Rd C7X/GARBER RD,Collision with fixed object:  Ditch,Roadside,Non-collision (single vehicle),Swerving/Evasive Action,Alcohol (Statutory),,Dark - roadway not lighted,Dry,Clear,None apparent,Non-intersection:  Non-junction/no special feature,Paved,,Fatal,1,0,0,0,0,0,5000,1,1,,POINT (-91.155095658443 42.782700324593)
2014832929,14-014542,11/30/2014,11-November,1-Sunday,00:20,0000 Hours,District 1 (Central),GARWIN,TAMA,,CENTER ST,Collision with fixed object:  Utility pole/light support,Outside trafficway,Non-collision (single vehicle),Swerving/Evasive Action,None Indicated,,Dark - roadway lighted,Dry,Cloudy,None apparent,Non-intersection:  Non-junction/no special feature,Paved,,Property Damage Only,0,0,0,0,0,0,11500,1,1,,POINT (-92.684012251572 42.09355574763)
2014830677,201404407,11/30/2014,11-November,1-Sunday,20:26,2000 Hours,District 6 (East Central),,LINN,I-380,I-380,Collision with:  Animal,,,Animal,None Indicated,,,,,,,Paved,,Property Damage Only,0,0,0,0,0,0,4000,1,1,,POINT (-91.811383519373 42.191109477576)
2014830949,AP-14-0388,11/30/2014,11-November,1-Sunday,17:45,1700 Hours,District 6 (East Central),ANAMOSA,JONES,US 151,US 151,Collision with:  Animal,,,Animal,None Indicated,,,,,,,Paved,,Property Damage Only,0,0,0,0,0,0,2500,1,1,,POINT (-91.267104694135 42.102042632875)
2014830541,20140035484,11/30/2014,11-November,1-Sunday,02:20,0200 Hours,District 1 (Central),DES MOINES,POLK,,GRAND AVE & E GRAND AVE & 2ND AVE,Collision with:  Vehicle in traffic,On Roadway,Rear-end (front to rear),Followed too close,None Indicated,,Dark - roadway lighted,Wet,Clear,None apparent,Intersection:  Four-way intersection,Paved,,Possible/Unknown,0,1,0,0,1,0,1400,2,6,,POINT (-93.620284771728 41.588830946884)
2014830500,W14-117345,11/30/2014,11-November,1-Sunday,07:43,0700 Hours,District 2 (Northeast),WATERLOO,BLACK HAWK,,W DONALD ST,Collision with:  Vehicle in traffic,On Roadway,Broadside (front to side),FTYROW:  Other (explain in narrative),None Indicated,,Daylight,Dry,Clear,None apparent,Non-intersection:  Other non-intersection (explain in narrative),Paved,,Property Damage Only,0,0,0,0,0,0,4000,2,2,,POINT (-92.3394387662 42.527589661021)
2014830586,14-039319,11/30/2014,11-November,1-Sunday,02:00,0200 Hours,District 3 (Northwest),SIOUX CITY,WOODBURY,,S CECELIA ST,Collision with:  Parked motor vehicle,Shoulder,Rear-end (front to rear),Lost Control,None Indicated,,Dark - roadway lighted,Dry,Clear,None apparent,Non-intersection:  Non-junction/no special feature,Paved,,Property Damage Only,0,0,0,0,0,0,6000,2,777,,POINT (-96.366864194938 42.483305835996)