Iowa DOT Case Number,Law Enforcement Case Number,Date of Crash,Month of Crash,Day of Week,Time of Crash,Hour,DOT District,City Name,County Name,Route with System,Location Description,First Harmful Event,Location of First Harmful Event,Manner of Crash/Collision,Major Cause,Drug or Alcohol ,Environmental Conditions,Light Conditions,Surface Conditions,Weather Conditions,Roadway Contribution,Roadway Type,Roadway Surface,Work Zone,Crash Severity,Number of Fatalities,Number of Injuries,Number of Major Injuries,Number of Minor Injuries,Number of Possible Injuries,Number of Unknown Injuries,Amount of Property Damage,Number of Vehicles Involved,Total Number of Occupants,Travel Direction,Location
2014831553,2014066883,11/30/2014,11-November,1-Sunday,16:54,1600 Hours,District 6 (East Central),,CEDAR,I-80,I-80,Collision with:  Vehicle in traffic,On Roadway,Rear-end (front to rear),Unknown,None Indicated,,Dusk,Dry,Clear,None apparent,Non-intersection:  Non-junction/no special feature,Paved,,Property Damage Only,0,0,0,0,0,0,20000,7,16,,POINT (-91.184901460206 41.653020184132)
2014833034,201417842,11/30/2014,11-November,1-Sunday,02:11,0200 Hours,District 6 (East Central),CEDAR RAPIDS,LINN,,WILLIAMS PKWY SW & TRENT ST SW,Collision with:  Vehicle in traffic,On Roadway,Rear-end (front to rear),Followed too close,None Indicated,,Dark - roadway lighted,Dry,Cloudy,None apparent,Non-intersection:  Non-junction/no special feature,Unpaved,,Possible/Unknown,0,2,0,0,2,0,0,2,7,,POINT (-91.711502996692 41.960018737882)
2014830831,14010240,11/30/2014,11-November,1-Sunday,15:09,1500 Hours,District 6 (East Central),,DELAWARE,,130TH AVE,Collision with fixed object:  Bridge overhead structure,On Roadway,Non-collision (single vehicle),Lost Control,Under Influence of Alcohol/Drugs/Medications,,Daylight,Dry,Clear,None apparent,Non-intersection:  Other non-intersection (explain in narrative),Unpaved,,Property Damage Only,0,0,0,0,0,0,10000,1,1,,POINT (-91.549064251588 42.532573112459)
2014831554,2014066893,11/30/2014,11-November,1-Sunday,16:30,1600 Hours,District 6 (East Central),,CEDAR,I-80,I-80,Collision with:  Vehicle in traffic,On Roadway,Rear-end (front to rear),FTYROW:  Other (explain in narrative),None Indicated,,Dark - roadway not lighted,Dry,Clear,None apparent,Non-intersection:  Non-junction/no special feature,Paved,,Property Damage Only,0,0,0,0,0,0,3000,2,3,,POINT (-91.126617450315 41.645302717203)
2014833810,2014-040120,11/30/2014,11-November,1-Sunday,09:10,0900 Hours,District 6 (East Central),DUBUQUE,DUBUQUE,,LORAS BLVD & GRANDVIEW AVE N,Collision with:  Vehicle in traffic,On Roadway,Broadside (front to side),Ran Traffic Signal,None Indicated,,Daylight,Wet,Cloudy,None apparent,Intersection:  Four-way intersection,Paved,,Possible/Unknown,0,1,0,0,1,0,17434,2,4,,POINT (-90.688702088615 42.50032682115)
2014833031,201417812,11/30/2014,11-November,1-Sunday,08:31,0800 Hours,District 6 (East Central),CEDAR RAPIDS,LINN,,O AVE NW,Collision with:  Vehicle in traffic,On Roadway,"Sideswipe, same direction",Ran off road - right,Refused,,Daylight,Wet,Cloudy,None apparent,Non-intersection:  Non-junction/no special feature,Paved,,Property Damage Only,0,0,0,0,0,0,20800,2,1,,POINT (-91.689308400356 41.989038446532)
2014831769,14-001418,11/30/2014,11-November,1-Sunday,19:02,1900 Hours,District 1 (Central),,STORY,I-35,I-35,Collision with:  Vehicle in traffic,On Roadway,Rear-end (front to rear),Followed too close,None Indicated,,Dark - roadway not lighted,Dry,Cloudy,None apparent,Non-intersection:  Other non-intersection (explain in narrative),Paved,,Property Damage Only,0,0,0,0,0,0,5000,3,3,,POINT (-93.57029376577 41.970858921938)
2014831550,2014066844,11/30/2014,11-November,1-Sunday,12:39,1200 Hours,District 6 (East Central),WILLIAMSBURG,IOWA,I-80,I-80,Collision with:  Vehicle in traffic,On Roadway,Rear-end (front to rear),Swerving/Evasive Action,None Indicated,,Daylight,Dry,Cloudy,None apparent,Non-intersection:  Non-junction/no special feature,Paved,,Property Damage Only,0,0,0,0,0,0,2000,2,4,,POINT (-92.015735232742 41.687143288927)
2014833036,201417872,11/30/2014,11-November,1-Sunday,21:08,2100 Hours,District 6 (East Central),CEDAR RAPIDS,LINN,IA 922,IA 922/1ST AVE E & 12TH ST SE & 12TH ST NE,Collision with:  Vehicle in traffic,On Roadway,Broadside (front to side),Ran Traffic Signal,None Indicated,,Dark - roadway lighted,Dry,Clear,None apparent,Intersection:  Four-way intersection,Paved,,Property Damage Only,0,0,0,0,0,0,10000,2,4,,POINT (-91.657825673566 41.984927948156)
2014832065,W14-117445,11/30/2014,11-November,1-Sunday,15:50,1500 Hours,District 2 (Northeast),WATERLOO,BLACK HAWK,,LAFAYETTE ST & VINTON ST,Collision with:  Non-motorist (see non-motorist section - NOT a unit),On Roadway,Non-collision (single vehicle),Other (explain in narrative):  No improper action,None Indicated,,Daylight,Dry,Clear,None apparent,Intersection:  Four-way intersection,Paved,,Minor Injury,0,1,0,1,0,0,0,1,2,,POINT (-92.320037757673 42.492119383145)
2014831119,113014-117,11/30/2014,11-November,1-Sunday,18:25,1800 Hours,District 3 (Northwest),,BUENA VISTA,US 71,US 71,Collision with:  Animal,,,Animal,None Indicated,,,,,,,Paved,,Property Damage Only,0,0,0,0,0,0,3000,1,1,,POINT (-95.159527728792 42.905912671194)
2014831359,20140035556,11/30/2014,11-November,1-Sunday,21:50,2100 Hours,District 1 (Central),DES MOINES,POLK,I-235,I-235,Collision with fixed object:  Other fixed object (explain in narrative),On Roadway,Non-collision (single vehicle),Ran off road - straight,Drug,,Dark - roadway lighted,Dry,Clear,None apparent,Non-intersection:  Other non-intersection (explain in narrative),Paved,,Major Injury,0,1,1,0,0,0,6000,1,2,,POINT (-93.581978527268 41.601127967499)
2014831557,2014066902,11/30/2014,11-November,1-Sunday,17:15,1700 Hours,District 6 (East Central),,JOHNSON,,OSAGE ST,Non-collision events:  Other non-collision (explain in narrative),On Roadway,Non-collision (single vehicle),Ran off road - left,None Indicated,,Dark - roadway not lighted,"Mud, dirt",Clear,None apparent,Non-intersection:  Non-junction/no special feature,Unpaved,,Possible/Unknown,0,1,0,0,1,0,4000,1,1,,POINT (-91.379262904782 41.612981418453)
2014832152,2014066867,11/30/2014,11-November,1-Sunday,15:27,1500 Hours,District 6 (East Central),,BENTON,US 30,US 30/73 ST & 28 AVE,Collision with:  Vehicle in traffic,On Roadway,Rear-end (front to rear),Followed too close,None Indicated,,Daylight,Dry,Clear,None apparent,Non-intersection:  Non-junction/no special feature,Paved,,Property Damage Only,0,0,0,0,0,0,55000,2,2,,POINT (-91.949975372224 41.963312358138)
2014831439,14-3861,11/30/2014,11-November,1-Sunday,10:30,1000 Hours,District 1 (Central),FORT DODGE,WEBSTER,,6TH AVE N & N 15TH ST,Collision with:  Vehicle in traffic,On Roadway,"Sideswipe, same direction",Unknown,None Indicated,,Daylight,Dry,Clear,None apparent,Non-intersection:  Non-junction/no special feature,Paved,,Property Damage Only,0,0,0,0,0,0,3000,2,6,,POINT (-94.178000115488 42.511875295979)
2014833643,14-010736,11/30/2014,11-November,1-Sunday,14:38,1400 Hours,District 6 (East Central),INDEPENDENCE,BUCHANAN,,ENTERPRISE DR,Collision with:  Vehicle in traffic,On Roadway,Head-on (front to front),FTYROW:  Making left turn,None Indicated,,Daylight,Dry,Clear,None apparent,Intersection:  Four-way intersection,Paved,,Property Damage Only,0,0,0,0,0,0,1600,2,5,,POINT (-91.896829252592 42.450669503445)
2014830913,14-015636,11/30/2014,11-November,1-Sunday,05:45,0500 Hours,District 4 (Southwest),GLENWOOD,MILLS,,REDBUD AVE,Collision with fixed object:  Curb/island/raised median,Median,Non-collision (single vehicle),Crossed centerline (undivided),None Indicated,,Dark - roadway lighted,Dry,Cloudy,None apparent,Non-intersection:  Non-junction/no special feature,Paved,,Property Damage Only,0,0,0,0,0,0,2100,1,1,,POINT (-95.729139642691 41.05068102601)
2014831831,14-005636,11/30/2014,11-November,1-Sunday,12:25,1200 Hours,District 1 (Central),AMES,STORY,US 69,US 69/S DUFF AVE,Collision with:  Animal,On Roadway,Non-collision (single vehicle),Animal,None Indicated,,Daylight,Dry,Clear,None apparent,Non-intersection:  Non-junction/no special feature,Paved,,Property Damage Only,0,0,0,0,0,0,3900,1,2,,POINT (-93.610191793248 41.988288803926)
2014832151,2014066866,11/30/2014,11-November,1-Sunday,15:23,1500 Hours,District 6 (East Central),,JOHNSON,I-380,I-380,Collision with:  Vehicle in traffic,On Roadway,Rear-end (front to rear),Followed too close,None Indicated,,Daylight,Dry,Clear,None apparent,Non-intersection:  Non-junction/no special feature,Paved,,Possible/Unknown,0,2,0,0,2,0,10000,2,2,,POINT (-91.646632148639 41.778933206742)
2014831556,2014066901,11/30/2014,11-November,1-Sunday,18:09,1800 Hours,District 6 (East Central),,CEDAR,I-80,I-80,Collision with:  Vehicle in traffic,On Roadway,Rear-end (front to rear),Other (explain in narrative):  Other,None Indicated,,Dark - roadway not lighted,Dry,Clear,None apparent,Non-intersection:  Non-junction/no special feature,Paved,,Property Damage Only,0,0,0,0,0,0,6000,2,4,,POINT (-91.158386934525 41.646230579151)
2014830543,20140035522,11/30/2014,11-November,1-Sunday,14:28,1400 Hours,District 1 (Central),DES MOINES,POLK,IA 163,IA 163/E UNIVERSITY AVE,Collision with:  Vehicle in traffic,On Roadway,"Sideswipe, same direction",Followed too close,None Indicated,,Daylight,Dry,Clear,None apparent,Intersection:  Four-way intersection,Paved,,Property Damage Only,0,0,0,0,0,0,3500,3,3,,POINT (-93.600321645624 41.600601300997)
2014830538,20140035554,11/30/2014,11-November,1-Sunday,21:24,2100 Hours,District 1 (Central),DES MOINES,POLK,,WATROUS AVE & SW 5TH ST,Collision with:  Vehicle in traffic,On Roadway,Broadside (front to side),Unknown,None Indicated,,Dark - roadway lighted,Dry,Clear,None apparent,Non-intersection:  Non-junction/no special feature,Paved,,Property Damage Only,0,0,0,0,0,0,5000,2,2,,POINT (-93.620927010697 41.548159600817)
2014830717,14-6085,11/30/2014,11-November,1-Sunday,14:44,1400 Hours,District 4 (Southwest),WEST DES MOINES,DALLAS,,JORDAN CREEK PKWY & E P TRUE PKWY,Collision with:  Vehicle in traffic,On Roadway,Rear-end (front to rear),Followed too close,None Indicated,,Daylight,Dry,Clear,None apparent,Intersection:  Four-way intersection,Paved,,Property Damage Only,0,0,0,0,0,0,1700,2,3,,POINT (-93.809235583981 41.573397820411)
2014845812,2014066822,11/30/2014,11-November,1-Sunday,08:23,0800 Hours,District 1 (Central),,JASPER,US 65,US 65/W US 65 N & IA 117/IOWA 117 N & IA 330/IOWA 330 N,Collision with:  Vehicle in traffic,On Roadway,Broadside (front to side),Ran Stop Sign,None Indicated,,Daylight,Dry,Clear,None apparent,Intersection:  Four-way intersection,Paved,,Major Injury,0,5,1,3,1,0,18000,2,6,,POINT (-93.308582571464 41.809926966509)
2014830612,14-39289,11/30/2014,11-November,1-Sunday,01:09,0100 Hours,District 3 (Northwest),SIOUX CITY,WOODBURY,,TRANSIT AVE,Collision with:  Parked motor vehicle,On Roadway,"Sideswipe, same direction",Driver Distraction:  Manual operation of an electronic communication device,None Indicated,,Dark - roadway lighted,Dry,Cloudy,None apparent,Non-intersection:  Non-junction/no special feature,Paved,,Property Damage Only,0,0,0,0,0,0,8000,2,1,,POINT (-96.357581786977 42.470801010142)
2014833447,2014-82084,11/30/2014,11-November,1-Sunday,00:46,0000 Hours,District 6 (East Central),DAVENPORT,SCOTT,,W 5TH ST & MARQUETTE ST,Collision with:  Railway vehicle/train,On Roadway,Broadside (front to side),FTYROW:  Other (explain in narrative),Alcohol (Statutory),,Dark - roadway lighted,Wet,Clear,None apparent,Non-intersection:  Railroad grade crossing,Paved,,Minor Injury,0,2,0,1,1,0,15500,2,3,,POINT (-90.590891826257 41.524603528983)
2014832480,2014-82151,11/30/2014,11-November,1-Sunday,14:20,1400 Hours,District 6 (East Central),DAVENPORT,SCOTT,,E 13TH ST & JUDSON ST,Collision with:  Parked motor vehicle,On Roadway,Broadside (front to side),Unknown,None Indicated,,Daylight,Dry,Cloudy,None apparent,Non-intersection:  Driveway access (within),Paved,,Property Damage Only,0,0,0,0,0,0,3415,2,1,,POINT (-90.550551194302 41.533189602652)
2014831558,2014066903,11/30/2014,11-November,1-Sunday,18:30,1800 Hours,District 6 (East Central),,CEDAR,I-80,I-80,Collision with:  Vehicle in traffic,On Roadway,Rear-end (front to rear),Followed too close,None Indicated,,Dark - roadway not lighted,Dry,Clear,None apparent,Non-intersection:  Non-junction/no special feature,Paved,,Possible/Unknown,0,1,0,0,1,0,15000,3,8,,POINT (-91.162344093414 41.646420023698)
2014831641,14-6161,11/30/2014,11-November,1-Sunday,07:05,0700 Hours,District 6 (East Central),HIAWATHA,LINN,,OAK ST & ROBINS RD,Collision with fixed object:  Curb/island/raised median,On Roadway,Non-collision (single vehicle),Ran Traffic Signal,Alcohol (Statutory),,Dark - roadway lighted,Dry,Cloudy,None apparent,Unknown,Paved,,Property Damage Only,0,0,0,0,0,0,5000,1,1,,POINT (-91.673032434646 42.039116095231)
2014830611,14-39283,11/30/2014,11-November,1-Sunday,00:07,0000 Hours,District 3 (Northwest),SIOUX CITY,WOODBURY,,S PATTERSON ST,Collision with fixed object:  Other fixed object (explain in narrative),Outside trafficway,"Sideswipe, same direction",Ran off road - right,None Indicated,,Dark - roadway lighted,Dry,Clear,None apparent,Non-intersection:  Non-junction/no special feature,Paved,,Possible/Unknown,0,1,0,0,0,1,8500,2,1,,POINT (-96.353600560448 42.467540993043)
2014839040,14017554,11/30/2014,11-November,1-Sunday,12:00,1200 Hours,District 6 (East Central),,CEDAR,,EUREKA AVE,Collision with:  Animal,,,Animal,None Indicated,,,,,,,Unpaved,,Property Damage Only,0,0,0,0,0,0,2000,1,1,,POINT (-91.288301842502 41.650653016086)
2014831951,2014066892,11/30/2014,11-November,1-Sunday,17:43,1700 Hours,District 5 (Southeast),,LUCAS,US 34,US 34,Collision with:  Animal,,,Animal,None Indicated,,,,,,,Paved,,Property Damage Only,0,0,0,0,0,0,7000,1,1,,POINT (-93.392296402291 41.021582158717)
2014833164,2014066800,11/30/2014,11-November,1-Sunday,02:44,0200 Hours,District 3 (Northwest),,WOODBURY,,Co Rd K67/HANCOCK AVE & 335TH ST,Non-collision events:  Overturn/rollover,Roadside,Non-collision (single vehicle),Ran off road - left,Refused,,Dark - roadway not lighted,Dry,Severe winds,None apparent,Intersection:  T-intersection,Unpaved,,Major Injury,0,3,1,2,0,0,3000,1,3,,POINT (-96.029231157927 42.217266814964)
2014831244,32100-14,11/30/2014,11-November,1-Sunday,10:32,1000 Hours,District 3 (Northwest),,EMMET,IA 15,IA 15/IOWA 15,Collision with:  Animal,,,Animal,None Indicated,,,,,,,Paved,,Property Damage Only,0,0,0,0,0,0,2000,1,1,,POINT (-94.452146904182 43.481689401066)
2014832150,2014066857,11/30/2014,11-November,1-Sunday,14:55,1400 Hours,District 2 (Northeast),,CERRO GORDO,I-35,I-35,Collision with:  Vehicle in traffic,On Roadway,Rear-end (front to rear),Followed too close,None Indicated,,Daylight,Dry,Clear,None apparent,Non-intersection:  Non-junction/no special feature,Paved,,Property Damage Only,0,0,0,0,0,0,11000,5,18,,POINT (-93.348484209406 42.972609116983)
2014830540,20140035482,11/30/2014,11-November,1-Sunday,01:43,0100 Hours,District 1 (Central),DES MOINES,POLK,,2ND AVE,Collision with fixed object:  Concrete traffic barrier (median or right side),On Roadway,Non-collision (single vehicle),Ran off road - right,None Indicated,,Dark - roadway lighted,Dry,Clear,None apparent,Non-intersection:  Non-junction/no special feature,Paved,,Property Damage Only,0,0,0,0,0,0,5100,1,1,,POINT (-93.619804951621 41.595111585176)
2014833146,2014-82209,11/30/2014,11-November,1-Sunday,21:32,2100 Hours,District 6 (East Central),DAVENPORT,SCOTT,,ELMWOOD AVE,Collision with:  Vehicle in traffic,On Roadway,Rear-end (front to rear),Followed too close,Refused,,Dark - roadway lighted,Dry,Clear,None apparent,Intersection:  T-intersection,Paved,,Possible/Unknown,0,1,0,0,1,0,6000,2,3,,POINT (-90.616034917171 41.522011544933)
2014831559,2014066909,11/30/2014,11-November,1-Sunday,17:55,1700 Hours,District 1 (Central),,STORY,I-35,I-35,Collision with:  Vehicle in traffic,On Roadway,Rear-end (front to rear),Followed too close,None Indicated,,Dark - roadway not lighted,Dry,Cloudy,None apparent,Non-intersection:  Non-junction/no special feature,Paved,,Property Damage Only,0,0,0,0,0,0,2800,2,6,,POINT (-93.570999691699 41.994488855469)
2014830537,20140035546,11/30/2014,11-November,1-Sunday,18:46,1800 Hours,District 1 (Central),DES MOINES,POLK,US 6,US 6/EUCLID AVE & 16TH ST,Collision with:  Vehicle in traffic,On Roadway,Rear-end (front to rear),Unknown,None Indicated,,Dark - roadway lighted,Dry,Cloudy,None apparent,Intersection:  Four-way intersection,Paved,,Property Damage Only,0,0,0,0,0,0,1500,2,3,,POINT (-93.639252476911 41.627665245776)
2014831459,2014-040135,11/30/2014,11-November,1-Sunday,23:15,2300 Hours,District 6 (East Central),DUBUQUE,DUBUQUE,US 52,US 52/CENTRAL AVE,Collision with:  Vehicle in traffic,On Roadway,Rear-end (front to rear),Other (explain in narrative):  Other,None Indicated,,Dark - roadway not lighted,Dry,Clear,None apparent,Non-intersection:  Non-junction/no special feature,Paved,,Possible/Unknown,0,1,0,0,0,1,7000,2,2,,POINT (-90.669432635263 42.510283372144)
2014831270,14-071,11/30/2014,11-November,1-Sunday,01:30,0100 Hours,District 3 (Northwest),LYTTON,CALHOUN,,BRISTOW AVE,Collision with fixed object:  Ditch,Roadside,Non-collision (single vehicle),Ran off road - right,None Indicated,,Dark - roadway not lighted,Dry,Clear,None apparent,Non-intersection:  Non-junction/no special feature,Unpaved,,Minor Injury,0,1,0,1,0,0,7000,1,3,,POINT (-94.894242449731 42.474238796745)
2014831551,2014066864,11/30/2014,11-November,1-Sunday,15:17,1500 Hours,District 6 (East Central),,JOHNSON,I-380,I-380,Collision with:  Vehicle in traffic,On Roadway,Rear-end (front to rear),Other (explain in narrative):  Other,None Indicated,,Daylight,Dry,Clear,None apparent,Non-intersection:  Non-junction/no special feature,Paved,,Property Damage Only,0,0,0,0,0,0,6000,2,2,,POINT (-91.646551539867 41.798783054852)
2014831555,2014066896,11/30/2014,11-November,1-Sunday,18:00,1800 Hours,District 6 (East Central),,CEDAR,I-80,I-80,Collision with:  Vehicle in traffic,On Roadway,Rear-end (front to rear),Followed too close,None Indicated,,Dark - roadway not lighted,Dry,Clear,None apparent,Non-intersection:  Non-junction/no special feature,Paved,,Property Damage Only,0,0,0,0,0,0,6000,2,3,,POINT (-91.131247826418 41.645459175072)
2014830544,20140035540,11/30/2014,11-November,1-Sunday,17:20,1700 Hours,District 1 (Central),DES MOINES,POLK,US 6,US 6/DOUGLAS AVE & 37TH ST,Collision with:  Vehicle in traffic,On Roadway,"Angle, oncoming left turn",FTYROW:  Making left turn,None Indicated,,Daylight,Dry,Cloudy,None apparent,Intersection:  T-intersection,Paved,,Property Damage Only,0,0,0,0,0,0,3000,2,3,,POINT (-93.66720714496 41.62953300641)
2014830969,2014013321,11/30/2014,11-November,1-Sunday,16:43,1600 Hours,District 6 (East Central),IOWA CITY,JOHNSON,,CHURCH ST & N DUBUQUE ST,Collision with:  Vehicle in traffic,On Roadway,Rear-end (front to rear),Followed too close,None Indicated,,Dark - roadway lighted,Dry,Clear,None apparent,Intersection:  Four-way intersection,Paved,,Property Damage Only,0,0,0,0,0,0,1750,2,6,,POINT (-91.533018256567 41.667989166995)
2014833129,14-005516,11/30/2014,11-November,1-Sunday,16:05,1600 Hours,District 3 (Northwest),,LYON,IA 9,IA 9/IOWA 9 & Co Rd L26/MARSH AVE,Collision with:  Vehicle in traffic,On Roadway,Broadside (front to side),FTYROW:  From stop sign,None Indicated,,Daylight,Dry,Clear,None apparent,Intersection:  Four-way intersection,Paved,,Minor Injury,0,1,0,1,0,0,16000,2,4,,POINT (-95.880545163659 43.432635938316)
2014831832,14-005638,11/30/2014,11-November,1-Sunday,14:05,1400 Hours,District 1 (Central),AMES,STORY,US 69,US 69/S DUFF AVE & CHESTNUT ST,Collision with:  Vehicle in traffic,On Roadway,"Angle, oncoming left turn",FTYROW:  Making left turn,None Indicated,,Daylight,Dry,Clear,None apparent,Non-intersection:  Driveway access (within),Paved,,Possible/Unknown,0,2,0,0,0,2,9500,2,2,,POINT (-93.610292893176 42.01150731613)
2014834448,2014-86219,12/01/2014,12-December,2-Monday,09:00,0900 Hours,District 6 (East Central),DAVENPORT,SCOTT,,TREMONT AVE,Collision with:  Parked motor vehicle,On Roadway,Rear-end (front to rear),Improper Backing,None Indicated,,Daylight,Dry,Cloudy,None apparent,Non-intersection:  Non-junction/no special feature,Paved,,Property Damage Only,0,0,0,0,0,0,2000,2,1,,POINT (-90.560603888418 41.581092148568)
2014836832,,12/01/2014,12-December,2-Monday,19:53,1900 Hours,District 2 (Northeast),,WINNESHIEK,IA 24,IA 24/IOWA 24,Collision with fixed object:  Bridge overhead structure,On Roadway,Non-collision (single vehicle),Swerving/Evasive Action,None Indicated,,Dark - roadway not lighted,Dry,Cloudy,None apparent,Non-intersection:  Non-junction/no special feature,Paved,,Property Damage Only,0,0,0,0,0,0,11000,1,3,,POINT (-91.967956903317 43.126252916794)
2014831241,2014-82337,12/01/2014,12-December,2-Monday,14:08,1400 Hours,District 6 (East Central),DAVENPORT,SCOTT,,IA 461/BRADY ST,Collision with:  Vehicle in traffic,On Roadway,"Sideswipe, same direction",Improper or erratic lane changing,None Indicated,,Daylight,Dry,Cloudy,Work Zone (roadway-related),Non-intersection:  Non-junction/no special feature,Paved,Yes,Property Damage Only,0,0,0,0,0,0,2300,2,2,,POINT (-90.573988083803 41.535650103423)
2014831560,2014066958,12/01/2014,12-December,2-Monday,06:42,0600 Hours,District 2 (Northeast),CALMAR,WINNESHIEK,US 52,US 52 & 175TH ST,Collision with:  Vehicle in traffic,On Roadway,"Sideswipe, same direction",Traveling wrong way or on wrong side of road,None Indicated,,Dawn,Dry,Clear,None apparent,Intersection:  Four-way intersection,Paved,,Minor Injury,0,2,0,2,0,0,12000,2,2,,POINT (-91.86709825653 43.19087108694)
2014831817,,12/01/2014,12-December,2-Monday,07:00,0700 Hours,District 2 (Northeast),,ALLAMAKEE,IA 76,IA 76/IOWA 76,Collision with:  Animal,On Roadway,Non-collision (single vehicle),Animal,None Indicated,,,Dry,Clear,,,Paved,,Property Damage Only,0,0,0,0,0,0,10000,1,1,,POINT (-91.235635291854 43.135311882681)
2014835417,EPD144605,12/01/2014,12-December,2-Monday,16:06,1600 Hours,District 1 (Central),ELDORA,HARDIN,,12TH AVE & 8TH ST,Collision with:  Vehicle in traffic,On Roadway,Broadside (front to side),Other (explain in narrative):  No improper action,None Indicated,,Daylight,Dry,Other (explain in narrative),None apparent,Intersection:  Other intersection (explain in narrative),Paved,,Property Damage Only,0,0,0,0,0,0,4500,2,5,,POINT (-93.093348767983 42.361602275152)
2014831065,14-7912,12/01/2014,12-December,2-Monday,15:22,1500 Hours,District 1 (Central),,POLK,IA 141,IA 141/IOWA 141,Collision with:  Vehicle in traffic,On Roadway,Rear-end (front to rear),Driver Distraction:  Manual operation of an electronic communication device,None Indicated,,Daylight,Dry,Cloudy,None apparent,Non-intersection:  Non-junction/no special feature,Paved,,Property Damage Only,0,0,0,0,0,0,7000,2,2,,POINT (-93.790117771774 41.744521629488)
2014831125,14-2681,12/01/2014,12-December,2-Monday,17:14,1700 Hours,District 1 (Central),URBANDALE,POLK,,NW 86TH ST,Collision with:  Vehicle in traffic,On Roadway,Rear-end (front to rear),Other (explain in narrative):  Other,None Indicated,,Dark - roadway lighted,Dry,Cloudy,None apparent,Non-intersection:  Non-junction/no special feature,Paved,,Property Damage Only,0,0,0,0,0,0,3000,2,2,,POINT (-93.736501908483 41.655942188741)
2014835870,14-1384,12/01/2014,12-December,2-Monday,07:27,0700 Hours,District 1 (Central),PLEASANT HILL,POLK,,NE 80TH ST,Collision with:  Vehicle in traffic,On Roadway,Rear-end (front to rear),FTYROW:  Other (explain in narrative),None Indicated,,Daylight,Dry,Cloudy,None apparent,Non-intersection:  Driveway access (within),Paved,,Property Damage Only,0,0,0,0,0,0,6000,2,2,,POINT (-93.444000543848 41.600869932848)
2014831778,14-2680,12/01/2014,12-December,2-Monday,16:45,1600 Hours,District 1 (Central),URBANDALE,POLK,US 6,US 6/HICKMAN RD & 104TH ST,Collision with:  Vehicle in traffic,On Roadway,"Angle, oncoming left turn",FTYROW:  Making left turn,None Indicated,,Daylight,Dry,Clear,None apparent,Intersection:  Four-way intersection,Paved,,Property Damage Only,0,0,0,0,0,0,3000,2,2,,POINT (-93.760819456184 41.614855316993)
2014836401,201417907,12/01/2014,12-December,2-Monday,20:20,2000 Hours,District 6 (East Central),CEDAR RAPIDS,LINN,IA 922,IA 922/1ST AVE E,Collision with fixed object:  Utility pole/light support,Roadside,Non-collision (single vehicle),Ran off road - right,Under Influence of Alcohol/Drugs/Medications,,Dark - roadway lighted,Dry,Clear,None apparent,Non-intersection:  Non-junction/no special feature,Paved,,Minor Injury,0,1,0,1,0,0,15500,1,2,,POINT (-91.652066165479 41.988426998044)
2014831167,2014-040146,12/01/2014,12-December,2-Monday,11:49,1100 Hours,District 6 (East Central),DUBUQUE,DUBUQUE,,ASBURY RD,Collision with:  Vehicle in traffic,On Roadway,Rear-end (front to rear),Lost Control,None Indicated,,Daylight,Dry,Clear,None apparent,Non-intersection:  Non-junction/no special feature,Paved,,Property Damage Only,0,0,0,0,0,0,5500,2,3,,POINT (-90.741319987451 42.515298549044)
2014831117,C14117640,12/01/2014,12-December,2-Monday,12:33,1200 Hours,District 2 (Northeast),CEDAR FALLS,BLACK HAWK,,ANDREA DR & E VIKING RD,Collision with:  Vehicle in traffic,On Roadway,Rear-end (front to rear),Other (explain in narrative):  Other,None Indicated,,Daylight,Dry,Clear,None apparent,Intersection:  Four-way intersection,Paved,,Property Damage Only,0,0,0,0,0,0,2500,2,3,,POINT (-92.44334357795 42.484039930527)
2014830962,14-050463,12/01/2014,12-December,2-Monday,14:14,1400 Hours,District 4 (Southwest),COUNCIL BLUFFS,POTTAWATTAMIE,IA 192,IA 192/N 16TH ST & AVE B,Collision with:  Vehicle in traffic,On Roadway,Broadside (front to side),Ran Traffic Signal,None Indicated,,Daylight,Dry,Clear,None apparent,Intersection:  Four-way intersection,Paved,,Possible/Unknown,0,1,0,0,0,1,4200,2,2,,POINT (-95.86754915025 41.263634956503)
2014831193,S14-004739,12/01/2014,12-December,2-Monday,07:30,0700 Hours,District 4 (Southwest),COUNCIL BLUFFS,POTTAWATTAMIE,,HARRY LANGDON BLVD,Collision with:  Vehicle in traffic,On Roadway,Rear-end (front to rear),Followed too close,None Indicated,,Daylight,Dry,Clear,None apparent,Non-intersection:  Non-junction/no special feature,Paved,,Property Damage Only,0,0,0,0,0,0,4300,3,4,,POINT (-95.816614829903 41.219140700372)
2014832386,80-14-378,12/01/2014,12-December,2-Monday,12:51,1200 Hours,District 2 (Northeast),HUMBOLDT,HUMBOLDT,US 169,US 169/13TH ST N & 16TH AVE N,Collision with:  Vehicle in traffic,On Roadway,Rear-end (front to rear),Other (explain in narrative):  Other,None Indicated,,Daylight,Dry,Clear,"Surface condition (e.g., wet, icy)",Intersection:  Four-way intersection,Paved,,Property Damage Only,0,0,0,0,0,0,1700,2,2,,POINT (-94.227125806538 42.738955931167)