Iowa DOT Case Number,Law Enforcement Case Number,Date of Crash,Month of Crash,Day of Week,Time of Crash,Hour,DOT District,City Name,County Name,Route with System,Location Description,First Harmful Event,Location of First Harmful Event,Manner of Crash/Collision,Major Cause,Drug or Alcohol ,Environmental Conditions,Light Conditions,Surface Conditions,Weather Conditions,Roadway Contribution,Roadway Type,Roadway Surface,Work Zone,Crash Severity,Number of Fatalities,Number of Injuries,Number of Major Injuries,Number of Minor Injuries,Number of Possible Injuries,Number of Unknown Injuries,Amount of Property Damage,Number of Vehicles Involved,Total Number of Occupants,Travel Direction,Location
2014831063,W14-117670,12/01/2014,12-December,2-Monday,14:36,1400 Hours,District 2 (Northeast),WATERLOO,BLACK HAWK,,E 2ND ST & LAFAYETTE ST,Collision with:  Vehicle in traffic,On Roadway,Head-on (front to front),FTYROW:  Making left turn,None Indicated,,Daylight,Dry,Clear,None apparent,Intersection:  Four-way intersection,Paved,,Property Damage Only,0,0,0,0,0,0,3000,2,2,,POINT (-92.338147432476 42.501123158666)
2014831116,C14117590,12/01/2014,12-December,2-Monday,06:47,0600 Hours,District 2 (Northeast),CEDAR FALLS,BLACK HAWK,,ORCHARD DR,Collision with fixed object:  Utility pole/light support,On Roadway,Non-collision (single vehicle),Ran off road - left,None Indicated,,Dark - roadway not lighted,Dry,Clear,None apparent,Non-intersection:  Non-junction/no special feature,Paved,,Property Damage Only,0,0,0,0,0,0,6000,1,2,,POINT (-92.439133748731 42.50582256681)
2014831911,14-009170,12/01/2014,12-December,2-Monday,10:55,1000 Hours,District 4 (Southwest),PERRY,DALLAS,,2ND ST,Collision with:  Vehicle in traffic,Outside trafficway,"Sideswipe, same direction",Unknown,None Indicated,,Daylight,Dry,Cloudy,None apparent,Non-intersection:  Non-junction/no special feature,Paved,,Property Damage Only,0,0,0,0,0,0,1500,2,1,,POINT (-94.105206421075 41.842195488022)
2014832092,14-001771,12/01/2014,12-December,2-Monday,03:10,0300 Hours,District 1 (Central),AMES,STORY,,HAWTHORNE CT,Collision with:  Parked motor vehicle,On Roadway,"Sideswipe, same direction",Other (explain in narrative):  Other,None Indicated,,Dark - roadway lighted,Unknown,Unknown,None apparent,Non-intersection:  Non-junction/no special feature,Unpaved,,Property Damage Only,0,0,0,0,0,0,2500,2,1,,POINT (-93.641009422919 42.033667187381)
2014831954,2014067083,12/01/2014,12-December,2-Monday,17:00,1700 Hours,District 6 (East Central),,DUBUQUE,IA 136,IA 136/IOWA 136,Collision with:  Animal,,,Animal,None Indicated,,,,,,,Paved,,Property Damage Only,0,0,0,0,0,0,4500,1,1,,POINT (-91.100972834223 42.56479006653)
2014832486,2014-82379,12/01/2014,12-December,2-Monday,17:18,1700 Hours,District 6 (East Central),DAVENPORT,SCOTT,,W 51ST ST & N DIVISION ST,Collision with:  Vehicle in traffic,On Roadway,Rear-end (front to rear),FTYROW:  Other (explain in narrative),None Indicated,,Dark - roadway not lighted,Dry,Clear,None apparent,Non-intersection:  Non-junction/no special feature,Paved,,Property Damage Only,0,0,0,0,0,0,3000,2,2,,POINT (-90.600435535202 41.572131881614)
2014831285,120114-172,12/01/2014,12-December,2-Monday,17:20,1700 Hours,District 3 (Northwest),STORM LAKE,BUENA VISTA,,LAKE AVE & 590TH ST & 105TH AVE,Collision with:  Vehicle in traffic,On Roadway,"Sideswipe, same direction",FTYROW:  Making left turn,None Indicated,,Dark - roadway lighted,Dry,Clear,None apparent,Intersection:  Four-way intersection,Paved,,Property Damage Only,0,0,0,0,0,0,2600,2,3,,POINT (-95.2007561988 42.66193161221)
2014831168,2014-040154,12/01/2014,12-December,2-Monday,16:44,1600 Hours,District 6 (East Central),DUBUQUE,DUBUQUE,,PENNSYLVANIA AVE,Collision with:  Vehicle in traffic,On Roadway,"Sideswipe, same direction",Improper or erratic lane changing,None Indicated,,Dusk,Dry,Clear,None apparent,Non-intersection:  Non-junction/no special feature,Paved,,Property Damage Only,0,0,0,0,0,0,2500,2,2,,POINT (-90.722796958754 42.500451375331)
2014831779,14-2682,12/01/2014,12-December,2-Monday,17:40,1700 Hours,District 1 (Central),URBANDALE,POLK,,MEREDITH DR,Collision with:  Vehicle in traffic,On Roadway,Broadside (front to side),FTYROW:  From driveway,None Indicated,,Dark - roadway not lighted,Dry,Clear,None apparent,Non-intersection:  Driveway access (within),Paved,,Property Damage Only,0,0,0,0,0,0,3500,2,2,,POINT (-93.735115416626 41.643854487204)
2014832309,C14003835,12/01/2014,12-December,2-Monday,16:58,1600 Hours,District 6 (East Central),CORALVILLE,JOHNSON,US 6,US 6/2ND ST,Collision with:  Vehicle in traffic,On Roadway,Rear-end (front to rear),Driving too fast for conditions,None Indicated,,Dark - roadway lighted,Dry,Clear,None apparent,Non-intersection:  Non-junction/no special feature,Paved,,Property Damage Only,0,0,0,0,0,0,17500,3,3,,POINT (-91.568244596601 41.669838533459)
2014831612,,12/01/2014,12-December,2-Monday,21:46,2100 Hours,District 4 (Southwest),,AUDUBON,US 71,US 71,Collision with:  Vehicle in traffic,On Roadway,Rear-end (front to rear),Crossed centerline (undivided),Alcohol (Statutory),,Dark - roadway lighted,Dry,Clear,None apparent,Non-intersection:  Non-junction/no special feature,Paved,,Possible/Unknown,0,2,0,0,2,0,16000,2,2,,POINT (-94.92274863097 41.701904254792)
2014844835,,12/01/2014,12-December,2-Monday,12:00,1200 Hours,District 1 (Central),,POWESHIEK,I-80,I-80,Collision with fixed object:  Guardrail - face,Unknown,Unknown,Unknown,None Indicated,,Unknown,Unknown,Unknown,Unknown,Unknown,Paved,,Property Damage Only,0,0,0,0,0,0,6113,1,1,,POINT (-92.758843463098 41.695338513549)
2014831198,20140035624,12/01/2014,12-December,2-Monday,14:11,1400 Hours,District 1 (Central),DES MOINES,POLK,I-235,I-235,Collision with fixed object:  Concrete traffic barrier (median or right side),On Roadway,Non-collision (single vehicle),Unknown,None Indicated,,Daylight,Dry,Clear,None apparent,Non-intersection:  Non-junction/no special feature,Paved,,Property Damage Only,0,0,0,0,0,0,2000,1,1,,POINT (-93.620735116965 41.595764095558)
2014832684,2014067082,12/01/2014,12-December,2-Monday,17:15,1700 Hours,District 1 (Central),DES MOINES,POLK,,E 13TH ST,Miscellaneous events:  Hit and run,Unknown,Unknown,Unknown,None Indicated,,Dusk,Dry,Clear,Unknown,Unknown,Paved,,Property Damage Only,0,0,0,0,0,0,1500,2,1,,POINT (-93.600817947818 41.593302842349)
2014831602,,12/01/2014,12-December,2-Monday,16:50,1600 Hours,District 6 (East Central),IOWA CITY,JOHNSON,,CHURCH ST & N DUBUQUE ST,Collision with:  Vehicle in traffic,On Roadway,Rear-end (front to rear),Unknown,None Indicated,,Dusk,Dry,Clear,,Intersection:  Four-way intersection,Paved,,Property Damage Only,0,0,0,0,0,0,3450,2,4,,POINT (-91.533018256567 41.667989166995)
2014831115,14004077,12/01/2014,12-December,2-Monday,17:39,1700 Hours,District 5 (Southeast),,KEOKUK,IA 92,IA 92/IOWA 92,Collision with:  Animal,,,Animal,None Indicated,,,,,,,Paved,,Property Damage Only,0,0,0,0,0,0,2500,1,1,,POINT (-92.167848199477 41.336888927043)
2014831833,14-005648,12/01/2014,12-December,2-Monday,11:11,1100 Hours,District 1 (Central),AMES,STORY,,LINCOLN WAY ALLEY & DUFF AVE,Collision with:  Vehicle in traffic,On Roadway,Broadside (front to side),FTYROW:  Other (explain in narrative),None Indicated,,Daylight,Dry,Cloudy,None apparent,Non-intersection:  Alley,Paved,,Property Damage Only,0,0,0,0,0,0,5000,2,4,,POINT (-93.610382501001 42.023404540526)
2014832484,2014-82366,12/01/2014,12-December,2-Monday,16:14,1600 Hours,District 6 (East Central),DAVENPORT,SCOTT,US 6,US 6/E KIMBERLY RD,Collision with:  Vehicle in traffic,On Roadway,Rear-end (front to rear),Followed too close,None Indicated,,Daylight,Dry,Cloudy,None apparent,Non-intersection:  Non-junction/no special feature,Paved,,Property Damage Only,0,0,0,0,0,0,6500,2,5,,POINT (-90.530008163013 41.55550902504)
2014840402,,12/01/2014,12-December,2-Monday,20:09,2000 Hours,District 6 (East Central),PRINCETON,SCOTT,,HUBBARD ST,Collision with:  Parked motor vehicle,On Roadway,"Sideswipe, same direction",Improper Backing,None Indicated,,Dark - roadway not lighted,Dry,Clear,None apparent,Non-intersection:  Non-junction/no special feature,Unpaved,,Property Damage Only,0,0,0,0,0,0,2500,2,1,,POINT (-90.340172635767 41.676528916298)
2014832808,SO1405201,12/01/2014,12-December,2-Monday,14:20,1400 Hours,District 5 (Southeast),FAIRFIELD,JEFFERSON,,E KIRKWOOD AVE & PLEASANT PLAIN RD & N F ST,Collision with:  Vehicle in traffic,On Roadway,Rear-end (front to rear),Improper Backing,None Indicated,,Daylight,Dry,Cloudy,None apparent,Intersection:  Four-way intersection,Paved,,Property Damage Only,0,0,0,0,0,0,2100,2,2,,POINT (-91.956101941683 41.012892309164)
2014832332,1400001071,12/01/2014,12-December,2-Monday,18:20,1800 Hours,District 1 (Central),,MARSHALL,US 30,US 30,Collision with fixed object:  Bridge overhead structure,On Roadway,Non-collision (single vehicle),Lost Control,None Indicated,,Dark - roadway not lighted,Dry,Cloudy,None apparent,Non-intersection:  Other non-intersection (explain in narrative),Paved,,Property Damage Only,0,0,0,0,0,0,3500,1,1,,POINT (-92.793742856724 42.010206359731)
2014839028,14-8641,12/01/2014,12-December,2-Monday,06:20,0600 Hours,District 3 (Northwest),,IDA,US 20,US 20,Collision with fixed object:  Curb/island/raised median,On Roadway,Non-collision (single vehicle),Crossed centerline (undivided),None Indicated,,Dark - roadway not lighted,Dry,Clear,None apparent,Non-intersection:  Non-junction/no special feature,Paved,,Property Damage Only,0,0,0,0,0,0,21500,1,1,,POINT (-95.509661887776 42.474774160483)
2014831906,2014013332,12/01/2014,12-December,2-Monday,06:44,0600 Hours,District 6 (East Central),IOWA CITY,JOHNSON,IA 1,IA 1/IOWA 1,Collision with:  Vehicle in traffic,On Roadway,Rear-end (front to rear),Other (explain in narrative):  Other,None Indicated,,Daylight,Dry,Clear,None apparent,Non-intersection:  Non-junction/no special feature,Paved,,Property Damage Only,0,0,0,0,0,0,11000,2,2,,POINT (-91.544423750798 41.647454446353)
2014831092,14-1475,12/01/2014,12-December,2-Monday,08:47,0800 Hours,District 1 (Central),CLIVE,POLK,US 6,US 6/HICKMAN RD & NW 111TH ST,Collision with:  Vehicle in traffic,On Roadway,"Sideswipe, same direction",Swerving/Evasive Action,None Indicated,,Daylight,Dry,Cloudy,None apparent,Intersection:  Four-way intersection,Paved,,Property Damage Only,0,0,0,0,0,0,4000,2,2,,POINT (-93.771442106239 41.614892608538)
2014832483,2014-82358,12/01/2014,12-December,2-Monday,15:46,1500 Hours,District 6 (East Central),DAVENPORT,SCOTT,I-74,I-74 & E 53RD ST,Collision with:  Vehicle in traffic,On Roadway,Rear-end (front to rear),Followed too close,None Indicated,,Daylight,Dry,Cloudy,None apparent,Non-intersection:  Other non-intersection (explain in narrative),Paved,,Property Damage Only,0,0,0,0,0,0,7000,2,3,,POINT (-90.524030993851 41.574816065523)
2014830756,201405677,12/01/2014,12-December,2-Monday,09:00,0900 Hours,District 1 (Central),,BOONE,,ROSE RD,Collision with fixed object:  Utility pole/light support,On Roadway,Non-collision (single vehicle),Swerving/Evasive Action,None Indicated,,Daylight,Dry,Cloudy,Ruts/holes/bumps,Non-intersection:  Non-junction/no special feature,Unpaved,,Property Damage Only,0,0,0,0,0,0,10500,1,1,,POINT (-93.830160344424 41.893212527445)
2014830968,20140035604,12/01/2014,12-December,2-Monday,11:30,1100 Hours,District 1 (Central),DES MOINES,POLK,,SE 6TH ST & INDIANOLA AVE & SE 5TH ST,Collision with:  Vehicle in traffic,On Roadway,Broadside (front to side),Ran Traffic Signal,None Indicated,,Daylight,Dry,Cloudy,None apparent,Intersection:  Four-way intersection,Paved,,Property Damage Only,0,0,0,0,0,0,3000,2,3,,POINT (-93.605714787568 41.560076340397)
2014831974,14-39395,12/01/2014,12-December,2-Monday,10:20,1000 Hours,District 3 (Northwest),SIOUX CITY,WOODBURY,I-29,I-29,Collision with:  Vehicle in traffic,On Roadway,"Sideswipe, same direction",FTYROW:  Other (explain in narrative),None Indicated,,Daylight,Dry,Clear,None apparent,Interchange-related:  On-ramp merge area,Paved,,Property Damage Only,0,0,0,0,0,0,3000,2,2,,POINT (-96.402357714148 42.48882075206)
2014831976,14-39443,12/01/2014,12-December,2-Monday,21:10,2100 Hours,District 3 (Northwest),SIOUX CITY,WOODBURY,,W EDMUNDS AVE & HARRIS ST,Non-collision events:  Overturn/rollover,On Roadway,Non-collision (single vehicle),Driving too fast for conditions,None Indicated,,Dark - roadway lighted,"Mud, dirt",Cloudy,None apparent,Intersection:  T-intersection,Unpaved,,Minor Injury,0,2,0,1,1,0,2000,1,3,,POINT (-96.450000627911 42.506718367104)
2014832806,14226,12/01/2014,12-December,2-Monday,10:00,1000 Hours,District 5 (Southeast),PELLA,MARION,,FRANKLIN ST & BROADWAY ST,Collision with:  Vehicle in traffic,On Roadway,"Sideswipe, opposite direction",Unknown,None Indicated,,Daylight,Dry,Clear,None apparent,Non-intersection:  Other non-intersection (explain in narrative),Paved,,Property Damage Only,0,0,0,0,0,0,2000,2,2,,POINT (-92.918320158293 41.406714074529)
2014833097,2014-85-AC,12/01/2014,12-December,2-Monday,19:25,1900 Hours,District 3 (Northwest),,DICKINSON,,245TH AVE,Collision with fixed object:  Ditch,Shoulder,Non-collision (single vehicle),Driving too fast for conditions,None Indicated,,Dark - roadway lighted,Ice/frost,Clear,"Surface condition (e.g., wet, icy)",Non-intersection:  Non-junction/no special feature,Paved,,Possible/Unknown,0,3,0,0,3,0,5000,1,3,,POINT (-95.102241432816 43.393832161726)
2014831199,20140035626,12/01/2014,12-December,2-Monday,14:21,1400 Hours,District 1 (Central),DES MOINES,POLK,,SCHOOL ST & 2ND AVE,Collision with:  Vehicle in traffic,On Roadway,Rear-end (front to rear),Lost Control,None Indicated,,Daylight,Dry,Clear,None apparent,Intersection:  Intersection with ramp,Paved,,Property Damage Only,0,0,0,0,0,0,2000,2,2,,POINT (-93.619841549861 41.595174438519)
2014831672,20140004419,12/01/2014,12-December,2-Monday,23:33,2300 Hours,District 6 (East Central),,LINN,US 151,US 151,Collision with:  Animal,,,Animal,None Indicated,,,,,,,Paved,,Property Damage Only,0,0,0,0,0,0,3500,1,1,,POINT (-91.552610090728 41.966294048931)
2014831772,14001422,12/01/2014,12-December,2-Monday,18:03,1800 Hours,District 1 (Central),,STORY,US 69,US 69,Collision with:  Animal,,Non-collision (single vehicle),Animal,None Indicated,,,,,,,Paved,,Property Damage Only,0,0,0,0,0,0,1500,1,1,,POINT (-93.610220527928 41.916667474475)
2014836833,,12/01/2014,12-December,2-Monday,18:16,1800 Hours,District 2 (Northeast),,WINNESHIEK,IA 9,IA 9/IOWA 9,Collision with:  Animal,On Roadway,Non-collision (single vehicle),Animal,None Indicated,,Dark - roadway not lighted,Dry,Cloudy,None apparent,Non-intersection:  Non-junction/no special feature,Paved,,Property Damage Only,0,0,0,0,0,0,2500,1,2,,POINT (-92.020464630229 43.324582686711)
2014831357,141201PM01,12/01/2014,12-December,2-Monday,17:43,1700 Hours,District 3 (Northwest),ORANGE CITY,SIOUX,IA 10,IA 10/8TH ST SW,Collision with:  Vehicle in traffic,On Roadway,Rear-end (front to rear),Followed too close,None Indicated,,Dark - roadway lighted,Dry,Cloudy,None apparent,Non-intersection:  Non-junction/no special feature,Paved,,Property Damage Only,0,0,0,0,0,0,6000,2,4,,POINT (-96.059388191422 42.997562742816)
2014832487,2014-82388,12/01/2014,12-December,2-Monday,18:12,1800 Hours,District 6 (East Central),DAVENPORT,SCOTT,US 67,US 67/GAINES ST/NW LOOP,Collision with:  Vehicle in traffic,On Roadway,"Sideswipe, same direction",FTYROW:  From yield sign,None Indicated,,Dark - roadway lighted,Dry,Cloudy,None apparent,Interchange-related:  On-ramp merge area,Paved,,Property Damage Only,0,0,0,0,0,0,3000,2,2,,POINT (-90.583536601205 41.520972642274)
2014831565,SA1410150,12/01/2014,12-December,2-Monday,15:20,1500 Hours,District 5 (Southeast),,WASHINGTON,,Co Rd W21/DOGWOOD AVE,Collision with fixed object:  Ditch,On Roadway,Non-collision (single vehicle),Driving too fast for conditions,None Indicated,,Daylight,Dry,Clear,None apparent,Non-intersection:  Non-junction/no special feature,Unpaved,,Minor Injury,0,2,0,2,0,0,2500,1,3,,POINT (-91.887954947559 41.233946233549)
2014831060,W14-117739,12/01/2014,12-December,2-Monday,18:14,1800 Hours,District 2 (Northeast),WATERLOO,BLACK HAWK,,WATER ST & E 5TH ST,Collision with:  Vehicle in traffic,On Roadway,"Sideswipe, same direction",Improper or erratic lane changing,None Indicated,,Dark - roadway lighted,Dry,Clear,None apparent,Non-intersection:  Non-junction/no special feature,Paved,,Property Damage Only,0,0,0,0,0,0,4000,2,2,,POINT (-92.335771382531 42.496786614501)
2014832945,2014120101,12/01/2014,12-December,2-Monday,10:36,1000 Hours,District 4 (Southwest),SHENANDOAH,PAGE,,W SHERIDAN AVE,Collision with:  Vehicle in traffic,On Roadway,Rear-end (front to rear),Followed too close,None Indicated,,Daylight,Wet,Clear,None apparent,Non-intersection:  Non-junction/no special feature,Paved,,Property Damage Only,0,0,0,0,0,0,6000,2,3,,POINT (-95.36802768111 40.765971947058)
2014833273,14-010164,12/01/2014,12-December,2-Monday,17:37,1700 Hours,District 2 (Northeast),,CLAYTON,,Co Rd C9Y/GREAT RIVER RD,Collision with:  Animal,,,Animal,None Indicated,,,,,,,Paved,,Property Damage Only,0,0,0,0,0,0,3000,1,1,,POINT (-91.050184499968 42.708101463815)
2014831190,14-005199,12/01/2014,12-December,2-Monday,13:00,1300 Hours,District 1 (Central),ANKENY,POLK,,SE DELAWARE AVE,Collision with:  Vehicle in traffic,On Roadway,Rear-end (front to rear),Other (explain in narrative):  Other,None Indicated,,Daylight,Dry,Cloudy,None apparent,Non-intersection:  Non-junction/no special feature,Paved,,Property Damage Only,0,0,0,0,0,0,2700,2,2,,POINT (-93.581235562294 41.706776674635)
2014831286,14-6120,12/02/2014,12-December,3-Tuesday,22:15,2200 Hours,District 1 (Central),WEST DES MOINES,POLK,IA 5,IA 5/IOWA 5,Unknown,On Roadway,Non-collision (single vehicle),Driver Distraction:  Inattentive/lost in thought,None Indicated,,Dark - roadway not lighted,Dry,Cloudy,None apparent,Non-intersection:  Non-junction/no special feature,Paved,,Property Damage Only,0,0,0,0,0,0,3000,1,1,,POINT (-93.739961266675 41.522550015066)
2014833651,14010787,12/02/2014,12-December,3-Tuesday,04:34,0400 Hours,District 6 (East Central),,BUCHANAN,US 20,US 20,Collision with:  Vehicle in traffic,On Roadway,"Sideswipe, same direction",Unknown,None Indicated,,Dark - roadway not lighted,Dry,Clear,None apparent,Non-intersection:  Non-junction/no special feature,Paved,,Minor Injury,0,1,0,1,0,0,10750,2,4,,POINT (-91.632587435478 42.464220823464)
2014831415,2014013374,12/02/2014,12-December,3-Tuesday,14:28,1400 Hours,District 6 (East Central),IOWA CITY,JOHNSON,,BROOKSIDE DR,Collision with:  Vehicle in traffic,On Roadway,Head-on (front to front),"Operating vehicle in an reckless, erratic, careless, negligent manner",Alcohol (Statutory),,Daylight,Dry,Cloudy,None apparent,Non-intersection:  Non-junction/no special feature,Paved,,Possible/Unknown,0,2,0,0,2,0,30000,2,2,,POINT (-91.488248525077 41.653655481581)
2014834102,DW14003571,12/02/2014,12-December,3-Tuesday,19:30,1900 Hours,District 6 (East Central),DE WITT,CLINTON,,9TH ST,Collision with:  Parked motor vehicle,On Roadway,Rear-end (front to rear),Crossed centerline (undivided),None Indicated,,Dark - roadway not lighted,Dry,Clear,None apparent,Non-intersection:  Non-junction/no special feature,Paved,,Property Damage Only,0,0,0,0,0,0,11000,2,1,,POINT (-90.543290654219 41.824169116075)
2014832183,14-001447,12/02/2014,12-December,3-Tuesday,07:02,0700 Hours,District 1 (Central),JOHNSTON,POLK,,TRAIL RIDGE DR & NW BEAVER DR,Collision with:  Animal,,,Animal,None Indicated,,,,,,,Paved,,Property Damage Only,0,0,0,0,0,0,2000,1,1,,POINT (-93.684858751911 41.683183761509)
2014832843,,12/02/2014,12-December,3-Tuesday,15:48,1500 Hours,District 3 (Northwest),CORRECTIONVILLE,WOODBURY,IA 31,IA 31/5TH ST/DRIFTWOOD ST,Collision with fixed object:  Other fixed object (explain in narrative),On Roadway,Non-collision (single vehicle),Ran off road - right,None Indicated,,Daylight,Dry,Clear,None apparent,Intersection:  Other intersection (explain in narrative),Paved,,Property Damage Only,0,0,0,0,0,0,2500,1,1,,POINT (-95.785801675885 42.474946287695)
2014831400,147066,12/02/2014,12-December,3-Tuesday,22:03,2200 Hours,District 1 (Central),,HARDIN,,Co Rd D20/ST HWY 941,Collision with:  Animal,,,Animal,None Indicated,,,,,,,Paved,,Property Damage Only,0,0,0,0,0,0,2000,1,1,,POINT (-93.361020852765 42.514182257427)
2014832686,2014067252,12/02/2014,12-December,3-Tuesday,17:50,1700 Hours,District 4 (Southwest),,POTTAWATTAMIE,IA 92,IA 92/IOWA 92,Collision with:  Animal,,,Animal,None Indicated,,,,,,,Paved,,Property Damage Only,0,0,0,0,0,0,5000,1,1,,POINT (-95.751942133741 41.232540143467)
2014832387,14-3851,12/02/2014,12-December,3-Tuesday,08:13,0800 Hours,District 1 (Central),FORT DODGE,WEBSTER,,20TH AVE N,Collision with:  Vehicle in traffic,On Roadway,Rear-end (front to rear),Other (explain in narrative):  No improper action,None Indicated,,Daylight,Dry,Clear,None apparent,Non-intersection:  Non-junction/no special feature,Paved,,Property Damage Only,0,0,0,0,0,0,6249,2,3,,POINT (-94.183431616236 42.5262014021)
2014831663,14036771,12/02/2014,12-December,3-Tuesday,04:54,0400 Hours,District 5 (Southeast),,LEE,IA 27,IA 27/IOWA 27,Collision with:  Vehicle in traffic,On Roadway,Rear-end (front to rear),Exceeded authorized speed,None Indicated,,Dark - roadway not lighted,Dry,Clear,None apparent,Non-intersection:  Other non-intersection (explain in narrative),Paved,,Property Damage Only,0,0,0,0,0,0,68269,2,2,,POINT (-91.56522012685 40.561127760981)
2014832392,14-0690,12/02/2014,12-December,3-Tuesday,16:42,1600 Hours,District 1 (Central),,WEBSTER,,239TH AVE,Collision with:  Parked motor vehicle,On Roadway,Rear-end (front to rear),FTYROW:  From driveway,None Indicated,,Dusk,Dry,Clear,None apparent,Non-intersection:  Driveway access (within),Paved,,Property Damage Only,0,0,0,0,0,0,2000,2,3,,POINT (-94.12616145526 42.443592486363)
2014831569,14-005219,12/02/2014,12-December,3-Tuesday,16:51,1600 Hours,District 1 (Central),ANKENY,POLK,I-35,I-35,Collision with:  Vehicle in traffic,On Roadway,Rear-end (front to rear),Followed too close,None Indicated,,Dusk,Dry,Clear,None apparent,Non-intersection:  Non-junction/no special feature,Paved,,Property Damage Only,0,0,0,0,0,0,1500,2,2,,POINT (-93.575959610902 41.693382678668)
2014831074,14-050550,12/02/2014,12-December,3-Tuesday,09:00,0900 Hours,District 4 (Southwest),COUNCIL BLUFFS,POTTAWATTAMIE,,RICHARD DOWNING BLVD,Collision with:  Vehicle in traffic,On Roadway,"Sideswipe, opposite direction",Crossed centerline (undivided),None Indicated,,Daylight,Dry,Cloudy,None apparent,Non-intersection:  Non-junction/no special feature,Paved,,Minor Injury,0,1,0,1,0,0,12000,2,3,,POINT (-95.891298214733 41.225952407533)
2014831882,14-012173,12/02/2014,12-December,3-Tuesday,16:55,1600 Hours,District 3 (Northwest),,CARROLL,,180TH ST,Collision with fixed object:  Ditch,Gore,Non-collision (single vehicle),Swerving/Evasive Action,None Indicated,,Dusk,"Mud, dirt",Cloudy,"Shoulders (none, low, soft, high)",Non-intersection:  Non-junction/no special feature,Unpaved,,Property Damage Only,0,0,0,0,0,0,3100,1,2,,POINT (-94.895607942705 42.093363243737)
2014831461,2014-040185,12/02/2014,12-December,3-Tuesday,17:41,1700 Hours,District 6 (East Central),DUBUQUE,DUBUQUE,,LORAS BLVD & MAIN ST,Collision with:  Vehicle in traffic,On Roadway,"Angle, oncoming left turn",FTYROW:  Making left turn,None Indicated,,Dark - roadway lighted,Dry,Cloudy,None apparent,Intersection:  Four-way intersection,Paved,,Possible/Unknown,0,1,0,0,1,0,5000,2,4,,POINT (-90.669844423236 42.505753124734)
2014831988,20140035765,12/02/2014,12-December,3-Tuesday,17:48,1700 Hours,District 1 (Central),DES MOINES,POLK,,E 26TH ST,Collision with fixed object:  Curb/island/raised median,On Roadway,Non-collision (single vehicle),Unknown,None Indicated,,Dark - roadway not lighted,Dry,Cloudy,Obstruction in roadway,Non-intersection:  Non-junction/no special feature,Paved,,Major Injury,0,1,1,0,0,0,2500,1,2,,POINT (-93.568641020269 41.605968547146)
2014831391,149364,12/02/2014,12-December,3-Tuesday,16:56,1600 Hours,District 4 (Southwest),,DALLAS,,Co Rd R16/VETERANS MEMORIAL DR,Collision with:  Animal,,,Animal,None Indicated,,,,,,,Paved,,Property Damage Only,0,0,0,0,0,0,6000,1,1,,POINT (-93.950140949032 41.540839507972)
2014831393,C14003849,12/02/2014,12-December,3-Tuesday,16:25,1600 Hours,District 6 (East Central),CORALVILLE,JOHNSON,US 6,US 6/2ND ST,Collision with:  Vehicle in traffic,On Roadway,Rear-end (front to rear),Followed too close,None Indicated,,Daylight,Dry,Cloudy,None apparent,Non-intersection:  Non-junction/no special feature,Paved,,Property Damage Only,0,0,0,0,0,0,3500,2,4,,POINT (-91.606667450986 41.68732479011)
2014834590,180-2014,12/02/2014,12-December,3-Tuesday,14:45,1400 Hours,District 4 (Southwest),,HARRISON,IA 44,IA 44/IOWA 44,Collision with:  Vehicle in traffic,On Roadway,"Sideswipe, opposite direction",Unknown,None Indicated,,Daylight,Dry,Clear,None apparent,Non-intersection:  Non-junction/no special feature,Paved,,Possible/Unknown,0,1,0,0,1,0,750,2,2,,POINT (-95.654657952773 41.655394226499)
2014850969,14-009760,12/02/2014,12-December,3-Tuesday,23:32,2300 Hours,District 5 (Southeast),,LOUISA,US 61,US 61 & K AVE & 112TH ST,Collision with:  Vehicle in traffic,On Roadway,"Sideswipe, same direction",Over correcting/over steering,None Indicated,,Dark - roadway not lighted,Dry,Clear,None apparent,Intersection:  Four-way intersection,Paved,,Minor Injury,0,1,0,1,0,0,7000,2,3,,POINT (-91.197683293063 41.222083740108)
2014831284,14-7933,12/02/2014,12-December,3-Tuesday,12:09,1200 Hours,District 1 (Central),GRIMES,POLK,IA 141,IA 141/IOWA 141 & SE 37TH ST,Collision with:  Vehicle in traffic,Shoulder,Broadside (front to side),Ran Traffic Signal,None Indicated,,Daylight,Dry,Clear,None apparent,Intersection:  Four-way intersection,Paved,,Possible/Unknown,0,1,0,0,1,0,65000,3,6,,POINT (-93.775013102497 41.658508187682)
2014831727,E14-117993,12/02/2014,12-December,3-Tuesday,17:48,1700 Hours,District 2 (Northeast),EVANSDALE,BLACK HAWK,,MORRELL AVE & EVANS RD,Collision with:  Vehicle in traffic,On Roadway,Broadside (front to side),Improper Backing,None Indicated,,Dusk,Dry,Clear,Unknown,Intersection:  Four-way intersection,Paved,,Property Damage Only,0,0,0,0,0,0,2500,2,1,,POINT (-92.287867769274 42.474560735371)
2014831271,14-010176,12/02/2014,12-December,3-Tuesday,07:03,0700 Hours,District 2 (Northeast),ELKPORT,CLAYTON,,Co Rd C7X/HILTON RD & CO RD C7X (S),Collision with:  Animal,,,Animal,None Indicated,,,,,,,Paved,,Property Damage Only,0,0,0,0,0,0,3000,1,1,,POINT (-91.280207674167 42.740324853183)