Iowa DOT Case Number,Law Enforcement Case Number,Date of Crash,Month of Crash,Day of Week,Time of Crash,Hour,DOT District,City Name,County Name,Route with System,Location Description,First Harmful Event,Location of First Harmful Event,Manner of Crash/Collision,Major Cause,Drug or Alcohol ,Environmental Conditions,Light Conditions,Surface Conditions,Weather Conditions,Roadway Contribution,Roadway Type,Roadway Surface,Work Zone,Crash Severity,Number of Fatalities,Number of Injuries,Number of Major Injuries,Number of Minor Injuries,Number of Possible Injuries,Number of Unknown Injuries,Amount of Property Damage,Number of Vehicles Involved,Total Number of Occupants,Travel Direction,Location
2014834010,2014067183,12/02/2014,12-December,3-Tuesday,10:40,1000 Hours,District 4 (Southwest),,DALLAS,,Co Rd F90/360TH ST,Collision with:  Animal,On Roadway,Non-collision (single vehicle),Animal,None Indicated,,Daylight,Dry,Clear,None apparent,Non-intersection:  Non-junction/no special feature,Paved,,Property Damage Only,0,0,0,0,0,0,5000,1,1,,POINT (-93.961403441485 41.517705341433)
2014831601,1222014,12/02/2014,12-December,3-Tuesday,13:40,1300 Hours,District 3 (Northwest),SAC CITY,SAC,,AUDUBON ST & S STATE ST,Collision with:  Vehicle in traffic,On Roadway,Broadside (front to side),FTYROW:  At uncontrolled intersection,None Indicated,,Daylight,Dry,Clear,None apparent,Intersection:  Four-way intersection,Paved,,Property Damage Only,0,0,0,0,0,0,3300,2,2,,POINT (-94.988258254424 42.420999491138)
2014832257,C14003853,12/02/2014,12-December,3-Tuesday,19:55,1900 Hours,District 6 (East Central),CORALVILLE,JOHNSON,US 6,US 6/2ND ST & 1ST AVE,Collision with:  Vehicle in traffic,On Roadway,"Sideswipe, same direction",FTYROW:  Other (explain in narrative),None Indicated,,Dark - roadway lighted,Dry,Clear,None apparent,Non-intersection:  Non-junction/no special feature,Paved,,Property Damage Only,0,0,0,0,0,0,3000,2,3,,POINT (-91.565727676625 41.669041563756)
2014831441,20140035722,12/02/2014,12-December,3-Tuesday,13:16,1300 Hours,District 1 (Central),DES MOINES,POLK,,KENYON AVE & FLEUR DR,Collision with:  Vehicle in traffic,On Roadway,"Angle, oncoming left turn",FTYROW:  Making left turn,None Indicated,,Daylight,Dry,Clear,Work Zone (roadway-related),Intersection:  T-intersection,Paved,Yes,Major Injury,0,3,2,1,0,0,25500,3,3,,POINT (-93.645063664987 41.536137072512)
2014834858,H14-0691,12/02/2014,12-December,3-Tuesday,17:54,1700 Hours,District 1 (Central),HUXLEY,STORY,US 69,US 69 & E 1ST ST,Collision with:  Vehicle in traffic,On Roadway,Rear-end (front to rear),Driver Distraction:  Reaching for object(s)/fallen object(s),None Indicated,,Dusk,Dry,Clear,None apparent,Intersection:  Four-way intersection,Paved,,Minor Injury,0,2,0,1,1,0,8000,3,3,,POINT (-93.600514507605 41.892373362888)
2014836911,2014067246,12/02/2014,12-December,3-Tuesday,17:08,1700 Hours,District 1 (Central),URBANDALE,POLK,I-35,I-35,Collision with:  Vehicle in traffic,On Roadway,Rear-end (front to rear),Followed too close,None Indicated,,Dusk,Dry,Clear,None apparent,Non-intersection:  Non-junction/no special feature,Paved,,Property Damage Only,0,0,0,0,0,0,6000,2,5,,POINT (-93.714788586851 41.652773656297)
2014831282,K14-036813,12/02/2014,12-December,3-Tuesday,12:42,1200 Hours,District 5 (Southeast),KEOKUK,LEE,,17TH ST N & ORLEANS AVE,Collision with:  Vehicle in traffic,On Roadway,Broadside (front to side),FTYROW:  From stop sign,None Indicated,,Daylight,Dry,Cloudy,None apparent,Intersection:  Four-way intersection,Paved,,Property Damage Only,0,0,0,0,0,0,3000,2,2,,POINT (-91.385842291709 40.409678971757)
2014832154,2014067239,12/02/2014,12-December,3-Tuesday,15:48,1500 Hours,District 6 (East Central),,JOHNSON,I-380,I-380,Collision with:  Vehicle in traffic,On Roadway,"Sideswipe, same direction",Swerving/Evasive Action,None Indicated,,Daylight,Dry,Clear,None apparent,Non-intersection:  Non-junction/no special feature,Paved,,Property Damage Only,0,0,0,0,0,0,6000,2,2,,POINT (-91.668799626095 41.860162275038)
2014831387,14-050647,12/02/2014,12-December,3-Tuesday,21:27,2100 Hours,District 4 (Southwest),COUNCIL BLUFFS,POTTAWATTAMIE,,16TH AVE & S 13TH ST,Collision with:  Vehicle in traffic,On Roadway,Rear-end (front to rear),Lost Control,None Indicated,,Dark - roadway not lighted,Dry,Clear,None apparent,Non-intersection:  Non-junction/no special feature,Paved,,Property Damage Only,0,0,0,0,0,0,7000,2,777,,POINT (-95.863334319526 41.246672899877)
2014831622,W14-117948,12/02/2014,12-December,3-Tuesday,14:52,1400 Hours,District 2 (Northeast),WATERLOO,BLACK HAWK,,EASTON AVE & W 6TH ST,Collision with:  Vehicle in traffic,On Roadway,Rear-end (front to rear),Followed too close,None Indicated,,Daylight,Dry,Clear,None apparent,Intersection:  Four-way intersection,Paved,,Property Damage Only,0,0,0,0,0,0,4000,2,2,,POINT (-92.347178471159 42.472995660162)
2014831056,W14-117847,12/02/2014,12-December,3-Tuesday,06:48,0600 Hours,District 2 (Northeast),WATERLOO,BLACK HAWK,US 218,US 218/WASHINGTON ST & E SHAULIS RD,Collision with:  Animal,On Roadway,Non-collision (single vehicle),Animal,None Indicated,,Daylight,Dry,Clear,None apparent,Non-intersection:  Non-junction/no special feature,Paved,,Property Damage Only,0,0,0,0,0,0,3000,1,1,,POINT (-92.298787867846 42.44226091832)
2014831562,2014067132,12/02/2014,12-December,3-Tuesday,02:50,0200 Hours,District 2 (Northeast),,CERRO GORDO,I-35,I-35,Collision with:  Vehicle in traffic,On Roadway,"Sideswipe, same direction","Operating vehicle in an reckless, erratic, careless, negligent manner",Alcohol (Statutory),,Dark - roadway not lighted,Dry,Clear,None apparent,Non-intersection:  Non-junction/no special feature,Paved,,Possible/Unknown,0,1,0,0,1,0,3500,2,2,,POINT (-93.342743280073 43.087008369614)
2014832606,14118020,12/02/2014,12-December,3-Tuesday,19:40,1900 Hours,District 2 (Northeast),CEDAR FALLS,BLACK HAWK,,UNIVERSITY AVE & WATERLOO RD,Collision with:  Vehicle in traffic,On Roadway,"Angle, oncoming left turn",Unknown,None Indicated,,Dark - roadway lighted,Dry,Cloudy,None apparent,Intersection:  Four-way intersection,Paved,,Property Damage Only,0,0,0,0,0,0,5500,2,3,,POINT (-92.426933134172 42.513002892244)
2014832920,14-004086,12/02/2014,12-December,3-Tuesday,17:29,1700 Hours,District 5 (Southeast),,KEOKUK,IA 22,IA 22/IOWA 22,Collision with:  Animal,,,Animal,None Indicated,,,,,,,Paved,,Property Damage Only,0,0,0,0,0,0,3000,1,1,,POINT (-91.961878206 41.463309907048)
2014894055,14680901,12/02/2014,12-December,3-Tuesday,08:57,0800 Hours,District 5 (Southeast),MELROSE,MONROE,,SHAMROCK ST,Collision with fixed object:  Tree,Roadside,Non-collision (single vehicle),Ran off road - left,None Indicated,,Daylight,Dry,Clear,None apparent,Non-intersection:  Non-junction/no special feature,Paved,,Property Damage Only,0,0,0,0,0,0,5000,1,1,,POINT (-93.054920168624 40.983816548991)
2014831443,20140035756,12/02/2014,12-December,3-Tuesday,17:31,1700 Hours,District 1 (Central),DES MOINES,POLK,I-235,I-235,Collision with fixed object:  Concrete traffic barrier (median or right side),Roadside,Non-collision (single vehicle),Ran off road - right,None Indicated,,Dark - roadway lighted,Dry,Cloudy,None apparent,Interchange-related:  On-ramp merge area,Paved,,Property Damage Only,0,0,0,0,0,0,7500,1,1,,POINT (-93.655925562767 41.59313675412)
2014831979,14-39511,12/02/2014,12-December,3-Tuesday,16:52,1600 Hours,District 3 (Northwest),SIOUX CITY,WOODBURY,,DACE AVE & FLOYD BLVD,Collision with:  Vehicle in traffic,On Roadway,Rear-end (front to rear),Followed too close,None Indicated,,Dusk,Dry,Clear,None apparent,Intersection:  Four-way intersection,Paved,,Property Damage Only,0,0,0,0,0,0,3500,2,2,,POINT (-96.393374823391 42.488745206597)
2014831083,20140035683,12/02/2014,12-December,3-Tuesday,07:26,0700 Hours,District 1 (Central),DES MOINES,POLK,,FLEUR DR,Collision with:  Vehicle in traffic,On Roadway,Rear-end (front to rear),Swerving/Evasive Action,None Indicated,,Dawn,Dry,Clear,Work Zone (roadway-related),Non-intersection:  Non-junction/no special feature,Paved,Yes,Property Damage Only,0,0,0,0,0,0,3100,2,2,,POINT (-93.645073952516 41.53596587616)
2014833165,2014067134,12/02/2014,12-December,3-Tuesday,04:35,0400 Hours,District 1 (Central),,POWESHIEK,I-80,I-80,Collision with:  Vehicle in traffic,On Roadway,"Sideswipe, same direction",Swerving/Evasive Action,None Indicated,,Dark - roadway not lighted,Dry,Clear,None apparent,Non-intersection:  Non-junction/no special feature,Paved,,Property Damage Only,0,0,0,0,0,0,7500,2,2,,POINT (-92.739806801392 41.695549190932)
2014834482,14-11359,12/02/2014,12-December,3-Tuesday,13:02,1300 Hours,District 5 (Southeast),MOUNT PLEASANT,HENRY,,W SAUNDERS ST & N JEFFERSON ST & N BROADWAY ST,Collision with:  Vehicle in traffic,On Roadway,Broadside (front to side),FTYROW:  From stop sign,None Indicated,,Daylight,Dry,Cloudy,None apparent,Intersection:  Four-way intersection,Paved,,Property Damage Only,0,0,0,0,0,0,8000,2,3,,POINT (-91.554108302868 40.969816363734)
2014836834,,12/02/2014,12-December,3-Tuesday,17:25,1700 Hours,District 2 (Northeast),,WINNESHIEK,,Co Rd B16/CO RD B16 & 303RD AVE,Collision with:  Animal,On Roadway,Non-collision (single vehicle),Animal,None Indicated,,Dark - roadway not lighted,Dry,Cloudy,None apparent,Non-intersection:  Non-junction/no special feature,Paved,,Property Damage Only,0,0,0,0,0,0,4500,1,1,,POINT (-91.99776118302 43.220031963366)
2014831386,14-3856,12/02/2014,12-December,3-Tuesday,11:00,1100 Hours,District 1 (Central),FORT DODGE,WEBSTER,,2ND AVE S & S 6TH ST,Collision with:  Vehicle in traffic,On Roadway,"Sideswipe, same direction",Made improper turn,None Indicated,,Daylight,Dry,Clear,None apparent,Intersection:  Four-way intersection,Paved,,Property Damage Only,0,0,0,0,0,0,1550,2,3,,POINT (-94.189523862303 42.502696520228)
2014831572,14-005224,12/02/2014,12-December,3-Tuesday,18:20,1800 Hours,District 1 (Central),ANKENY,POLK,,E 1ST ST & NE DELAWARE AVE,Collision with:  Vehicle in traffic,On Roadway,Rear-end (front to rear),Followed too close,None Indicated,,Dark - roadway lighted,Dry,Clear,None apparent,Non-intersection:  Non-junction/no special feature,Paved,,Property Damage Only,0,0,0,0,0,0,2000,2,3,,POINT (-93.581065011793 41.731880200447)
2014833328,PD1410804,12/02/2014,12-December,3-Tuesday,16:24,1600 Hours,District 5 (Southeast),FAIRFIELD,JEFFERSON,IA 1,IA 1/S MAIN ST,Collision with:  Vehicle in traffic,On Roadway,Head-on (front to front),Crossed centerline (undivided),None Indicated,,Dusk,Dry,Clear,None apparent,Non-intersection:  Non-junction/no special feature,Paved,,Possible/Unknown,0,2,0,0,2,0,20000,2,2,,POINT (-91.963163756347 41.001659997021)
2014834539,14010784,12/02/2014,12-December,3-Tuesday,05:14,0500 Hours,District 6 (East Central),,BUCHANAN,,Co Rd W33/NATHAN BETHEL AVE,Collision with:  Animal,,,Animal,None Indicated,,,,,,,Paved,,Property Damage Only,0,0,0,0,0,0,5000,1,1,,POINT (-91.825831093275 42.521145447229)
2014832072,W14-118003,12/02/2014,12-December,3-Tuesday,18:18,1800 Hours,District 2 (Northeast),WATERLOO,BLACK HAWK,,E SHAULIS RD,Collision with:  Vehicle in traffic,On Roadway,Head-on (front to front),FTYROW:  Making left turn,None Indicated,,Dark - roadway lighted,Dry,Clear,None apparent,Intersection:  T-intersection,Paved,,Possible/Unknown,0,1,0,0,1,0,10000,2,3,,POINT (-92.309527678853 42.443073607571)
2014831836,14-005667,12/02/2014,12-December,3-Tuesday,09:59,0900 Hours,District 1 (Central),AMES,STORY,US 30,US 30/SPECIAL CASE & US 69/S DUFF AVE,Collision with:  Vehicle in traffic,On Roadway,"Angle, oncoming left turn",FTYROW:  Making left turn,None Indicated,,Daylight,Dry,Clear,None apparent,Intersection:  Four-way intersection,Paved,,Property Damage Only,0,0,0,0,0,0,7000,2,3,,POINT (-93.610093932577 42.005852228901)
2014831597,14C05300,12/02/2014,12-December,3-Tuesday,14:50,1400 Hours,District 4 (Southwest),CRESTON,UNION,US 34,US 34/W TAYLOR ST,Collision with:  Vehicle in traffic,On Roadway,"Sideswipe, same direction",FTYROW:  Other (explain in narrative),None Indicated,,Daylight,Dry,Clear,None apparent,Non-intersection:  Non-junction/no special feature,Paved,,Property Damage Only,0,0,0,0,0,0,9500,2,4,,POINT (-94.367252250423 41.049189409479)
2014831674,2014013367,12/02/2014,12-December,3-Tuesday,10:47,1000 Hours,District 6 (East Central),IOWA CITY,JOHNSON,,S CLINTON ST,Collision with:  Vehicle in traffic,Roadside,"Sideswipe, opposite direction",Improper Backing,None Indicated,,Daylight,Dry,Cloudy,None apparent,Non-intersection:  Driveway access (within),Paved,,Property Damage Only,0,0,0,0,0,0,3800,2,3,,POINT (-91.534628523455 41.658426424106)
2014831444,20140035761,12/02/2014,12-December,3-Tuesday,17:19,1700 Hours,District 1 (Central),DES MOINES,POLK,US 6,US 6/E EUCLID AVE & E 29TH ST,Collision with:  Vehicle in traffic,On Roadway,Rear-end (front to rear),Followed too close,None Indicated,,Dark - roadway lighted,Dry,Clear,None apparent,Intersection:  Four-way intersection,Paved,,Property Damage Only,0,0,0,0,0,0,3000,4,7,,POINT (-93.56123261237 41.627676321092)
2014831064,14-7925,12/02/2014,12-December,3-Tuesday,08:00,0800 Hours,District 1 (Central),,POLK,,NW 118TH AVE & NW 44TH ST,Collision with:  Vehicle in traffic,On Roadway,"Angle, oncoming left turn",Other (explain in narrative):  Other,None Indicated,,Daylight,Dry,Clear,None apparent,Intersection:  Four-way intersection,Paved,,Property Damage Only,0,0,0,0,0,0,1700,2,26,,POINT (-93.678454169098 41.776840708461)
2014832344,2014-040183,12/02/2014,12-December,3-Tuesday,17:07,1700 Hours,District 6 (East Central),DUBUQUE,DUBUQUE,,W 5TH ST & CENTRAL AVE,Collision with:  Vehicle in traffic,On Roadway,"Sideswipe, same direction",Made improper turn,None Indicated,,Dark - roadway lighted,Dry,Cloudy,None apparent,Intersection:  Four-way intersection,Paved,,Property Damage Only,0,0,0,0,0,0,1500,2,3,,POINT (-90.66375468832 42.499010248806)
2014831082,20140035682,12/02/2014,12-December,3-Tuesday,07:08,0700 Hours,District 5 (Southeast),DES MOINES,WARREN,,E CO LINE RD & SE 5TH ST,Collision with:  Vehicle in traffic,On Roadway,Rear-end (front to rear),Traveling wrong way or on wrong side of road,None Indicated,,Dawn,Dry,Clear,None apparent,Non-intersection:  Non-junction/no special feature,Paved,,Property Damage Only,0,0,0,0,0,0,2500,2,3,,POINT (-93.606415897315 41.511901412018)
2014831214,14-050549,12/02/2014,12-December,3-Tuesday,08:55,0800 Hours,District 4 (Southwest),COUNCIL BLUFFS,POTTAWATTAMIE,,AVE G,Collision with:  Vehicle in traffic,On Roadway,Broadside (front to side),Unknown,None Indicated,,Daylight,Dry,Clear,None apparent,Non-intersection:  Non-junction/no special feature,Paved,,Property Damage Only,0,0,0,0,0,0,2300,2,4,,POINT (-95.880790331799 41.268068476559)
2014831798,14007561,12/02/2014,12-December,3-Tuesday,17:29,1700 Hours,District 2 (Northeast),,CERRO GORDO,US 18,US 18,Collision with:  Animal,,,Animal,None Indicated,,,,,,,Paved,,Property Damage Only,0,0,0,0,0,0,5000,1,1,,POINT (-93.495244213841 43.12751233616)
2014831815,,12/02/2014,12-December,3-Tuesday,01:32,0100 Hours,District 1 (Central),TAMA,TAMA,,,Collision with:  Parked motor vehicle,On Roadway,Rear-end (front to rear),"Operating vehicle in an reckless, erratic, careless, negligent manner",Alcohol (Statutory),,Dark - roadway lighted,Dry,Clear,None apparent,Non-intersection:  Non-junction/no special feature,,,Property Damage Only,0,0,0,0,0,0,6500,2,1,,POINT (-96.643700149993 40.233091251414)
2014831462,2014-040189,12/02/2014,12-December,3-Tuesday,19:59,1900 Hours,District 6 (East Central),DUBUQUE,DUBUQUE,,HILL ST,Collision with:  Parked motor vehicle,On Roadway,"Sideswipe, same direction",Lost Control,None Indicated,,Dark - roadway lighted,Dry,Clear,None apparent,Non-intersection:  Non-junction/no special feature,Paved,,Property Damage Only,0,0,0,0,0,0,3500,2,777,,POINT (-90.674738327449 42.496198980905)
2014831771,14-001427,12/02/2014,12-December,3-Tuesday,04:51,0400 Hours,District 1 (Central),,STORY,,680TH AVE,Non-collision events:  Overturn/rollover,On Roadway,Non-collision (single vehicle),Swerving/Evasive Action,None Indicated,,Dark - roadway not lighted,"Mud, dirt",Clear,None apparent,Non-intersection:  Non-junction/no special feature,Unpaved,,Minor Injury,0,1,0,1,0,0,5000,1,2,,POINT (-93.347485441699 42.042010309972)
2014831451,14-2689,12/02/2014,12-December,3-Tuesday,17:30,1700 Hours,District 1 (Central),URBANDALE,POLK,I-35,I-35,Collision with:  Vehicle in traffic,On Roadway,Rear-end (front to rear),Followed too close,None Indicated,,Dark - roadway lighted,Dry,Clear,None apparent,Non-intersection:  Non-junction/no special feature,Paved,,Property Damage Only,0,0,0,0,0,0,3500,2,2,,POINT (-93.770631719942 41.650656423456)
2014831085,20140035685,12/02/2014,12-December,3-Tuesday,08:03,0800 Hours,District 1 (Central),DES MOINES,POLK,,MLK JR PKWY,Collision with:  Vehicle in traffic,On Roadway,"Sideswipe, same direction",Improper or erratic lane changing,None Indicated,,Daylight,Dry,Clear,None apparent,Non-intersection:  Non-junction/no special feature,Paved,,Property Damage Only,0,0,0,0,0,0,5500,2,3,,POINT (-93.643926569662 41.59308749162)
2014831568,14-005217,12/02/2014,12-December,3-Tuesday,15:44,1500 Hours,District 1 (Central),ANKENY,POLK,I-35,I-35 & IA 160/SE ORALABOR RD,Collision with:  Vehicle in traffic,On Roadway,Rear-end (front to rear),Exceeded authorized speed,None Indicated,,Daylight,Dry,Clear,None apparent,Non-intersection:  Non-junction/no special feature,Paved,,Minor Injury,0,2,0,2,0,0,10500,3,4,,POINT (-93.576176601968 41.702884070665)
2014831332,2014067153,12/02/2014,12-December,3-Tuesday,08:40,0800 Hours,District 5 (Southeast),,MAHASKA,IA 163,IA 163/IOWA 163,Collision with:  Vehicle in traffic,On Roadway,"Sideswipe, same direction",Improper or erratic lane changing,None Indicated,,Daylight,Dry,Clear,None apparent,Non-intersection:  Non-junction/no special feature,Paved,,Major Injury,0,1,1,0,0,0,5500,2,2,,POINT (-92.788487656392 41.365086559119)
2014831129,2014013359,12/02/2014,12-December,3-Tuesday,02:20,0200 Hours,District 6 (East Central),IOWA CITY,JOHNSON,,E BENTON ST & MAIDEN LN,Collision with:  Vehicle in traffic,On Roadway,Broadside (front to side),Ran Stop Sign,None Indicated,,Dark - roadway not lighted,Dry,Cloudy,None apparent,Intersection:  Four-way intersection,Paved,,Property Damage Only,0,0,0,0,0,0,9000,2,2,,POINT (-91.530783033331 41.651126801601)
2014832424,14000578,12/02/2014,12-December,3-Tuesday,18:19,1800 Hours,District 5 (Southeast),ALBIA,MONROE,IA 5,IA 5/N MAIN ST & B AVE W & B AVE E,Collision with:  Vehicle in traffic,On Roadway,Unknown,"Operating vehicle in an reckless, erratic, careless, negligent manner",None Indicated,,Dark - roadway lighted,Dry,Clear,None apparent,Intersection:  Four-way intersection,Paved,,Minor Injury,0,2,0,1,0,1,10500,2,3,,POINT (-92.807148372298 41.02904274053)
2014836207,2014-82581,12/02/2014,12-December,3-Tuesday,10:00,1000 Hours,District 6 (East Central),DAVENPORT,SCOTT,,MIDDLE RD,Collision with:  Vehicle in traffic,On Roadway,"Sideswipe, same direction",Other (explain in narrative):  Other,None Indicated,,Daylight,Dry,Cloudy,None apparent,Non-intersection:  Non-junction/no special feature,Paved,,Property Damage Only,0,0,0,0,0,0,4500,2,3,,POINT (-90.536821965044 41.536480720119)
2014831445,20140035767,12/02/2014,12-December,3-Tuesday,17:43,1700 Hours,District 1 (Central),DES MOINES,POLK,I-235,I-235 & 56TH ST,Collision with:  Vehicle in traffic,On Roadway,Rear-end (front to rear),Followed too close,None Indicated,,Dark - roadway lighted,Dry,Clear,None apparent,Non-intersection:  Non-junction/no special feature,Paved,,Property Damage Only,0,0,0,0,0,0,2000,2,2,,POINT (-93.693727072907 41.592599618462)
2014832585,120214B,12/02/2014,12-December,3-Tuesday,15:39,1500 Hours,District 4 (Southwest),SIDNEY,FREMONT,,Co Rd L31/195 AVE,Non-collision events:  Overturn/rollover,Shoulder,Non-collision (single vehicle),Swerving/Evasive Action,None Indicated,,Daylight,Dry,Cloudy,None apparent,Non-intersection:  Non-junction/no special feature,Paved,,Possible/Unknown,0,1,0,0,1,0,35200,1,1,,POINT (-95.812353303111 40.719352429173)
2014832850,14-050544,12/02/2014,12-December,3-Tuesday,08:00,0800 Hours,District 4 (Southwest),COUNCIL BLUFFS,POTTAWATTAMIE,US 275,US 275/VETERANS MEMORIAL HWY,Collision with:  Vehicle in traffic,On Roadway,Unknown,Other (explain in narrative):  Vision obstructed,None Indicated,,Daylight,Dry,Clear,None apparent,Intersection:  Four-way intersection,Paved,,Property Damage Only,0,0,0,0,0,0,2700,2,2,,POINT (-95.845977880225 41.219327829254)
2014831464,2014-5964,12/02/2014,12-December,3-Tuesday,14:07,1400 Hours,District 4 (Southwest),WAUKEE,DALLAS,,V AVE,Collision with:  Vehicle in traffic,On Roadway,Broadside (front to side),FTYROW:  Making left turn,None Indicated,,Daylight,Dry,Clear,None apparent,Intersection:  T-intersection,Unpaved,,Possible/Unknown,0,1,0,0,1,0,2000,2,2,,POINT (-93.872054986182 41.630638432069)
2014831468,201405691,12/02/2014,12-December,3-Tuesday,18:32,1800 Hours,District 1 (Central),,BOONE,,220TH ST & X AVE,Collision with:  Vehicle in traffic,On Roadway,Broadside (front to side),Ran Stop Sign,None Indicated,,Dark - roadway not lighted,Dry,Clear,None apparent,Intersection:  Four-way intersection,Unpaved,,Major Injury,0,3,2,0,1,0,21100,2,3,,POINT (-93.718097119771 42.034633810077)
2014833619,14-029178,12/02/2014,12-December,3-Tuesday,02:08,0200 Hours,District 5 (Southeast),,MARION,,Co Rd T15/OLD HWY 92,Collision with:  Animal,,,Animal,None Indicated,,,,,,,Paved,,Property Damage Only,0,0,0,0,0,0,1500,1,1,,POINT (-93.070620708665 41.314374736591)
2014831618,,12/02/2014,12-December,3-Tuesday,08:05,0800 Hours,District 5 (Southeast),,CLARKE,US 18,US 18/270TH & US 34 & QUINLAN AVE,Collision with:  Animal,On Roadway,Non-collision (single vehicle),Animal,None Indicated,,Dawn,Dry,Clear,,Non-intersection:  Non-junction/no special feature,Paved,,Property Damage Only,0,0,0,0,0,0,4500,1,1,,POINT (-93.558873141552 41.029821901463)
2014831440,14-3863,12/02/2014,12-December,3-Tuesday,20:15,2000 Hours,District 1 (Central),FORT DODGE,WEBSTER,,N 10TH ST,Collision with:  Parked motor vehicle,On Roadway,Head-on (front to front),Improper Backing,None Indicated,,Dark - roadway not lighted,Ice/frost,Clear,None apparent,Non-intersection:  Non-junction/no special feature,Paved,,Possible/Unknown,0,1,0,0,0,1,1500,2,1,,POINT (-94.18542223552 42.50784525531)
2014831093,20140035674,12/02/2014,12-December,3-Tuesday,01:09,0100 Hours,District 1 (Central),DES MOINES,POLK,,URBANDALE AVE,Collision with:  Parked motor vehicle,On Roadway,Rear-end (front to rear),Unknown,None Indicated,,Dark - roadway lighted,Dry,Clear,None apparent,Non-intersection:  Non-junction/no special feature,Paved,,Property Damage Only,0,0,0,0,0,0,1850,2,1,,POINT (-93.688353958274 41.622157540576)
2014832833,,12/02/2014,12-December,3-Tuesday,17:30,1700 Hours,District 2 (Northeast),,HOWARD,IA 9,IA 9/IOWA 9,Collision with:  Animal,On Roadway,Non-collision (single vehicle),Animal,None Indicated,,Dark - roadway not lighted,Dry,Clear,,Non-intersection:  Non-junction/no special feature,Paved,,Property Damage Only,0,0,0,0,0,0,1500,1,1,,POINT (-92.436025396343 43.371193744614)
2014831367,14-017408,12/02/2014,12-December,3-Tuesday,17:35,1700 Hours,District 2 (Northeast),WEST UNION,FAYETTE,,Co Rd B40/GREAT RIVER RD,Collision with:  Animal,,,Animal,None Indicated,,,,,,,Paved,,Property Damage Only,0,0,0,0,0,0,1500,1,1,,POINT (-91.783093893854 43.035756513431)
2014832156,2014067266,12/02/2014,12-December,3-Tuesday,20:30,2000 Hours,District 2 (Northeast),,BLACK HAWK,US 20,US 20,Collision with:  Animal,,,Animal,None Indicated,,,,,,,Paved,,Property Damage Only,0,0,0,0,0,0,4500,1,1,,POINT (-92.068816560058 42.449160890123)
2014833040,201417938,12/02/2014,12-December,3-Tuesday,17:29,1700 Hours,District 6 (East Central),CEDAR RAPIDS,LINN,IA 100,IA 100/COLLINS RD NE,Collision with:  Vehicle in traffic,On Roadway,Rear-end (front to rear),Driver Distraction:  Inattentive/lost in thought,None Indicated,,Dark - roadway lighted,Dry,Cloudy,None apparent,Non-intersection:  Non-junction/no special feature,Paved,,Property Damage Only,0,0,0,0,0,0,6000,3,3,,POINT (-91.634150553435 42.027960372591)
2014831438,14-31879,12/02/2014,12-December,3-Tuesday,17:44,1700 Hours,District 1 (Central),NEWTON,JASPER,,E 2ND ST S,Collision with:  Vehicle in traffic,Outside trafficway,Rear-end (front to rear),Lost Control,None Indicated,,Dark - roadway lighted,Dry,Clear,None apparent,Non-intersection:  Non-junction/no special feature,Paved,,Possible/Unknown,0,1,0,0,1,0,2500,2,1,,POINT (-93.052314744517 41.698119638632)
2014832492,2014-82576,12/02/2014,12-December,3-Tuesday,17:46,1700 Hours,District 6 (East Central),DAVENPORT,SCOTT,,E 53RD ST & CORPORATE PARK DR,Collision with:  Vehicle in traffic,On Roadway,Rear-end (front to rear),Followed too close,None Indicated,,Dark - roadway lighted,Dry,Cloudy,None apparent,Intersection:  Four-way intersection,Paved,,Property Damage Only,0,0,0,0,0,0,14000,3,3,,POINT (-90.517167904561 41.574884131759)
2014831903,2014-0509,12/02/2014,12-December,3-Tuesday,17:08,1700 Hours,District 5 (Southeast),NORWALK,WARREN,IA 28,IA 28/IOWA 28 & BEARDSLEY ST,Collision with:  Vehicle in traffic,On Roadway,"Angle, oncoming left turn",FTYROW:  Making left turn,None Indicated,,Dusk,Dry,Clear,None apparent,Intersection:  Four-way intersection,Paved,,Possible/Unknown,0,2,0,0,2,0,3000,2,4,,POINT (-93.674147745204 41.496995437597)
2014832179,20140035693,12/02/2014,12-December,3-Tuesday,09:14,0900 Hours,District 1 (Central),DES MOINES,POLK,IA 163,IA 163/E UNIVERSITY AVE & E 32ND ST,Collision with:  Vehicle in traffic,On Roadway,Rear-end (front to rear),Driver Distraction:  Manual operation of an electronic communication device,None Indicated,,Daylight,Dry,Clear,None apparent,Non-intersection:  Non-junction/no special feature,Paved,,Possible/Unknown,0,1,0,0,1,0,4800,2,3,,POINT (-93.555297545718 41.600548363191)
2014833039,201417921,12/02/2014,12-December,3-Tuesday,09:39,0900 Hours,District 6 (East Central),CEDAR RAPIDS,LINN,,8TH AVE SE & 3RD ST SE,Collision with:  Vehicle in traffic,On Roadway,Rear-end (front to rear),Unknown,None Indicated,,Daylight,Dry,Clear,None apparent,Non-intersection:  Non-junction/no special feature,Paved,,Property Damage Only,0,0,0,0,0,0,4000,2,4,,POINT (-91.661566214234 41.973479412211)
2014831588,20140035714,12/02/2014,12-December,3-Tuesday,13:00,1300 Hours,District 1 (Central),DES MOINES,POLK,,FLEUR DR,Collision with:  Vehicle in traffic,On Roadway,Rear-end (front to rear),Followed too close,None Indicated,,Daylight,Dry,Clear,None apparent,Non-intersection:  Non-junction/no special feature,Paved,,Property Damage Only,0,0,0,0,0,0,2000,2,3,,POINT (-93.645000844878 41.526193326678)