Iowa DOT Case Number,Law Enforcement Case Number,Date of Crash,Month of Crash,Day of Week,Time of Crash,Hour,DOT District,City Name,County Name,Route with System,Location Description,First Harmful Event,Location of First Harmful Event,Manner of Crash/Collision,Major Cause,Drug or Alcohol ,Environmental Conditions,Light Conditions,Surface Conditions,Weather Conditions,Roadway Contribution,Roadway Type,Roadway Surface,Work Zone,Crash Severity,Number of Fatalities,Number of Injuries,Number of Major Injuries,Number of Minor Injuries,Number of Possible Injuries,Number of Unknown Injuries,Amount of Property Damage,Number of Vehicles Involved,Total Number of Occupants,Travel Direction,Location
2014832123,1403302,12/05/2014,12-December,6-Friday,13:40,1300 Hours,District 5 (Southeast),BLOOMFIELD,DAVIS,,MADISON ST,Collision with:  Vehicle in traffic,On Roadway,Broadside (front to side),FTYROW:  From parked position,None Indicated,,Daylight,Wet,Rain,None apparent,Non-intersection:  Non-junction/no special feature,Paved,,Property Damage Only,0,0,0,0,0,0,3500,2,3,,POINT (-92.415074523671 40.752244705826)
2014832192,18319-14,12/05/2014,12-December,6-Friday,18:56,1800 Hours,District 3 (Northwest),SPENCER,CLAY,US 18,US 18/HIGHWAY BLVD & W 18TH ST & E 18TH ST,Collision with:  Vehicle in traffic,On Roadway,Rear-end (front to rear),Driving too fast for conditions,None Indicated,,Dark - roadway lighted,Dry,Clear,None apparent,Non-intersection:  Non-junction/no special feature,Paved,,Property Damage Only,0,0,0,0,0,0,5200,2,4,,POINT (-95.146266442071 43.155688581581)
2014832692,2014067838,12/05/2014,12-December,6-Friday,12:46,1200 Hours,District 4 (Southwest),COUNCIL BLUFFS,POTTAWATTAMIE,I-80,I-80,Collision with:  Vehicle in traffic,On Roadway,"Sideswipe, same direction",Improper or erratic lane changing,None Indicated,,Daylight,Dry,Clear,None apparent,Non-intersection:  Non-junction/no special feature,Paved,,Property Damage Only,0,0,0,0,0,0,2000,2,2,,POINT (-95.82578236272 41.237847431473)
2014832170,12-14-014,12/05/2014,12-December,6-Friday,17:15,1700 Hours,District 3 (Northwest),LE MARS,PLYMOUTH,IA 3,IA 3/PLYMOUTH ST & IA 404/5TH AVE NW & 5TH AVE SW,Collision with:  Vehicle in traffic,On Roadway,"Angle, oncoming left turn",FTYROW:  Making left turn,None Indicated,,Dark - roadway lighted,Dry,Cloudy,None apparent,Intersection:  Four-way intersection,Paved,,Property Damage Only,0,0,0,0,0,0,5000,2,2,,POINT (-96.173774883562 42.793065522218)
2014832379,14-1492,12/05/2014,12-December,6-Friday,08:55,0800 Hours,District 4 (Southwest),CLIVE,DALLAS,US 6,US 6/HICKMAN AVE,Collision with:  Vehicle in traffic,On Roadway,Rear-end (front to rear),Other (explain in narrative):  Other,None Indicated,,Daylight,Wet,"Fog, smoke, smog",None apparent,Intersection:  Four-way intersection,Paved,,Property Damage Only,0,0,0,0,0,0,3500,2,5,,POINT (-93.815311022816 41.614878072571)
2014832719,14-010893,12/05/2014,12-December,6-Friday,14:20,1400 Hours,District 6 (East Central),INDEPENDENCE,BUCHANAN,,1ST ST W,Collision with:  Vehicle in traffic,On Roadway,Rear-end (front to rear),Followed too close,None Indicated,,Daylight,Dry,Cloudy,None apparent,Non-intersection:  Driveway access (within),Paved,,Possible/Unknown,0,1,0,0,1,0,2847,2,2,,POINT (-91.901769146685 42.468611457209)
2014832941,2014-040281,12/05/2014,12-December,6-Friday,21:08,2100 Hours,District 6 (East Central),DUBUQUE,DUBUQUE,IA 32,IA 32/IA32 NW ARTERIAL & JOHN F KENNEDY RD,Collision with:  Animal,On Roadway,Non-collision (single vehicle),Animal,Refused,,Dark - roadway not lighted,Dry,Clear,None apparent,Non-intersection:  Non-junction/no special feature,Paved,,Property Damage Only,0,0,0,0,0,0,5000,1,1,,POINT (-90.723573937874 42.525645445637)
2014832693,2014067892,12/05/2014,12-December,6-Friday,14:30,1400 Hours,District 4 (Southwest),,POTTAWATTAMIE,I-29,I-29,Collision with:  Vehicle in traffic,On Roadway,"Sideswipe, same direction",Crossed centerline (undivided),None Indicated,,Daylight,Dry,Clear,None apparent,Non-intersection:  Non-junction/no special feature,Paved,,Property Damage Only,0,0,0,0,0,0,2000,2,2,,POINT (-95.901637219985 41.500128726385)
2014832538,2014013612,12/05/2014,12-December,6-Friday,14:10,1400 Hours,District 6 (East Central),IOWA CITY,JOHNSON,,MELROSE AVE & HAWKEYE PARK RD,Collision with:  Vehicle in traffic,On Roadway,Rear-end (front to rear),Unknown,None Indicated,,Daylight,Dry,Unknown,Unknown,Unknown,Paved,,Possible/Unknown,0,2,0,0,2,0,10,2,3,,POINT (-91.583227886392 41.657063349814)
2014832418,201404775,12/05/2014,12-December,6-Friday,17:34,1700 Hours,District 6 (East Central),,LINN,,Co Rd E48/WEST MT VERNON RD,Collision with:  Animal,,,Animal,None Indicated,,,,,,,Paved,,Property Damage Only,0,0,0,0,0,0,8000,1,1,,POINT (-91.488187362427 41.965958970804)
2014832366,14-6170,12/05/2014,12-December,6-Friday,18:00,1800 Hours,District 1 (Central),WEST DES MOINES,POLK,,22ND ST,Collision with:  Vehicle in traffic,On Roadway,Rear-end (front to rear),Other (explain in narrative):  Other,None Indicated,,Dark - roadway lighted,Dry,Cloudy,None apparent,Non-intersection:  Non-junction/no special feature,Paved,,Property Damage Only,0,0,0,0,0,0,6500,2,3,,POINT (-93.736059883509 41.593876618538)
2014834969,14-8373,12/05/2014,12-December,6-Friday,17:51,1700 Hours,District 2 (Northeast),SWEA CITY,KOSSUTH,,Co Rd P30/80 AVE,Non-collision events:  Overturn/rollover,On Roadway,Non-collision (single vehicle),Equipment failure,None Indicated,,Dark - roadway not lighted,Wet,Rain,None apparent,Non-intersection:  Non-junction/no special feature,Paved,,Possible/Unknown,0,1,0,0,1,0,7500,1,1,,POINT (-94.30565703966 43.441118365939)
2014895493,132-14,12/05/2014,12-December,6-Friday,11:04,1100 Hours,District 4 (Southwest),,MADISON,,,Collision with fixed object:  Utility pole/light support,Roadside,Non-collision (single vehicle),Ran off road - left,Under Influence of Alcohol/Drugs/Medications,,Daylight,Dry,Cloudy,None apparent,Non-intersection:  Non-junction/no special feature,,,Possible/Unknown,0,1,0,0,1,0,4500,1,1,,POINT (-94.012674983709 41.428588194462)
2014833050,201418093,12/05/2014,12-December,6-Friday,11:50,1100 Hours,District 6 (East Central),CEDAR RAPIDS,LINN,IA 100,IA 100/COLLINS RD NE,Collision with:  Vehicle in traffic,On Roadway,Rear-end (front to rear),Lost Control,None Indicated,,Daylight,Wet,Cloudy,None apparent,Non-intersection:  Non-junction/no special feature,Paved,,Property Damage Only,0,0,0,0,0,0,3500,2,2,,POINT (-91.64449619297 42.028272169107)
2014832205,14-1944,12/05/2014,12-December,6-Friday,10:14,1000 Hours,District 1 (Central),,GREENE,US 30,US 30/220TH & 222ND,Collision with:  Vehicle in traffic,On Roadway,"Sideswipe, opposite direction",Crossed centerline (undivided),None Indicated,,Daylight,Wet,"Fog, smoke, smog",None apparent,Non-intersection:  Other non-intersection (explain in narrative),Paved,,Property Damage Only,0,0,0,0,0,0,10000,2,2,,POINT (-94.217859767162 42.032949597132)
2014834946,201418084,12/05/2014,12-December,6-Friday,09:54,0900 Hours,District 6 (East Central),CEDAR RAPIDS,LINN,,16TH AVE SW,Collision with:  Parked motor vehicle,On Roadway,Rear-end (front to rear),Lost Control,Drug,,Daylight,Dry,Cloudy,None apparent,Non-intersection:  Non-junction/no special feature,Paved,,Possible/Unknown,0,1,0,0,1,0,11000,3,1,,POINT (-91.682154597173 41.961865128924)
2014831991,20140035993,12/05/2014,12-December,6-Friday,08:18,0800 Hours,District 1 (Central),DES MOINES,POLK,,ARMY POST RD,Collision with:  Vehicle in traffic,On Roadway,Rear-end (front to rear),Other (explain in narrative):  Other,None Indicated,,Daylight,Wet,"Fog, smoke, smog","Surface condition (e.g., wet, icy)",Non-intersection:  Non-junction/no special feature,Paved,,Property Damage Only,0,0,0,0,0,0,3500,2,3,,POINT (-93.635415372852 41.526543932541)
2014832217,14007377,12/05/2014,12-December,6-Friday,18:25,1800 Hours,District 3 (Northwest),,CHEROKEE,US 59,US 59 & 490TH ST,Collision with:  Animal,,,Animal,None Indicated,,,,,,,Paved,,Property Damage Only,0,0,0,0,0,0,5000,1,1,,POINT (-95.554155526601 42.807539572877)
2014833154,2014-83265,12/05/2014,12-December,6-Friday,15:34,1500 Hours,District 6 (East Central),DAVENPORT,SCOTT,,W LOCUST ST & EMERALD DR,Collision with:  Vehicle in traffic,On Roadway,Rear-end (front to rear),Followed too close,None Indicated,,Daylight,Dry,Cloudy,None apparent,Intersection:  Four-way intersection,Paved,,Property Damage Only,0,0,0,0,0,0,2000,3,7,,POINT (-90.637665021817 41.538183429928)
2014836033,14-014764,12/05/2014,12-December,6-Friday,18:31,1800 Hours,District 1 (Central),TAMA,TAMA,,Co Rd E49/HWY E49,Collision with:  Animal,On Roadway,Non-collision (single vehicle),Animal,None Indicated,,Dark - roadway not lighted,Dry,Clear,None apparent,Non-intersection:  Non-junction/no special feature,Paved,,Property Damage Only,0,0,0,0,0,0,7000,1,1,,POINT (-92.60233672577 41.970037526148)
2014833901,,12/05/2014,12-December,6-Friday,19:20,1900 Hours,District 5 (Southeast),,DAVIS,IA 2,IA 2/IOWA 2 & DRIFTWOOD BLVD,Collision with:  Animal,On Roadway,Non-collision (single vehicle),Animal,None Indicated,,Dark - roadway not lighted,Wet,Rain,,Non-intersection:  Non-junction/no special feature,Paved,,Property Damage Only,0,0,0,0,0,0,5000,1,1,,POINT (-92.571116615323 40.725552891218)
2014831829,14-7996,12/05/2014,12-December,6-Friday,07:18,0700 Hours,District 1 (Central),,POLK,IA 415,IA 415/2ND AVE,Collision with:  Vehicle in traffic,On Roadway,Rear-end (front to rear),Driving too fast for conditions,None Indicated,,Dawn,Wet,"Fog, smoke, smog",None apparent,Non-intersection:  Non-junction/no special feature,Paved,,Property Damage Only,0,0,0,0,0,0,3000,2,2,,POINT (-93.62025304943 41.659420513008)
2014833646,140010900,12/05/2014,12-December,6-Friday,17:53,1700 Hours,District 6 (East Central),,BUCHANAN,IA 150,IA 150/JAMESTOWN AVE,Collision with:  Animal,,Non-collision (single vehicle),Animal,None Indicated,,,,,,,Paved,,Property Damage Only,0,0,0,0,0,0,2500,1,1,,POINT (-91.889640553612 42.506498847344)
2014837003,,12/05/2014,12-December,6-Friday,17:20,1700 Hours,District 2 (Northeast),CLEAR LAKE,CERRO GORDO,,S 24TH ST & 4TH AVE S,Collision with:  Vehicle in traffic,On Roadway,Rear-end (front to rear),Swerving/Evasive Action,None Indicated,,Dark - roadway lighted,Dry,"Fog, smoke, smog",None apparent,Intersection:  Four-way intersection,Paved,,Property Damage Only,0,0,0,0,0,0,5000,2,2,,POINT (-93.359541442521 43.1337463079)
2014832460,2014-26028,12/05/2014,12-December,6-Friday,08:49,0800 Hours,District 5 (Southeast),INDIANOLA,WARREN,US 65,US 65/N JEFFERSON WAY & E HILLCREST AVE & W HILLCREST AVE,Collision with:  Vehicle in traffic,On Roadway,Rear-end (front to rear),Followed too close,None Indicated,,Daylight,Dry,Cloudy,None apparent,Non-intersection:  Non-junction/no special feature,Paved,,Possible/Unknown,0,1,0,0,1,0,3000,2,2,,POINT (-93.55859765965 41.380228991969)
2014832399,S14-004811,12/05/2014,12-December,6-Friday,10:14,1000 Hours,District 4 (Southwest),,POTTAWATTAMIE,IA 92,IA 92/IOWA 92 & Co Rd L66/340TH ST,Non-collision events:  Overturn/rollover,Roadside,Non-collision (single vehicle),Ran off road - left,None Indicated,,Daylight,Dry,"Fog, smoke, smog",None apparent,Non-intersection:  Non-junction/no special feature,Paved,,Major Injury,0,1,1,0,0,0,3500,1,1,,POINT (-95.537106459259 41.232568947132)
2014832979,147107,12/05/2014,12-December,6-Friday,03:24,0300 Hours,District 1 (Central),,HARDIN,,Co Rd S56/CO HWY S56,Collision with:  Animal,On Roadway,Non-collision (single vehicle),Animal,None Indicated,,,,,,,Paved,,Property Damage Only,0,0,0,0,0,0,1687,1,1,,POINT (-93.070665452806 42.395130089452)
2014832313,14-1495,12/05/2014,12-December,6-Friday,18:19,1800 Hours,District 1 (Central),CLIVE,POLK,,UNIVERSITY AVE,Collision with:  Vehicle in traffic,On Roadway,Rear-end (front to rear),Followed too close,None Indicated,,Dark - roadway lighted,Dry,Cloudy,None apparent,Non-intersection:  Non-junction/no special feature,Paved,,Property Damage Only,0,0,0,0,0,0,5000,2,2,,POINT (-93.769265892503 41.600432641535)
2014836664,14017761,12/05/2014,12-December,6-Friday,14:13,1400 Hours,District 6 (East Central),,CEDAR,I-80,I-80,Collision with fixed object:  Guardrail - face,Median,Non-collision (single vehicle),Ran off road - left,None Indicated,,Daylight,Dry,Cloudy,None apparent,Non-intersection:  Non-junction/no special feature,Paved,,Property Damage Only,0,0,0,0,0,0,13335,1,2,,POINT (-91.295018976938 41.663236212186)
2014833240,C14118915,12/05/2014,12-December,6-Friday,16:09,1600 Hours,District 2 (Northeast),CEDAR FALLS,BLACK HAWK,IA 934,IA 934/UNIVERSITY AVE & MIDWAY DR,Collision with:  Vehicle in traffic,On Roadway,"Angle, oncoming left turn",Unknown,None Indicated,,Dark - roadway lighted,Dry,Clear,None apparent,Intersection:  Four-way intersection,Paved,,Possible/Unknown,0,1,0,0,1,0,5500,2,2,,POINT (-92.406369186779 42.505693558492)
2014832678,143699,12/05/2014,12-December,6-Friday,10:24,1000 Hours,District 3 (Northwest),,CRAWFORD,US 30,US 30,Collision with fixed object:  Traffic sign support,Roadside,Non-collision (single vehicle),Over correcting/over steering,None Indicated,,Daylight,Dry,Cloudy,None apparent,Non-intersection:  Non-junction/no special feature,Paved,,Minor Injury,0,1,0,1,0,0,8150,1,2,,POINT (-95.485153707398 41.934023531124)
2014834419,2014007685,12/05/2014,12-December,6-Friday,01:45,0100 Hours,District 6 (East Central),,BENTON,,70 ST DR,Collision with fixed object:  Ditch,Roadside,Non-collision (single vehicle),Swerving/Evasive Action,Alcohol (Statutory),,Dark - roadway not lighted,Dry,Clear,None apparent,Non-intersection:  Non-junction/no special feature,Unpaved,,Fatal,1,0,0,0,0,0,5500,1,1,,POINT (-92.186224241425 42.000202754073)
2014833054,201418110,12/05/2014,12-December,6-Friday,16:54,1600 Hours,District 6 (East Central),CEDAR RAPIDS,LINN,I-380,I-380,Collision with:  Vehicle in traffic,On Roadway,Rear-end (front to rear),Followed too close,None Indicated,,Dark - roadway lighted,Dry,Clear,None apparent,Interchange-related:  On-ramp merge area,Paved,,Property Damage Only,0,0,0,0,0,0,9000,2,4,,POINT (-91.670477267729 41.958785359476)
2014832371,20140036050,12/05/2014,12-December,6-Friday,18:11,1800 Hours,District 1 (Central),DES MOINES,POLK,,31ST ST,Collision with:  Vehicle in traffic,On Roadway,Rear-end (front to rear),Followed too close,None Indicated,,Dark - roadway lighted,Dry,Clear,None apparent,Non-intersection:  Non-junction/no special feature,Paved,,Property Damage Only,0,0,0,0,0,0,3000,2,2,,POINT (-93.659349549818 41.597107372586)
2014832088,14-005714,12/05/2014,12-December,6-Friday,14:10,1400 Hours,District 1 (Central),AMES,STORY,,S 4TH ST & GRANDWOOD DR & GRAND AVE,Collision with:  Vehicle in traffic,On Roadway,Rear-end (front to rear),Followed too close,None Indicated,,Daylight,Dry,Cloudy,None apparent,Non-intersection:  Non-junction/no special feature,Paved,,Property Damage Only,0,0,0,0,0,0,3999,2,22,,POINT (-93.620622023226 42.019314683952)
2014832570,2014-83286,12/05/2014,12-December,6-Friday,16:53,1600 Hours,District 6 (East Central),DAVENPORT,SCOTT,US 6,US 6/W KIMBERLY RD & N PINE ST,Collision with:  Vehicle in traffic,On Roadway,Rear-end (front to rear),Unknown,None Indicated,,Dark - roadway lighted,Dry,Cloudy,None apparent,Intersection:  Four-way intersection,Paved,,Property Damage Only,0,0,0,0,0,0,1500,2,2,,POINT (-90.610293119347 41.560124617184)
2014832352,2014-040274,12/05/2014,12-December,6-Friday,17:41,1700 Hours,District 6 (East Central),DUBUQUE,DUBUQUE,,JOHN F KENNEDY RD,Collision with:  Vehicle in traffic,On Roadway,"Angle, oncoming left turn",Other (explain in narrative):  Other,None Indicated,,Dark - roadway lighted,Dry,Clear,None apparent,Non-intersection:  Non-junction/no special feature,Paved,,Property Damage Only,0,0,0,0,0,0,3000,2,2,,POINT (-90.720505022246 42.510941918758)
2014832087,14-005713,12/05/2014,12-December,6-Friday,12:30,1200 Hours,District 1 (Central),AMES,STORY,,S 16TH ST & GOLDEN ASPEN DR,Collision with:  Vehicle in traffic,On Roadway,Rear-end (front to rear),Followed too close,None Indicated,,Daylight,Dry,Cloudy,None apparent,Intersection:  Four-way intersection,Paved,,Property Damage Only,0,0,0,0,0,0,5999,2,3,,POINT (-93.616301176588 42.008385951639)
2014832216,14-43135,12/05/2014,12-December,6-Friday,05:30,0500 Hours,District 5 (Southeast),,DES MOINES,,Y-CAMP RD,Collision with fixed object:  Ditch,On Roadway,Non-collision (single vehicle),Swerving/Evasive Action,None Indicated,,Dark - roadway not lighted,Dry,Clear,None apparent,Non-intersection:  Non-junction/no special feature,Unpaved,,Possible/Unknown,0,1,0,0,1,0,1600,1,3,,POINT (-91.118113036908 40.872635007975)
2014832100,14-001441,12/05/2014,12-December,6-Friday,21:28,2100 Hours,District 1 (Central),,STORY,,310TH ST,Collision with fixed object:  Ditch,On Roadway,Non-collision (single vehicle),Swerving/Evasive Action,None Indicated,,Dark - roadway not lighted,Wet,Rain,"Surface condition (e.g., wet, icy)",Non-intersection:  Non-junction/no special feature,Unpaved,,Property Damage Only,0,0,0,0,0,0,2500,1,1,,POINT (-93.589135082843 41.906789102086)
2014834180,2014067883,12/05/2014,12-December,6-Friday,14:26,1400 Hours,District 1 (Central),,HARDIN,US 65,US 65,Collision with:  Vehicle in traffic,On Roadway,Rear-end (front to rear),Followed too close,None Indicated,,Daylight,Dry,Cloudy,None apparent,Non-intersection:  Non-junction/no special feature,Paved,,Major Injury,0,3,2,1,0,0,10000,2,3,,POINT (-93.309799055626 42.245447334207)
2014833635,14029474,12/05/2014,12-December,6-Friday,18:00,1800 Hours,District 5 (Southeast),,MARION,IA 5,IA 5/IOWA 5,Collision with:  Animal,On Roadway,Non-collision (single vehicle),Animal,None Indicated,,Dark - roadway not lighted,Dry,Clear,None apparent,Non-intersection:  Non-junction/no special feature,Paved,,Possible/Unknown,0,1,0,0,1,0,5000,1,2,,POINT (-93.163844743612 41.323512719635)
2014832204,14-32089,12/05/2014,12-December,6-Friday,08:20,0800 Hours,District 1 (Central),NEWTON,JASPER,,E 5TH ST S,Collision with:  Vehicle in traffic,On Roadway,"Sideswipe, same direction",Followed too close,None Indicated,,Daylight,Dry,Cloudy,None apparent,Non-intersection:  Non-junction/no special feature,Paved,,Property Damage Only,0,0,0,0,0,0,3000,2,2,,POINT (-93.04834340745 41.690951687484)
2014832168,14-43053,12/05/2014,12-December,6-Friday,00:41,0000 Hours,District 5 (Southeast),BURLINGTON,DES MOINES,,LOCUST ST & SUMMER ST,Collision with:  Vehicle in traffic,On Roadway,Rear-end (front to rear),Unknown,None Indicated,,Dark - roadway lighted,Dry,"Fog, smoke, smog",None apparent,Non-intersection:  Non-junction/no special feature,Paved,,Property Damage Only,0,0,0,0,0,0,3000,2,1,,POINT (-91.114767373921 40.797275299802)
2014832337,14010410,12/05/2014,12-December,6-Friday,17:29,1700 Hours,District 6 (East Central),,DELAWARE,IA 38,IA 38/IOWA 38,Collision with fixed object:  Ditch,On Roadway,Non-collision (single vehicle),Crossed centerline (undivided),Alcohol (Statutory),,Dark - roadway not lighted,Dry,Cloudy,None apparent,Non-intersection:  Non-junction/no special feature,Paved,,Property Damage Only,0,0,0,0,0,0,5000,1,1,,POINT (-91.345027971682 42.460924020494)
2014847711,14-001437,12/05/2014,12-December,6-Friday,05:50,0500 Hours,District 1 (Central),,STORY,,Co Rd R77/600TH AVE,Collision with:  Animal,On Roadway,Non-collision (single vehicle),Animal,None Indicated,,Dark - roadway not lighted,Dry,"Fog, smoke, smog",None apparent,Non-intersection:  Non-junction/no special feature,Paved,,Property Damage Only,0,0,0,0,0,0,2000,1,1,,POINT (-93.501951115028 42.174013854555)
2014833387,SO1405267,12/05/2014,12-December,6-Friday,06:05,0600 Hours,District 5 (Southeast),,JEFFERSON,,JASMINE AVE,Collision with fixed object:  Ditch,Shoulder,Non-collision (single vehicle),Swerving/Evasive Action,None Indicated,,Dark - roadway not lighted,"Mud, dirt","Fog, smoke, smog",None apparent,Non-intersection:  Non-junction/no special feature,Unpaved,,Major Injury,0,1,1,0,0,0,20000,1,1,,POINT (-91.994325153941 41.150269636452)
2014832546,14-119034,12/05/2014,12-December,6-Friday,23:44,2300 Hours,District 2 (Northeast),,BLACK HAWK,,E BIG ROCK RD,Collision with fixed object:  Ditch,On Roadway,Non-collision (single vehicle),Swerving/Evasive Action,None Indicated,,Dark - roadway not lighted,"Mud, dirt",Clear,None apparent,Non-intersection:  Non-junction/no special feature,Unpaved,,Property Damage Only,0,0,0,0,0,0,2500,1,2,,POINT (-92.183857887401 42.555594693966)
2014833219,14-005588,12/05/2014,12-December,6-Friday,07:31,0700 Hours,District 3 (Northwest),ROCK RAPIDS,LYON,,1ST AVE E,Collision with:  Vehicle in traffic,On Roadway,Head-on (front to front),Ran off road - left,None Indicated,,Dark - roadway lighted,Dry,Clear,None apparent,Non-intersection:  Non-junction/no special feature,Paved,,Property Damage Only,0,0,0,0,0,0,3000,2,1,,POINT (-96.154638783766 43.432221359649)
2014846517,AC14-,12/05/2014,12-December,6-Friday,12:12,1200 Hours,District 4 (Southwest),HARLAN,SHELBY,,DURANT ST,Collision with:  Vehicle in traffic,On Roadway,Broadside (front to side),FTYROW:  From parked position,None Indicated,,Daylight,Dry,Cloudy,None apparent,Non-intersection:  Non-junction/no special feature,Paved,,Property Damage Only,0,0,0,0,0,0,3500,2,2,,POINT (-95.319745872941 41.656773729812)
2014835841,14-118934,12/05/2014,12-December,6-Friday,17:17,1700 Hours,District 2 (Northeast),,BLACK HAWK,,Co Rd D48/BRANDON RD,Collision with:  Animal,Shoulder,Non-collision (single vehicle),Animal,None Indicated,,Dark - roadway not lighted,Dry,Cloudy,None apparent,Non-intersection:  Non-junction/no special feature,Paved,,Property Damage Only,0,0,0,0,0,0,8131,1,1,,POINT (-92.145712568242 42.340382528349)
2014832089,14-005715,12/05/2014,12-December,6-Friday,14:38,1400 Hours,District 1 (Central),AMES,STORY,US 69,US 69/S DUFF AVE,Collision with:  Vehicle in traffic,On Roadway,Rear-end (front to rear),Followed too close,None Indicated,,Daylight,Dry,Cloudy,None apparent,Non-intersection:  Non-junction/no special feature,Paved,,Possible/Unknown,0,3,0,0,1,2,7500,3,5,,POINT (-93.610336592845 42.018604276001)
2014832403,P14-013470,12/05/2014,12-December,6-Friday,12:06,1200 Hours,District 1 (Central),WEBSTER CITY,HAMILTON,,,Collision with:  Vehicle in traffic,On Roadway,"Sideswipe, opposite direction",Improper Backing,None Indicated,,Daylight,Dry,Cloudy,None apparent,Non-intersection:  Alley,,,Property Damage Only,0,0,0,0,0,0,2000,2,2,,POINT (-96.643700149993 40.233091251414)
2014833448,2014-83188,12/05/2014,12-December,6-Friday,07:27,0700 Hours,District 6 (East Central),DAVENPORT,SCOTT,,EASTERN AVE,Collision with fixed object:  Curb/island/raised median,On Roadway,Non-collision (single vehicle),Lost Control,None Indicated,,Daylight,Wet,"Fog, smoke, smog",None apparent,Non-intersection:  Non-junction/no special feature,Paved,,Property Damage Only,0,0,0,0,0,0,2200,1,2,,POINT (-90.551370431094 41.565467892317)
2014832694,2014067899,12/05/2014,12-December,6-Friday,15:10,1500 Hours,District 6 (East Central),,CEDAR,US 30,US 30,Collision with:  Vehicle in traffic,On Roadway,"Sideswipe, opposite direction",Unknown,None Indicated,,Daylight,Dry,Cloudy,None apparent,Non-intersection:  Non-junction/no special feature,Paved,,Property Damage Only,0,0,0,0,0,0,4000,2,2,,POINT (-91.119574352544 41.8885157323)
2014832360,2014-0515,12/05/2014,12-December,6-Friday,05:30,0500 Hours,District 1 (Central),NORWALK,POLK,IA 28,IA 28/IOWA 5,Collision with fixed object:  Traffic sign support,On Roadway,Non-collision (single vehicle),Crossed centerline (undivided),None Indicated,,Dark - roadway lighted,Wet,"Fog, smoke, smog",None apparent,Non-intersection:  Non-junction/no special feature,Paved,,Property Damage Only,0,0,0,0,0,0,5500,1,1,,POINT (-93.689284857227 41.518973750686)
2014832324,14-2714,12/05/2014,12-December,6-Friday,17:32,1700 Hours,District 1 (Central),URBANDALE,POLK,,100TH ST & 99TH ST,Collision with:  Animal,On Roadway,Non-collision (single vehicle),Animal,None Indicated,,Dark - roadway lighted,Dry,Clear,None apparent,Non-intersection:  Non-junction/no special feature,Paved,,Property Damage Only,0,0,0,0,0,0,3000,1,1,,POINT (-93.755834255403 41.624778077274)
2014834234,14-18280,12/05/2014,12-December,6-Friday,01:30,0100 Hours,District 3 (Northwest),ROYAL,CLAY,,2ND AVE,Collision with:  Other non-fixed object (explain in narrative),On Roadway,Non-collision (single vehicle),Traveling wrong way or on wrong side of road,Under Influence of Alcohol/Drugs/Medications,,Dark - roadway lighted,Dry,Clear,None apparent,Non-intersection:  Non-junction/no special feature,Paved,,Minor Injury,0,1,0,1,0,0,10000,1,1,,POINT (-95.282687218651 43.064083130525)
2014832069,W14-118851,12/05/2014,12-December,6-Friday,13:18,1300 Hours,District 2 (Northeast),WATERLOO,BLACK HAWK,,W RIDGEWAY AVE & GREYHOUND DR,Collision with:  Vehicle in traffic,On Roadway,Broadside (front to side),FTYROW:  Making left turn,None Indicated,,Daylight,Dry,Cloudy,None apparent,Intersection:  T-intersection,Paved,,Property Damage Only,0,0,0,0,0,0,4500,2,2,,POINT (-92.405035163923 42.469230934662)
2014831989,20140035987,12/05/2014,12-December,6-Friday,06:35,0600 Hours,District 1 (Central),DES MOINES,POLK,IA 163,IA 163/E UNIVERSITY AVE,Collision with:  Vehicle in traffic,On Roadway,Unknown,Ran Traffic Signal,None Indicated,,Dawn,Wet,Cloudy,None apparent,Unknown,Paved,,Property Damage Only,0,0,0,0,0,0,10000,2,2,,POINT (-93.580520780998 41.600486816839)
2014833420,14-151205-01,12/05/2014,12-December,6-Friday,17:56,1700 Hours,District 6 (East Central),,IOWA,,Co Rd F52/F52 TRL & Co Rd V38/B AVE,Collision with fixed object:  Other fixed object (explain in narrative),On Roadway,Non-collision (single vehicle),Ran Stop Sign,None Indicated,,Dark - roadway not lighted,Dry,Clear,None apparent,Intersection:  T-intersection,Paved,,Property Damage Only,0,0,0,0,0,0,2025,1,1,,POINT (-92.276617038148 41.575032881598)
2014831992,20140036008,12/05/2014,12-December,6-Friday,10:19,1000 Hours,District 1 (Central),DES MOINES,POLK,,HICKMAN RD & 48TH ST,Collision with:  Vehicle in traffic,On Roadway,Broadside (front to side),Ran Traffic Signal,None Indicated,,Daylight,Dry,Cloudy,None apparent,Intersection:  Four-way intersection,Paved,,Property Damage Only,0,0,0,0,0,0,6700,2,2,,POINT (-93.682755762593 41.614913115324)
2014832202,CL14004250,12/05/2014,12-December,6-Friday,17:39,1700 Hours,District 6 (East Central),CLINTON,CLINTON,US 67,US 67/N 2ND ST,Collision with:  Vehicle in traffic,On Roadway,Rear-end (front to rear),Followed too close,None Indicated,,Dark - roadway lighted,Wet,Clear,None apparent,Non-intersection:  Non-junction/no special feature,Paved,,Property Damage Only,0,0,0,0,0,0,2500,2,2,,POINT (-90.180762950715 41.870160231828)