Iowa DOT Case Number,Law Enforcement Case Number,Date of Crash,Month of Crash,Day of Week,Time of Crash,Hour,DOT District,City Name,County Name,Route with System,Location Description,First Harmful Event,Location of First Harmful Event,Manner of Crash/Collision,Major Cause,Drug or Alcohol ,Environmental Conditions,Light Conditions,Surface Conditions,Weather Conditions,Roadway Contribution,Roadway Type,Roadway Surface,Work Zone,Crash Severity,Number of Fatalities,Number of Injuries,Number of Major Injuries,Number of Minor Injuries,Number of Possible Injuries,Number of Unknown Injuries,Amount of Property Damage,Number of Vehicles Involved,Total Number of Occupants,Travel Direction,Location
2014832596,2014-23730,12/08/2014,12-December,2-Monday,13:57,1300 Hours,District 6 (East Central),BETTENDORF,SCOTT,,HILLSIDE DR & MAGNOLIA DR,Collision with:  Parked motor vehicle,On Roadway,Head-on (front to front),Driving too fast for conditions,None Indicated,,Daylight,Wet,Rain,None apparent,Non-intersection:  Non-junction/no special feature,Paved,,Property Damage Only,0,0,0,0,0,0,15500,3,1,,POINT (-90.519118275659 41.550879354252)
2014832888,14-017761,12/08/2014,12-December,2-Monday,16:48,1600 Hours,District 2 (Northeast),,FAYETTE,US 18,US 18/HARDING RD,Collision with:  Animal,,,Animal,None Indicated,,,,,,,Paved,,Property Damage Only,0,0,0,0,0,0,3000,1,2,,POINT (-91.610537072374 43.054205309278)
2014832561,CL14004288,12/08/2014,12-December,2-Monday,22:18,2200 Hours,District 6 (East Central),CLINTON,CLINTON,,11TH AVE N & N 11TH ST,Collision with fixed object:  Utility pole/light support,Shoulder,Non-collision (single vehicle),"Operating vehicle in an reckless, erratic, careless, negligent manner",Refused,,Dark - roadway lighted,Dry,Clear,None apparent,Non-intersection:  Non-junction/no special feature,Paved,,Property Damage Only,0,0,0,0,0,0,6000,1,1,,POINT (-90.211347895685 41.856183214881)
2014832516,2014-83780,12/08/2014,12-December,2-Monday,07:06,0700 Hours,District 6 (East Central),DAVENPORT,SCOTT,US 67,US 67/E RIVER DR & E 3RD ST,Collision with:  Vehicle in traffic,On Roadway,"Sideswipe, same direction",Unknown,None Indicated,,Dawn,Wet,Rain,None apparent,Intersection:  T-intersection,Paved,,Property Damage Only,0,0,0,0,0,0,2000,2,2,,POINT (-90.565854338953 41.522409820367)
2014836104,14-08197,12/08/2014,12-December,2-Monday,11:26,1100 Hours,District 2 (Northeast),OELWEIN,FAYETTE,,CHARLES ST W & 6TH AVE SW & 6TH AVE NW,Collision with:  Vehicle in traffic,On Roadway,Broadside (front to side),Ran Stop Sign,None Indicated,,Daylight,Wet,Cloudy,None apparent,Intersection:  Four-way intersection,Paved,,Property Damage Only,0,0,0,0,0,0,7000,2,2,,POINT (-91.923349353264 42.678215042985)
2014833019,14-005769,12/08/2014,12-December,2-Monday,15:33,1500 Hours,District 1 (Central),AMES,STORY,,LINCOLN WAY & DES MOINES AVE,Collision with:  Vehicle in traffic,On Roadway,"Angle, oncoming left turn",FTYROW:  Making left turn,None Indicated,,Daylight,Dry,Cloudy,None apparent,Intersection:  T-intersection,Paved,,Property Damage Only,0,0,0,0,0,0,4000,2,2,,POINT (-93.609737523361 42.022903599909)
2014832441,14017902,12/08/2014,12-December,2-Monday,11:00,1100 Hours,District 6 (East Central),,CEDAR,,Co Rd X46/ATALISSA RD,Collision with:  Animal,,,Animal,None Indicated,,,,,,,Unpaved,,Property Damage Only,0,0,0,0,0,0,2000,1,1,,POINT (-91.151834719119 41.632228076055)
2014832715,2014068298,12/08/2014,12-December,2-Monday,18:48,1800 Hours,District 4 (Southwest),,DALLAS,I-80,I-80,Collision with:  Animal,On Roadway,Non-collision (single vehicle),Animal,None Indicated,,Dark - roadway not lighted,Dry,Cloudy,None apparent,Non-intersection:  Non-junction/no special feature,Paved,,Property Damage Only,0,0,0,0,0,0,1500,1,1,,POINT (-94.157086817548 41.517821407955)
2014833631,14028422,12/08/2014,12-December,2-Monday,16:15,1600 Hours,District 5 (Southeast),OSKALOOSA,MAHASKA,IA 92,IA 92/A AVE W,Collision with:  Vehicle in traffic,On Roadway,"Sideswipe, same direction",Made improper turn,None Indicated,,Daylight,Dry,Cloudy,None apparent,Non-intersection:  Non-junction/no special feature,Paved,,Property Damage Only,0,0,0,0,0,0,2000,2,2,,POINT (-92.653050325606 41.296209350605)
2014832602,SO14002909,12/08/2014,12-December,2-Monday,21:02,2100 Hours,District 3 (Northwest),,PLYMOUTH,,Co Rd C38/C38,Collision with:  Animal,On Roadway,Non-collision (single vehicle),Animal,None Indicated,,Dark - roadway not lighted,Dry,Clear,None apparent,Non-intersection:  Non-junction/no special feature,Paved,,Property Damage Only,0,0,0,0,0,0,2100,1,3,,POINT (-96.101125451981 42.749729733636)
2014832632,RJT12081401,12/08/2014,12-December,2-Monday,11:30,1100 Hours,District 5 (Southeast),OSCEOLA,CLARKE,,N FILLMORE ST,Collision with:  Vehicle in traffic,On Roadway,Rear-end (front to rear),Unknown,None Indicated,,Daylight,Dry,Cloudy,None apparent,Non-intersection:  Non-junction/no special feature,Paved,,Property Damage Only,0,0,0,0,0,0,5000,2,2,,POINT (-93.767576943549 41.03449418697)
2014834643,14-32338,12/08/2014,12-December,2-Monday,01:18,0100 Hours,District 1 (Central),KELLOGG,JASPER,,E 76TH ST N,Collision with fixed object:  Ditch,Outside trafficway,Non-collision (single vehicle),Driving too fast for conditions,Under Influence of Alcohol/Drugs/Medications,,Dark - roadway lighted,"Mud, dirt",Clear,None apparent,Non-intersection:  Railroad grade crossing,Unpaved,,Possible/Unknown,0,1,0,0,1,0,3000,1,1,,POINT (-92.959997727822 41.72729864328)
2014832714,2014068270,12/08/2014,12-December,2-Monday,15:35,1500 Hours,District 3 (Northwest),,SIOUX,IA 10,IA 10/450TH ST & Co Rd K30/EAGLE AVE,Collision with:  Vehicle in traffic,On Roadway,Broadside (front to side),FTYROW:  From stop sign,None Indicated,,Daylight,Dry,Cloudy,None apparent,Intersection:  Four-way intersection,Paved,,Possible/Unknown,0,1,0,0,1,0,10000,2,2,,POINT (-96.312808247618 42.997092203281)
2014832557,14-6218,12/08/2014,12-December,2-Monday,15:11,1500 Hours,District 1 (Central),WEST DES MOINES,POLK,,UNIVERSITY AVE,Collision with:  Vehicle in traffic,On Roadway,Broadside (front to side),FTYROW:  From stop sign,None Indicated,,Daylight,Dry,Clear,None apparent,Intersection:  Four-way intersection,Paved,,Property Damage Only,0,0,0,0,0,0,4500,2,2,,POINT (-93.754541990172 41.600422136763)
2014832614,14-43445,12/08/2014,12-December,2-Monday,16:19,1600 Hours,District 5 (Southeast),BURLINGTON,DES MOINES,,LAWRENCE DR,Collision with:  Vehicle in traffic,On Roadway,Broadside (front to side),FTYROW:  Other (explain in narrative),None Indicated,,Daylight,Dry,Cloudy,None apparent,Non-intersection:  Non-junction/no special feature,Paved,,Property Damage Only,0,0,0,0,0,0,2500,2,2,,POINT (-91.14003592083 40.799487085498)
2014832603,14-005317,12/08/2014,12-December,2-Monday,17:42,1700 Hours,District 1 (Central),ANKENY,POLK,,W 1ST ST & SW STATE ST & NW STATE ST,Collision with:  Vehicle in traffic,On Roadway,"Angle, oncoming left turn",FTYROW:  Making left turn,None Indicated,,Dark - roadway lighted,Dry,Clear,None apparent,Intersection:  Four-way intersection,Paved,,Property Damage Only,0,0,0,0,0,0,5000,2,2,,POINT (-93.621502529566 41.731857745616)
2014832215,14-051354,12/08/2014,12-December,2-Monday,08:43,0800 Hours,District 4 (Southwest),COUNCIL BLUFFS,POTTAWATTAMIE,,AVE B,Collision with:  Vehicle in traffic,On Roadway,Broadside (front to side),FTYROW:  From driveway,None Indicated,,Daylight,Dry,Clear,None apparent,Non-intersection:  Driveway access (within),Paved,,Property Damage Only,0,0,0,0,0,0,3000,2,2,,POINT (-95.888332790662 41.263700414002)
2014832624,2014-040347,12/08/2014,12-December,2-Monday,14:15,1400 Hours,District 6 (East Central),DUBUQUE,DUBUQUE,,LINCOLN ST,Collision with:  Parked motor vehicle,On Roadway,Rear-end (front to rear),Lost Control,None Indicated,,Daylight,Wet,Rain,None apparent,Non-intersection:  Non-junction/no special feature,Paved,,Property Damage Only,0,0,0,0,0,0,7500,2,1,,POINT (-90.659773239726 42.521892233252)
2014832635,20140036345,12/08/2014,12-December,2-Monday,15:54,1500 Hours,District 1 (Central),DES MOINES,POLK,I-235,I-235 & KEOSAUQUA WAY,Collision with:  Vehicle in traffic,On Roadway,Rear-end (front to rear),Followed too close,None Indicated,,Daylight,Dry,Clear,None apparent,Non-intersection:  Non-junction/no special feature,Paved,,Property Damage Only,0,0,0,0,0,0,2000,2,3,,POINT (-93.635442536671 41.595422535712)
2014832536,2014-26282,12/08/2014,12-December,2-Monday,16:09,1600 Hours,District 5 (Southeast),NEW VIRGINIA,WARREN,,Co Rd R45/HWY R45 & NORTH ST,Collision with fixed object:  Ditch,Gore,Non-collision (single vehicle),Ran off road - straight,None Indicated,,Daylight,Dry,Cloudy,None apparent,Non-intersection:  Driveway access (within),Paved,,Possible/Unknown,0,1,0,0,1,0,5000,1,1,,POINT (-93.726961658142 41.187739803084)
2014832132,20140036308,12/08/2014,12-December,2-Monday,11:04,1100 Hours,District 1 (Central),DES MOINES,POLK,US 6,US 6/EUCLID AVE & 6TH AVE,Collision with:  Vehicle in traffic,On Roadway,"Sideswipe, same direction",Made improper turn,None Indicated,,Daylight,Dry,Cloudy,None apparent,Intersection:  Four-way intersection,Paved,,Property Damage Only,0,0,0,0,0,0,4500,2,3,,POINT (-93.624762711677 41.627681860805)
2014832214,14-051350,12/08/2014,12-December,2-Monday,08:40,0800 Hours,District 4 (Southwest),COUNCIL BLUFFS,POTTAWATTAMIE,,MANAWA CENTRE DR,Collision with:  Vehicle in traffic,On Roadway,Broadside (front to side),Ran Stop Sign,None Indicated,,Daylight,Dry,Clear,None apparent,Intersection:  Four-way intersection,Paved,,Property Damage Only,0,0,0,0,0,0,8000,3,3,,POINT (-95.847512319399 41.227197493647)
2014832572,2014-83891,12/08/2014,12-December,2-Monday,16:14,1600 Hours,District 6 (East Central),DAVENPORT,SCOTT,,EDGEWILD DR & JERSEY RIDGE RD,Collision with:  Vehicle in traffic,On Roadway,Broadside (front to side),FTYROW:  From stop sign,None Indicated,,Dark - roadway not lighted,Dry,Cloudy,None apparent,Intersection:  T-intersection,Paved,,Property Damage Only,0,0,0,0,0,0,10000,2,2,,POINT (-90.541592615729 41.56399824188)
2014833521,14-017752,12/08/2014,12-December,2-Monday,09:31,0900 Hours,District 2 (Northeast),,FAYETTE,,I AVE,Collision with fixed object:  Ditch,On Roadway,Non-collision (single vehicle),Driving too fast for conditions,None Indicated,,Daylight,Ice/frost,"Sleet, hail","Surface condition (e.g., wet, icy)",Non-intersection:  Non-junction/no special feature,Paved,,Property Damage Only,0,0,0,0,0,0,14100,1,1,,POINT (-91.764882884438 42.893282489797)
2014832553,20140036362,12/08/2014,12-December,2-Monday,18:47,1800 Hours,District 1 (Central),DES MOINES,POLK,,HICKMAN RD & 23RD ST,Collision with:  Vehicle in traffic,On Roadway,Rear-end (front to rear),Followed too close,None Indicated,,Dark - roadway lighted,Dry,Clear,None apparent,Intersection:  T-intersection,Paved,,Property Damage Only,0,0,0,0,0,0,3000,2,2,,POINT (-93.648177562742 41.615023209933)
2014832550,20140036344,12/08/2014,12-December,2-Monday,15:50,1500 Hours,District 1 (Central),DES MOINES,POLK,US 6,US 6/E EUCLID AVE & DELAWARE AVE,Collision with:  Vehicle in traffic,On Roadway,"Sideswipe, same direction",Unknown,None Indicated,,Dusk,Dry,Clear,Other (explain in narrative),Intersection:  Four-way intersection,Paved,,Property Damage Only,0,0,0,0,0,0,6400,2,2,,POINT (-93.581341505265 41.627747522569)
2014832517,2014-83827,12/08/2014,12-December,2-Monday,10:56,1000 Hours,District 6 (East Central),DAVENPORT,SCOTT,,IA 461/BRADY ST,Collision with:  Vehicle in traffic,On Roadway,Rear-end (front to rear),Followed too close,None Indicated,,Daylight,Wet,Cloudy,None apparent,Non-intersection:  Non-junction/no special feature,Paved,,Property Damage Only,0,0,0,0,0,0,2100,2,3,,POINT (-90.56828789774 41.559486639703)
2014844855,,12/08/2014,12-December,2-Monday,15:17,1500 Hours,District 4 (Southwest),,MADISON,US 169,US 169 & Co Rd G53/265TH ST,Collision with:  Animal,On Roadway,Non-collision (single vehicle),Animal,None Indicated,,,,,,,Paved,,Property Damage Only,0,0,0,0,0,0,3000,1,1,,POINT (-94.042022510896 41.265290316168)
2014832896,14-017747,12/08/2014,12-December,2-Monday,03:52,0300 Hours,District 2 (Northeast),,CLAYTON,,130TH ST & A AVE & 280TH ST,Collision with fixed object:  Ditch,On Roadway,Non-collision (single vehicle),Ran off road - right,None Indicated,,Dark - roadway not lighted,Ice/frost,"Sleet, hail","Surface condition (e.g., wet, icy)",Intersection:  T-intersection,Unpaved,,Property Damage Only,0,0,0,0,0,0,3500,1,1,,POINT (-91.605632648148 43.036541201186)
2014832552,20140036359,12/08/2014,12-December,2-Monday,18:10,1800 Hours,District 1 (Central),DES MOINES,POLK,,E OVID AVE & WRIGHT ST,Collision with:  Vehicle in traffic,On Roadway,Broadside (front to side),FTYROW:  From stop sign,None Indicated,,Dark - roadway lighted,Dry,Cloudy,None apparent,Intersection:  Four-way intersection,Paved,,Property Damage Only,0,0,0,0,0,0,1500,2,3,,POINT (-93.607230754932 41.625893305139)
2014836731,14-108,12/08/2014,12-December,2-Monday,11:45,1100 Hours,District 3 (Northwest),SIOUX CENTER,SIOUX,US 75,US 75/MAIN AVE & 10TH ST SW & 10TH ST SE,Collision with:  Vehicle in traffic,On Roadway,Rear-end (front to rear),Followed too close,None Indicated,,Daylight,Dry,Cloudy,None apparent,Intersection:  Four-way intersection,Paved,,Property Damage Only,0,0,0,0,0,0,4000,2,2,,POINT (-96.175415152226 43.068800189517)
2014832558,14-6224,12/08/2014,12-December,2-Monday,17:12,1700 Hours,District 1 (Central),WEST DES MOINES,POLK,,50TH ST,Collision with:  Vehicle in traffic,On Roadway,Rear-end (front to rear),Followed too close,None Indicated,,Dark - roadway lighted,Dry,Clear,None apparent,Non-intersection:  Non-junction/no special feature,Paved,,Property Damage Only,0,0,0,0,0,0,4200,3,3,,POINT (-93.771111384865 41.591151864014)
2014832593,14-43470,12/08/2014,12-December,2-Monday,17:50,1700 Hours,District 5 (Southeast),BURLINGTON,DES MOINES,,AGENCY ST,Collision with:  Vehicle in traffic,On Roadway,Broadside (front to side),FTYROW:  Making left turn,None Indicated,,Dark - roadway lighted,Dry,Cloudy,None apparent,Non-intersection:  Driveway access (within),Paved,,Property Damage Only,0,0,0,0,0,0,3000,2,4,,POINT (-91.140023650697 40.814782199793)
2014832626,2014-040357,12/08/2014,12-December,2-Monday,17:25,1700 Hours,District 6 (East Central),DUBUQUE,DUBUQUE,,KAUFMANN AVE & CARTER RD,Collision with:  Vehicle in traffic,On Roadway,Broadside (front to side),Ran Stop Sign,None Indicated,,Dark - roadway lighted,Dry,Clear,None apparent,Intersection:  Four-way intersection,Paved,,Property Damage Only,0,0,0,0,0,0,7000,2,2,,POINT (-90.710542694224 42.514435372817)
2014832629,2014-40353,12/08/2014,12-December,2-Monday,16:35,1600 Hours,District 6 (East Central),DUBUQUE,DUBUQUE,,E 32ND ST,Collision with:  Vehicle in traffic,On Roadway,Broadside (front to side),Traveling wrong way or on wrong side of road,None Indicated,,Dark - roadway lighted,Dry,Clear,None apparent,Non-intersection:  Non-junction/no special feature,Paved,,Property Damage Only,0,0,0,0,0,0,7000,2,2,,POINT (-90.680524671516 42.528933158397)
2014833171,2014068203,12/08/2014,12-December,2-Monday,07:15,0700 Hours,District 5 (Southeast),,WASHINGTON,US 218,US 218,Collision with:  Animal,,,Animal,None Indicated,,,,,,,Paved,,Property Damage Only,0,0,0,0,0,0,4000,1,1,,POINT (-91.550373036209 41.41101340838)
2014832623,2014-040337,12/08/2014,12-December,2-Monday,09:05,0900 Hours,District 6 (East Central),DUBUQUE,DUBUQUE,US 20,US 20/DODGE ST & CEDAR CROSS RD,Collision with:  Vehicle in traffic,On Roadway,Rear-end (front to rear),Lost Control,None Indicated,,Daylight,Wet,Cloudy,None apparent,Non-intersection:  Non-junction/no special feature,Paved,,Property Damage Only,0,0,0,0,0,0,1600,2,2,,POINT (-90.714649431591 42.492265436457)
2014832854,2014-7176,12/08/2014,12-December,2-Monday,13:41,1300 Hours,District 1 (Central),,HARDIN,,M AVE & 250TH ST,Collision with:  Vehicle in traffic,On Roadway,Broadside (front to side),FTYROW:  At uncontrolled intersection,None Indicated,,Daylight,Wet,Cloudy,None apparent,Intersection:  Four-way intersection,Unpaved,,Major Injury,0,1,1,0,0,0,26000,2,2,,POINT (-93.251200052559 42.339038958688)
2014833116,14-37430,12/08/2014,12-December,2-Monday,17:55,1700 Hours,District 5 (Southeast),FORT MADISON,LEE,,BUS US 61,Collision with:  Animal,,,Animal,None Indicated,,,,,,,Paved,,Property Damage Only,0,0,0,0,0,0,3500,1,1,,POINT (-91.288974816296 40.6475203658)
2014832633,S14-004843,12/08/2014,12-December,2-Monday,06:41,0600 Hours,District 4 (Southwest),,POTTAWATTAMIE,,Co Rd G36/BADGER AVE,Collision with fixed object:  Utility pole/light support,Roadside,Non-collision (single vehicle),Ran off road - right,None Indicated,,Dark - roadway not lighted,Ice/frost,"Sleet, hail",None apparent,Non-intersection:  Non-junction/no special feature,Paved,,Possible/Unknown,0,1,0,0,1,0,3000,1,1,,POINT (-95.82594239597 41.359600230831)
2014833716,14-017754,12/08/2014,12-December,2-Monday,10:12,1000 Hours,District 2 (Northeast),,FAYETTE,US 18,US 18/HARDING RD,Collision with:  Animal,,,Animal,None Indicated,,,,,,,Paved,,Property Damage Only,0,0,0,0,0,0,5000,1,1,,POINT (-91.645353289057 43.009355348942)
2014832617,1412082511,12/08/2014,12-December,2-Monday,18:55,1800 Hours,District 6 (East Central),DE WITT,CLINTON,US 30,US 30 & 300 AVE,Collision with:  Animal,,,Animal,None Indicated,,,,,,,Paved,,Property Damage Only,0,0,0,0,0,0,3000,1,1,,POINT (-90.510112735678 41.807567717816)
2014832874,14-005312,12/08/2014,12-December,2-Monday,14:54,1400 Hours,District 1 (Central),ANKENY,POLK,,NW STATE ST,Collision with:  Vehicle in traffic,On Roadway,Rear-end (front to rear),Followed too close,None Indicated,,Daylight,Dry,Clear,None apparent,Intersection:  Four-way intersection,Paved,,Property Damage Only,0,0,0,0,0,0,1500,2,2,,POINT (-93.621554096614 41.732217747498)
2014833518,14-005316,12/08/2014,12-December,2-Monday,17:34,1700 Hours,District 1 (Central),ANKENY,POLK,,W 1ST ST & NW ASH DR & SW CHERRY ST,Collision with:  Vehicle in traffic,On Roadway,Rear-end (front to rear),Driving too fast for conditions,None Indicated,,Dark - roadway lighted,Dry,Clear,None apparent,Intersection:  Four-way intersection,Paved,,Possible/Unknown,0,1,0,0,1,0,7500,4,7,,POINT (-93.607230154004 41.731907034617)
2014832321,14-051342,12/08/2014,12-December,2-Monday,06:48,0600 Hours,District 4 (Southwest),COUNCIL BLUFFS,POTTAWATTAMIE,,MADISON AVE,Collision with:  Vehicle in traffic,On Roadway,"Sideswipe, same direction",Unknown,None Indicated,,Dawn,Dry,Clear,None apparent,Interchange-related:  On-ramp merge area,Paved,,Property Damage Only,0,0,0,0,0,0,2500,2,2,,POINT (-95.823695269383 41.242023610597)
2014832539,2014013621,12/08/2014,12-December,2-Monday,15:18,1500 Hours,District 6 (East Central),IOWA CITY,JOHNSON,,S CAPITOL ST,Collision with:  Vehicle in traffic,On Roadway,Rear-end (front to rear),Followed too close,None Indicated,,Daylight,Dry,Cloudy,None apparent,Intersection:  Four-way intersection,Paved,,Minor Injury,0,1,0,1,0,0,8000,2,2,,POINT (-91.536246108895 41.651169494328)
2014854627,14680916,12/08/2014,12-December,2-Monday,17:44,1700 Hours,District 5 (Southeast),,MONROE,IA 137,IA 137/IOWA 137 & Co Rd H16/734TH AVE,Collision with:  Vehicle in traffic,On Roadway,Broadside (front to side),FTYROW:  From stop sign,None Indicated,,Dark - roadway lighted,Dry,Clear,None apparent,Intersection:  Four-way intersection,Paved,,Possible/Unknown,0,1,0,0,1,0,12000,2,2,,POINT (-92.649818339209 41.145452855709)
2014834015,2014068189,12/08/2014,12-December,2-Monday,07:00,0700 Hours,District 5 (Southeast),,VAN BUREN,,Co Rd J40/RTE J40 & FIR AVE,Collision with:  Animal,,,Animal,None Indicated,,,,,,,Paved,,Property Damage Only,0,0,0,0,0,0,7000,1,1,,POINT (-92.072585980687 40.725623786611)
2014832527,149535,12/08/2014,12-December,2-Monday,05:55,0500 Hours,District 4 (Southwest),,DALLAS,IA 141,IA 141/141ST ST,Collision with fixed object:  Ditch,On Roadway,Non-collision (single vehicle),Ran off road - right,None Indicated,,Dark - roadway not lighted,Wet,Clear,None apparent,Non-intersection:  Non-junction/no special feature,Paved,,Possible/Unknown,0,1,0,0,1,0,3500,1,1,,POINT (-93.995185371794 41.834942335767)
2014832445,14-001797,12/08/2014,12-December,2-Monday,02:35,0200 Hours,District 1 (Central),AMES,STORY,,PAMMEL DR,Collision with fixed object:  Curb/island/raised median,On Roadway,Non-collision (single vehicle),Driving too fast for conditions,None Indicated,,Dark - roadway lighted,Wet,Rain,"Surface condition (e.g., wet, icy)",Non-intersection:  Non-junction/no special feature,Paved,,Minor Injury,0,1,0,1,0,0,5000,1,1,,POINT (-93.655082421716 42.030003119568)
2014832661,120814-151,12/08/2014,12-December,2-Monday,15:46,1500 Hours,District 3 (Northwest),STORM LAKE,BUENA VISTA,IA 7,IA 7/MILWAUKEE AVE,Collision with:  Vehicle in traffic,On Roadway,Rear-end (front to rear),Followed too close,None Indicated,,Daylight,Dry,Clear,None apparent,Non-intersection:  Non-junction/no special feature,Paved,,Minor Injury,0,1,0,1,0,0,1500,2,3,,POINT (-95.19897769464 42.64747660488)
2014832622,2014-040336,12/08/2014,12-December,2-Monday,09:16,0900 Hours,District 6 (East Central),DUBUQUE,DUBUQUE,US 20,US 20/DODGE ST & IA 32/IA32 NW ARTERIAL,Collision with:  Vehicle in traffic,On Roadway,"Sideswipe, same direction",Ran off road - straight,None Indicated,,Daylight,Wet,Cloudy,None apparent,Intersection:  Four-way intersection,Paved,,Possible/Unknown,0,1,0,0,1,0,5400,2,2,,POINT (-90.739022103085 42.488552633559)
2014832583,143733,12/08/2014,12-December,2-Monday,19:56,1900 Hours,District 3 (Northwest),DENISON,CRAWFORD,US 30,US 30 & OPPORTUNITY DR,Collision with:  Animal,,,Animal,None Indicated,,,,,,,Paved,,Property Damage Only,0,0,0,0,0,0,4500,1,1,,POINT (-95.325102826793 42.015612385725)
2014833057,201418264,12/08/2014,12-December,2-Monday,16:43,1600 Hours,District 6 (East Central),CEDAR RAPIDS,LINN,,GLASS RD NE,Collision with:  Vehicle in traffic,On Roadway,"Sideswipe, opposite direction",Crossed centerline (undivided),None Indicated,,Dusk,Wet,Rain,None apparent,Non-intersection:  Non-junction/no special feature,Paved,,Minor Injury,0,1,0,1,0,0,9000,2,2,,POINT (-91.690824187877 42.018155463325)
2014832634,20140036334,12/08/2014,12-December,2-Monday,14:58,1400 Hours,District 1 (Central),DES MOINES,POLK,,GRAND AVE & 10TH ST,Collision with:  Vehicle in traffic,On Roadway,Broadside (front to side),Ran Traffic Signal,None Indicated,,Daylight,Dry,Cloudy,None apparent,Intersection:  Four-way intersection,Paved,,Possible/Unknown,0,1,0,0,1,0,8000,2,3,,POINT (-93.630198206155 41.586705367533)
2014832618,1412082512,12/08/2014,12-December,2-Monday,18:50,1800 Hours,District 6 (East Central),DE WITT,CLINTON,US 30,US 30 & 300 AVE,Collision with:  Animal,,,Animal,None Indicated,,,,,,,Paved,,Property Damage Only,0,0,0,0,0,0,9000,1,1,,POINT (-90.510112735678 41.807567717816)
2014832556,20140036366,12/08/2014,12-December,2-Monday,18:30,1800 Hours,District 1 (Central),DES MOINES,POLK,,FLEUR DR,Collision with:  Vehicle in traffic,On Roadway,"Sideswipe, same direction",Swerving/Evasive Action,None Indicated,,Dark - roadway lighted,Dry,Cloudy,None apparent,Non-intersection:  Non-junction/no special feature,Paved,,Property Damage Only,0,0,0,0,0,0,2750,2,3,,POINT (-93.645013352975 41.547963963254)
2014832666,14-2735,12/08/2014,12-December,2-Monday,17:59,1700 Hours,District 1 (Central),URBANDALE,POLK,I-35,I-35,Collision with:  Vehicle in traffic,On Roadway,Rear-end (front to rear),Followed too close,None Indicated,,Dark - roadway lighted,Dry,Clear,None apparent,Non-intersection:  Non-junction/no special feature,Paved,,Property Damage Only,0,0,0,0,0,0,5000,2,2,,POINT (-93.777007259346 41.642552123223)
2014832439,W14-119722,12/08/2014,12-December,2-Monday,12:24,1200 Hours,District 2 (Northeast),WATERLOO,BLACK HAWK,,ANSBOROUGH AVE,Collision with:  Vehicle in traffic,On Roadway,Broadside (front to side),FTYROW:  Making left turn,None Indicated,,Daylight,Dry,Cloudy,None apparent,Non-intersection:  Other non-intersection (explain in narrative),Paved,,Property Damage Only,0,0,0,0,0,0,12000,3,3,,POINT (-92.37662815869 42.471988853355)
2014834583,14-184,12/08/2014,12-December,2-Monday,05:30,0500 Hours,District 4 (Southwest),,HARRISON,US 30,US 30,Collision with:  Animal,,,Animal,None Indicated,,,,,,,Paved,,Property Damage Only,0,0,0,0,0,0,2500,1,1,,POINT (-95.703077626333 41.705905328159)
2014833252,,12/08/2014,12-December,2-Monday,18:00,1800 Hours,District 4 (Southwest),,CASS,IA 92,IA 92/TUCSON RD,Collision with:  Animal,On Roadway,Non-collision (single vehicle),Animal,None Indicated,,Dark - roadway not lighted,Dry,Clear,,Non-intersection:  Non-junction/no special feature,Paved,,Property Damage Only,0,0,0,0,0,0,1500,1,1,,POINT (-95.094575915605 41.231295967697)
2014832185,14-3930,12/08/2014,12-December,2-Monday,11:15,1100 Hours,District 1 (Central),FORT DODGE,WEBSTER,,1ST AVE S,Collision with:  Vehicle in traffic,On Roadway,Rear-end (front to rear),Driver Distraction:  Manual operation of an electronic communication device,None Indicated,,Daylight,Dry,Cloudy,None apparent,Intersection:  Four-way intersection,Paved,,Property Damage Only,0,0,0,0,0,0,2000,2,2,,POINT (-94.177337368902 42.505100817775)
2014832575,20140036330,12/08/2014,12-December,2-Monday,03:00,0300 Hours,District 1 (Central),DES MOINES,POLK,US 69,US 69/SE 14TH ST,Collision with fixed object:  Utility pole/light support,Shoulder,Non-collision (single vehicle),Lost Control,None Indicated,,Unknown,Dry,Clear,None apparent,Non-intersection:  Non-junction/no special feature,Paved,,Property Damage Only,0,0,0,0,0,0,3000,1,1,,POINT (-93.596785719528 41.52413875326)
2014832438,W14-119644,12/08/2014,12-December,2-Monday,07:10,0700 Hours,District 2 (Northeast),WATERLOO,BLACK HAWK,US 20,US 20,Collision with:  Animal,On Roadway,Non-collision (single vehicle),Animal,None Indicated,,Dawn,Wet,Rain,None apparent,Non-intersection:  Non-junction/no special feature,Paved,,Property Damage Only,0,0,0,0,0,0,2000,1,1,,POINT (-92.326521753422 42.452594893621)
2014832982,2014013617,12/08/2014,12-December,2-Monday,13:16,1300 Hours,District 6 (East Central),IOWA CITY,JOHNSON,,E COLLEGE ST & S GILBERT ST,Collision with:  Vehicle in traffic,On Roadway,Rear-end (front to rear),Followed too close,None Indicated,,Daylight,Wet,Cloudy,None apparent,Non-intersection:  Non-junction/no special feature,Paved,,Property Damage Only,0,0,0,0,0,0,5000,2,3,,POINT (-91.530149110269 41.658936649231)
2014833010,,12/08/2014,12-December,2-Monday,17:10,1700 Hours,District 6 (East Central),,JOHNSON,,180TH ST,Collision with:  Animal,On Roadway,Non-collision (single vehicle),Animal,None Indicated,,Dark - roadway not lighted,"Mud, dirt",Snow,,Non-intersection:  Driveway access (within),Unpaved,,Property Damage Only,0,0,0,0,0,0,4024,1,1,,POINT (-91.384828517354 41.807532578868)