Iowa DOT Case Number,Law Enforcement Case Number,Date of Crash,Month of Crash,Day of Week,Time of Crash,Hour,DOT District,City Name,County Name,Route with System,Location Description,First Harmful Event,Location of First Harmful Event,Manner of Crash/Collision,Major Cause,Drug or Alcohol ,Environmental Conditions,Light Conditions,Surface Conditions,Weather Conditions,Roadway Contribution,Roadway Type,Roadway Surface,Work Zone,Crash Severity,Number of Fatalities,Number of Injuries,Number of Major Injuries,Number of Minor Injuries,Number of Possible Injuries,Number of Unknown Injuries,Amount of Property Damage,Number of Vehicles Involved,Total Number of Occupants,Travel Direction,Location
2014832974,14-40232,12/09/2014,12-December,3-Tuesday,18:49,1800 Hours,District 3 (Northwest),SIOUX CITY,WOODBURY,,COOK DR & HAMILTON BLVD & W 28TH ST,Collision with:  Vehicle in traffic,On Roadway,Rear-end (front to rear),Driver Distraction:  Inattentive/lost in thought,None Indicated,,Dark - roadway lighted,Dry,Clear,None apparent,Intersection:  Four-way intersection,Paved,,Property Damage Only,0,0,0,0,0,0,2500,2,3,,POINT (-96.417594231899 42.518801976114)
2014836842,391214-2792,12/09/2014,12-December,3-Tuesday,17:10,1700 Hours,District 4 (Southwest),,GUTHRIE,,Co Rd P28/WAGON RD & 230TH ST,Collision with:  Animal,,Non-collision (single vehicle),Animal,None Indicated,,,,,,,Paved,,Property Damage Only,0,0,0,0,0,0,3000,1,1,,POINT (-94.357397243252 41.673776244304)
2014832950,PD14-11838,12/09/2014,12-December,3-Tuesday,17:07,1700 Hours,District 1 (Central),MARSHALLTOWN,MARSHALL,IA 14,IA 14/S CENTER ST & W INGLEDUE ST & E INGLEDUE ST,Collision with:  Vehicle in traffic,On Roadway,Rear-end (front to rear),Driver Distraction:  Passenger,None Indicated,,Dark - roadway lighted,Dry,Clear,None apparent,Non-intersection:  Non-junction/no special feature,Paved,,Possible/Unknown,0,1,0,0,1,0,9000,4,10,,POINT (-92.91271620888 42.032118503122)
2014832744,20140036449,12/09/2014,12-December,3-Tuesday,16:00,1600 Hours,District 1 (Central),DES MOINES,POLK,US 69,US 69/SE 14TH ST,Collision with:  Vehicle in traffic,On Roadway,Rear-end (front to rear),Followed too close,None Indicated,,Dusk,Dry,Clear,None apparent,Non-intersection:  Non-junction/no special feature,Paved,,Property Damage Only,0,0,0,0,0,0,3500,2,5,,POINT (-93.596790319104 41.528552331799)
2014834384,2014013650,12/09/2014,12-December,3-Tuesday,21:57,2100 Hours,District 6 (East Central),IOWA CITY,JOHNSON,,N GILBERT ST,Collision with:  Vehicle in traffic,Outside trafficway,"Sideswipe, same direction",Unknown,None Indicated,,Dark - roadway lighted,Dry,Cloudy,None apparent,Non-intersection:  Non-junction/no special feature,Paved,,Property Damage Only,0,0,0,0,0,0,4000,2,1,,POINT (-91.53010226124 41.666276630847)
2014832578,20140036403,12/09/2014,12-December,3-Tuesday,08:26,0800 Hours,District 1 (Central),DES MOINES,POLK,,HICKMAN RD & MLK JR PKWY,Collision with:  Vehicle in traffic,On Roadway,"Sideswipe, same direction",Improper or erratic lane changing,None Indicated,,Daylight,Dry,Clear,None apparent,Non-intersection:  Non-junction/no special feature,Paved,,Property Damage Only,0,0,0,0,0,0,4000,2,2,,POINT (-93.646461472405 41.615050886462)
2014832630,BD120914-1,12/09/2014,12-December,3-Tuesday,03:55,0300 Hours,District 5 (Southeast),,CLARKE,I-35,I-35,Collision with:  Animal,On Roadway,Non-collision (single vehicle),Animal,None Indicated,,Dark - roadway not lighted,Dry,Clear,None apparent,Non-intersection:  Non-junction/no special feature,Paved,,Property Damage Only,0,0,0,0,0,0,7000,1,1,,POINT (-93.783261359527 41.050963479359)
2014832718,PD14-11835,12/09/2014,12-December,3-Tuesday,16:15,1600 Hours,District 1 (Central),MARSHALLTOWN,MARSHALL,,W SOUTHRIDGE RD,Collision with:  Vehicle in traffic,On Roadway,Rear-end (front to rear),Other (explain in narrative):  Other,None Indicated,,Daylight,Dry,Clear,None apparent,Intersection:  Four-way intersection,Paved,,Property Damage Only,0,0,0,0,0,0,4500,2,2,,POINT (-92.913146289922 42.017915378)
2014832574,2014-84075,12/09/2014,12-December,3-Tuesday,10:59,1000 Hours,District 6 (East Central),DAVENPORT,SCOTT,US 67,US 67/NW RAMP & W 2ND ST & BROWN ST,Collision with:  Vehicle in traffic,On Roadway,Broadside (front to side),FTYROW:  From stop sign,None Indicated,,Daylight,Dry,Clear,None apparent,Intersection:  Four-way intersection,Paved,,Possible/Unknown,0,1,0,0,1,0,9000,2,3,,POINT (-90.584459233075 41.521298255117)
2014833120,14037500,12/09/2014,12-December,3-Tuesday,12:12,1200 Hours,District 5 (Southeast),,LEE,IA 16,IA 16/IOWA 16,Collision with:  Animal,,,Animal,None Indicated,,,,,,,Paved,,Property Damage Only,0,0,0,0,0,0,2000,1,1,,POINT (-91.320852350003 40.740664076194)
2014832610,14-3939,12/09/2014,12-December,3-Tuesday,01:00,0100 Hours,District 1 (Central),FORT DODGE,WEBSTER,,5TH AVE N,Collision with:  Parked motor vehicle,On Roadway,Rear-end (front to rear),Unknown,None Indicated,,Dark - roadway lighted,Dry,Clear,None apparent,Non-intersection:  Non-junction/no special feature,Paved,,Property Damage Only,0,0,0,0,0,0,4500,2,1,,POINT (-94.185824168008 42.510434737524)
2014832765,14-8096,12/09/2014,12-December,3-Tuesday,14:46,1400 Hours,District 1 (Central),CARLISLE,POLK,US 65,US 65/SPEC CASE,Non-collision events:  Overturn/rollover,On Roadway,Non-collision (single vehicle),Over correcting/over steering,None Indicated,,Daylight,Dry,Clear,None apparent,Interchange-related:  On-ramp merge area,Paved,,Possible/Unknown,0,1,0,0,1,0,3000,1,1,,POINT (-93.52991050442 41.513044993276)
2014832656,14-8101,12/09/2014,12-December,3-Tuesday,17:28,1700 Hours,District 1 (Central),DES MOINES,POLK,IA 28,IA 28/MERLE HAY RD,Collision with:  Vehicle in traffic,On Roadway,Rear-end (front to rear),Driver Distraction:  Manual operation of an electronic communication device,None Indicated,,Dark - roadway lighted,Dry,Clear,None apparent,Intersection:  Four-way intersection,Paved,,Possible/Unknown,0,1,0,0,1,0,1700,2,4,,POINT (-93.697669074365 41.651113445511)
2014873376,AC-14-0061,12/09/2014,12-December,3-Tuesday,18:35,1800 Hours,District 6 (East Central),MONTICELLO,JONES,,W 1ST ST & S CHESTNUT ST & N CHESTNUT ST,Collision with:  Vehicle in traffic,On Roadway,Rear-end (front to rear),Followed too close,None Indicated,,Dark - roadway lighted,Dry,Clear,None apparent,Non-intersection:  Non-junction/no special feature,Paved,,Property Damage Only,0,0,0,0,0,0,14500,2,4,,POINT (-91.192088826828 42.238045565917)
2014833196,2014-84112,12/09/2014,12-December,3-Tuesday,14:20,1400 Hours,District 6 (East Central),DAVENPORT,SCOTT,US 6,US 6/E KIMBERLY RD & EASTERN AVE,Collision with:  Vehicle in traffic,On Roadway,"Sideswipe, same direction",Swerving/Evasive Action,None Indicated,,Daylight,Dry,Cloudy,None apparent,Intersection:  Four-way intersection,Paved,,Property Damage Only,0,0,0,0,0,0,7000,2,2,,POINT (-90.551358205899 41.556902585581)
2014833540,N14000676,12/09/2014,12-December,3-Tuesday,17:11,1700 Hours,District 6 (East Central),NORTH LIBERTY,JOHNSON,,Co Rd F28/250TH ST,Collision with:  Vehicle in traffic,On Roadway,Rear-end (front to rear),Followed too close,None Indicated,,Dusk,Dry,Clear,None apparent,Non-intersection:  Non-junction/no special feature,Paved,,Possible/Unknown,0,2,0,0,2,0,8500,2,2,,POINT (-91.639983891248 41.752455912875)
2014832761,20140036447,12/09/2014,12-December,3-Tuesday,15:55,1500 Hours,District 1 (Central),DES MOINES,POLK,,E UNIVERSITY AVE & YORK ST,Collision with:  Vehicle in traffic,On Roadway,Head-on (front to front),Crossed centerline (undivided),None Indicated,,Dusk,Dry,Cloudy,None apparent,Intersection:  Four-way intersection,Paved,,Property Damage Only,0,0,0,0,0,0,2000,2,3,,POINT (-93.601929052635 41.600538852297)
2014833259,,12/09/2014,12-December,3-Tuesday,05:24,0500 Hours,District 5 (Southeast),FORT MADISON,LEE,,AVE L & O AVE NW & EDGEWOOD RD NW & 27TH ST,Collision with:  Vehicle in traffic,On Roadway,Broadside (front to side),Ran Traffic Signal,None Indicated,,Dark - roadway lighted,Dry,Cloudy,None apparent,Intersection:  T-intersection,Paved,,Possible/Unknown,0,2,0,0,2,0,2000,2,3,,POINT (-91.344311682024 40.62697775461)
2014832564,2014-1966,12/09/2014,12-December,3-Tuesday,15:35,1500 Hours,District 1 (Central),JEFFERSON,GREENE,IA 4,IA 4/N AVE & Co Rd E33/190TH,Collision with fixed object:  Ditch,On Roadway,Non-collision (single vehicle),Swerving/Evasive Action,None Indicated,,Daylight,Dry,Clear,None apparent,Non-intersection:  Non-junction/no special feature,Paved,,Property Damage Only,0,0,0,0,0,0,4000,1,2,,POINT (-94.378565567557 42.078072552104)
2014832865,14120169,12/09/2014,12-December,3-Tuesday,16:54,1600 Hours,District 5 (Southeast),,WAPELLO,US 34,US 34,Collision with:  Animal,,,Animal,None Indicated,,,,,,,Paved,,Property Damage Only,0,0,0,0,0,0,1500,1,1,,POINT (-92.572291459181 41.009178042381)
2014832655,14-001801,12/09/2014,12-December,3-Tuesday,12:55,1200 Hours,District 1 (Central),AMES,STORY,,CHRISTENSEN DR & S 16TH ST,Collision with:  Vehicle in traffic,On Roadway,Rear-end (front to rear),Equipment failure,None Indicated,,Daylight,Dry,Cloudy,None apparent,Intersection:  T-intersection,Paved,,Minor Injury,0,1,0,1,0,0,10500,2,2,,POINT (-93.63206137862 42.009678261229)
2014833796,2014004527,12/09/2014,12-December,3-Tuesday,02:51,0200 Hours,District 6 (East Central),,LINN,I-380,I-380,Collision with:  Animal,,,Animal,None Indicated,,,,,,,Paved,,Property Damage Only,0,0,0,0,0,0,5000,1,1,,POINT (-91.811467603188 42.191146374354)
2014832748,14-002781,12/09/2014,12-December,3-Tuesday,22:37,2200 Hours,District 1 (Central),ALTOONA,POLK,,ADVENTURELAND DR,Collision with fixed object:  Utility pole/light support,On Roadway,Non-collision (single vehicle),Driver Distraction:  Inattentive/lost in thought,None Indicated,,Dark - roadway lighted,Dry,Clear,None apparent,Non-intersection:  Non-junction/no special feature,Paved,,Property Damage Only,0,0,0,0,0,0,13000,1,1,,POINT (-93.491934478525 41.658510121984)
2014834449,14-005335,12/09/2014,12-December,3-Tuesday,18:06,1800 Hours,District 1 (Central),ANKENY,POLK,,NW ARLAN DR & NW 30TH CT,Collision with:  Other non-fixed object (explain in narrative),On Roadway,Non-collision (single vehicle),Other (explain in narrative):  No improper action,None Indicated,,Dark - roadway not lighted,Dry,Clear,None apparent,Non-intersection:  Non-junction/no special feature,Paved,,Property Damage Only,0,0,0,0,0,0,3500,1,2,,POINT (-93.622588476727 41.755900580838)
2014833254,,12/09/2014,12-December,3-Tuesday,17:30,1700 Hours,District 1 (Central),,WEBSTER,,220TH ST,Collision with:  Animal,On Roadway,Non-collision (single vehicle),Animal,None Indicated,,Dark - roadway not lighted,Dry,Cloudy,,Non-intersection:  Non-junction/no special feature,Paved,,Property Damage Only,0,0,0,0,0,0,4500,1,1,,POINT (-94.138491692806 42.472496316107)
2014833009,,12/09/2014,12-December,3-Tuesday,17:00,1700 Hours,District 6 (East Central),CEDAR RAPIDS,LINN,,MOUNT VERNON RD SE & EAST POST RD SE,Collision with:  Vehicle in traffic,On Roadway,"Angle, oncoming left turn",Unknown,None Indicated,,Dark - roadway lighted,Dry,Clear,,Intersection:  T-intersection,Paved,,Property Damage Only,0,0,0,0,0,0,4437,2,4,,POINT (-91.606009654903 41.976862039654)
2014832859,14-2740,12/09/2014,12-December,3-Tuesday,08:20,0800 Hours,District 1 (Central),URBANDALE,POLK,I-35,I-35,Collision with:  Vehicle in traffic,On Roadway,"Sideswipe, same direction",Followed too close,None Indicated,,Daylight,Dry,Clear,None apparent,Non-intersection:  Non-junction/no special feature,Paved,,Property Damage Only,0,0,0,0,0,0,2000,2,2,,POINT (-93.776950456153 41.634824382495)
2014832770,120914-47,12/09/2014,12-December,3-Tuesday,07:30,0700 Hours,District 3 (Northwest),,BUENA VISTA,,Co Rd M27/20TH AVE,Collision with:  Animal,On Roadway,Non-collision (single vehicle),Animal,None Indicated,,Daylight,Dry,Cloudy,None apparent,Non-intersection:  Non-junction/no special feature,Paved,,Possible/Unknown,0,1,0,0,0,1,3000,1,1,,POINT (-95.368006473324 42.884688265172)
2014833004,,12/09/2014,12-December,3-Tuesday,12:50,1200 Hours,District 6 (East Central),CAMANCHE,CLINTON,,,Collision with fixed object:  Mailbox,On Roadway,Non-collision (single vehicle),Ran off road - right,None Indicated,,Daylight,Dry,Cloudy,None apparent,Non-intersection:  Non-junction/no special feature,,,Property Damage Only,0,0,0,0,0,0,1550,1,1,,POINT (-96.643700149993 40.233091251414)
2014832763,20140036453,12/09/2014,12-December,3-Tuesday,17:00,1700 Hours,District 1 (Central),DES MOINES,POLK,,E WALNUT ST,Non-collision events:  Other non-collision (explain in narrative),On Roadway,Non-collision (single vehicle),Other (explain in narrative):  Other,Alcohol (Statutory),,Dark - roadway lighted,Dry,Clear,None apparent,Non-intersection:  Non-junction/no special feature,Paved,,Property Damage Only,0,0,0,0,0,0,10100,1,1,,POINT (-93.614194214403 41.588016962928)
2014833156,2014-84077,12/09/2014,12-December,3-Tuesday,10:00,1000 Hours,District 6 (East Central),DAVENPORT,SCOTT,,E RUSHOLME ST,Collision with fixed object:  Other fixed object (explain in narrative),Outside trafficway,Non-collision (single vehicle),Other (explain in narrative):  Other,None Indicated,,Daylight,Dry,Cloudy,None apparent,Non-intersection:  Non-junction/no special feature,Paved,,Property Damage Only,0,0,0,0,0,0,3000,1,1,,POINT (-90.556985117642 41.54281027716)
2014832796,14S01936,12/09/2014,12-December,3-Tuesday,16:09,1600 Hours,District 4 (Southwest),,UNION,,PHEASANT AVE,Non-collision events:  Other non-collision (explain in narrative),On Roadway,Non-collision (single vehicle),Ran off road - left,None Indicated,,Daylight,Dry,Cloudy,None apparent,Non-intersection:  Non-junction/no special feature,Unpaved,,Property Damage Only,0,0,0,0,0,0,1500,1,1,,POINT (-94.181027733519 41.00082219867)
2014833175,2014068333,12/09/2014,12-December,3-Tuesday,07:10,0700 Hours,District 4 (Southwest),,MILLS,,Co Rd L35/221ST ST,Collision with:  Animal,,,Animal,None Indicated,,,,,,,Paved,,Property Damage Only,0,0,0,0,0,0,4000,1,1,,POINT (-95.778382254527 41.141839496834)
2014832679,143737,12/09/2014,12-December,3-Tuesday,12:58,1200 Hours,District 3 (Northwest),DENISON,CRAWFORD,US 30,US 30/4TH AVE S & S 12TH ST,Collision with:  Vehicle in traffic,On Roadway,Rear-end (front to rear),Other (explain in narrative):  Other,None Indicated,,Daylight,Dry,Clear,None apparent,Intersection:  Four-way intersection,Paved,,Property Damage Only,0,0,0,0,0,0,5000,2,2,,POINT (-95.356865993061 42.012388581001)
2014835326,2014068504,12/09/2014,12-December,3-Tuesday,17:28,1700 Hours,District 1 (Central),,POLK,IA 415,IA 415/2ND AVE & NW 49TH PL,Collision with:  Vehicle in traffic,On Roadway,Broadside (front to side),FTYROW:  Making left turn,None Indicated,,Dark - roadway not lighted,Dry,Cloudy,None apparent,Intersection:  Other intersection (explain in narrative),Paved,,Property Damage Only,0,0,0,0,0,0,2000,2,3,,POINT (-93.619995756459 41.651378518641)
2014833496,32109-14,12/09/2014,12-December,3-Tuesday,17:35,1700 Hours,District 3 (Northwest),,EMMET,IA 9,IA 9/IOWA 9,Collision with:  Animal,,,Animal,None Indicated,,,,,,,Paved,,Property Damage Only,0,0,0,0,0,0,1500,1,1,,POINT (-94.902409482822 43.418239975919)
2014832861,14-2746,12/09/2014,12-December,3-Tuesday,16:33,1600 Hours,District 1 (Central),URBANDALE,POLK,,DOUGLAS AVE,Collision with:  Vehicle in traffic,On Roadway,Rear-end (front to rear),Followed too close,None Indicated,,Dusk,Dry,Cloudy,None apparent,Non-intersection:  Non-junction/no special feature,Paved,,Property Damage Only,0,0,0,0,0,0,5500,2,2,,POINT (-93.762731287581 41.629407236694)
2014832662,14-0702,12/09/2014,12-December,3-Tuesday,17:20,1700 Hours,District 1 (Central),FORT DODGE,WEBSTER,US 169,US 169 & IA 7/190TH ST & 3RD AVE NW,Collision with:  Vehicle in traffic,On Roadway,Head-on (front to front),Ran Stop Sign,Alcohol (Statutory),,Dusk,Dry,Clear,None apparent,Intersection:  Four-way intersection,Paved,,Property Damage Only,0,0,0,0,0,0,7500,2,3,,POINT (-94.22372917687 42.515457625408)
2014832862,14-2747,12/09/2014,12-December,3-Tuesday,17:35,1700 Hours,District 1 (Central),URBANDALE,POLK,,HICKORY LN & 86TH ST,Collision with:  Vehicle in traffic,On Roadway,Broadside (front to side),FTYROW:  From stop sign,None Indicated,,Dark - roadway lighted,Dry,Clear,None apparent,Intersection:  T-intersection,Paved,,Property Damage Only,0,0,0,0,0,0,6500,2,2,,POINT (-93.736494458889 41.646854043497)
2014832764,14-6243,12/09/2014,12-December,3-Tuesday,17:45,1700 Hours,District 4 (Southwest),WEST DES MOINES,DALLAS,,JORDAN CREEK PKWY & OFFICE PLAZA DR & OFFICE PLAZA DR S,Collision with:  Vehicle in traffic,On Roadway,"Angle, oncoming left turn",FTYROW:  Making left turn,None Indicated,,Dark - roadway lighted,Dry,Clear,None apparent,Intersection:  Four-way intersection,Paved,,Property Damage Only,0,0,0,0,0,0,4000,2,3,,POINT (-93.809065222081 41.586657645372)
2014832675,14-005327,12/09/2014,12-December,3-Tuesday,12:44,1200 Hours,District 1 (Central),ANKENY,POLK,,NW 18TH ST & NW ABILENE RD,Collision with:  Vehicle in traffic,On Roadway,Rear-end (front to rear),FTYROW:  Other (explain in narrative),None Indicated,,Daylight,Dry,Cloudy,None apparent,Non-intersection:  Non-junction/no special feature,Paved,,Minor Injury,0,2,0,2,0,0,2000,2,3,,POINT (-93.62519040055 41.746366055805)
2014836841,391214-2789,12/09/2014,12-December,3-Tuesday,06:49,0600 Hours,District 4 (Southwest),,GUTHRIE,IA 44,IA 44/IOWA 44,Collision with:  Animal,,Non-collision (single vehicle),Animal,None Indicated,,,,,,,Paved,,Property Damage Only,0,0,0,0,0,0,8500,1,1,,POINT (-94.656928298348 41.673198097711)
2014832842,,12/09/2014,12-December,3-Tuesday,10:40,1000 Hours,District 3 (Northwest),LAKE CITY,CALHOUN,IA 175,IA 175/MAIN ST & WOODLAWN AVE,Collision with:  Vehicle in traffic,On Roadway,Broadside (front to side),FTYROW:  From stop sign,None Indicated,,Daylight,,Cloudy,None apparent,Intersection:  Four-way intersection,Paved,,Property Damage Only,0,0,0,0,0,0,8000,2,2,,POINT (-94.731391262569 42.267369846482)
2014832906,14V12045,12/09/2014,12-December,3-Tuesday,13:25,1300 Hours,District 6 (East Central),VINTON,BENTON,,S 2ND AVE,Collision with fixed object:  Utility pole/light support,Outside trafficway,Unknown,Crossed centerline (undivided),None Indicated,,Daylight,Dry,Clear,None apparent,Non-intersection:  Non-junction/no special feature,Paved,,Property Damage Only,0,0,0,0,0,0,19200,2,1,,POINT (-92.022987725043 42.167250053801)
2014832677,14-6246,12/09/2014,12-December,3-Tuesday,22:10,2200 Hours,District 1 (Central),WEST DES MOINES,POLK,I-235,I-235,Collision with:  Vehicle in traffic,On Roadway,Rear-end (front to rear),Followed too close,None Indicated,,Dark - roadway lighted,Dry,Clear,None apparent,Interchange-related:  On-ramp merge area,Paved,,Property Damage Only,0,0,0,0,0,0,4000,2,2,,POINT (-93.751783635882 41.592288683031)
2014832724,14-6241,12/09/2014,12-December,3-Tuesday,17:21,1700 Hours,District 4 (Southwest),WEST DES MOINES,DALLAS,,JORDAN CREEK PKWY,Collision with:  Vehicle in traffic,On Roadway,Rear-end (front to rear),Followed too close,None Indicated,,Dark - roadway lighted,Dry,Cloudy,None apparent,Non-intersection:  Non-junction/no special feature,Paved,,Property Damage Only,0,0,0,0,0,0,3400,3,3,,POINT (-93.808950294857 41.595710692893)
2014834217,14-018451,12/09/2014,12-December,3-Tuesday,08:07,0800 Hours,District 3 (Northwest),,CLAY,,Co Rd B24/350TH ST,Collision with:  Animal,,,Animal,None Indicated,,,,,,,Paved,,Property Damage Only,0,0,0,0,0,0,1500,1,1,,POINT (-95.360522527753 43.141760106962)
2014832918,14021300,12/09/2014,12-December,3-Tuesday,10:30,1000 Hours,District 2 (Northeast),MASON CITY,CERRO GORDO,,1ST ST SW,Collision with:  Parked motor vehicle,On Roadway,"Sideswipe, opposite direction",Improper Backing,None Indicated,,Daylight,Dry,Cloudy,None apparent,Non-intersection:  Non-junction/no special feature,Paved,,Property Damage Only,0,0,0,0,0,0,2200,2,1,,POINT (-93.218538831427 43.151211724977)
2014835195,SO14-1540,12/09/2014,12-December,3-Tuesday,06:50,0600 Hours,District 2 (Northeast),DOWS,WRIGHT,,Co Rd C54/265TH ST,Collision with:  Animal,On Roadway,Non-collision (single vehicle),Animal,None Indicated,,Dawn,Dry,Clear,None apparent,Non-intersection:  Non-junction/no special feature,Paved,,Property Damage Only,0,0,0,0,0,0,3000,1,1,,POINT (-93.554473542645 42.666416435134)
2014834324,14-3487,12/09/2014,12-December,3-Tuesday,13:42,1300 Hours,District 2 (Northeast),OSAGE,MITCHELL,,STATE ST,Collision with:  Vehicle in traffic,On Roadway,Broadside (front to side),FTYROW:  From stop sign,None Indicated,,Daylight,Dry,Cloudy,None apparent,Intersection:  Four-way intersection,Paved,,Property Damage Only,0,0,0,0,0,0,2300,2,3,,POINT (-92.811199354783 43.283067103362)
2014832973,14-40225,12/09/2014,12-December,3-Tuesday,16:54,1600 Hours,District 3 (Northwest),SIOUX CITY,WOODBURY,,SOUTHERN HILLS DR & S LAKEPORT ST,Collision with:  Vehicle in traffic,On Roadway,Rear-end (front to rear),Followed too close,None Indicated,,Dark - roadway lighted,Dry,Cloudy,None apparent,Intersection:  Four-way intersection,Paved,,Possible/Unknown,0,1,0,0,1,0,5500,2,3,,POINT (-96.347776598351 42.440436599149)
2014832651,14-005779,12/09/2014,12-December,3-Tuesday,02:57,0200 Hours,District 1 (Central),AMES,STORY,,26TH ST & JENSON AVE,Collision with:  Parked motor vehicle,On Roadway,"Sideswipe, same direction",Other (explain in narrative):  No improper action,None Indicated,,Dark - roadway lighted,Dry,Clear,None apparent,Intersection:  T-intersection,Paved,,Property Damage Only,0,0,0,0,0,0,6000,2,2,,POINT (-93.618731371656 42.047299267392)
2014833059,201418307,12/09/2014,12-December,3-Tuesday,12:00,1200 Hours,District 6 (East Central),CEDAR RAPIDS,LINN,,41ST AVE DR SW,Collision with:  Vehicle in traffic,On Roadway,Head-on (front to front),FTYROW:  Making left turn,None Indicated,,Daylight,Dry,Cloudy,None apparent,Non-intersection:  Driveway access (within),Paved,,Property Damage Only,0,0,0,0,0,0,10000,2,2,,POINT (-91.646548906456 41.937700761866)
2014832817,2014-84108,12/09/2014,12-December,3-Tuesday,13:58,1300 Hours,District 6 (East Central),DAVENPORT,SCOTT,,W LOCUST ST,Collision with:  Vehicle in traffic,On Roadway,"Sideswipe, same direction",FTYROW:  Other (explain in narrative),None Indicated,,Daylight,Dry,Cloudy,None apparent,Non-intersection:  Non-junction/no special feature,Paved,,Property Damage Only,0,0,0,0,0,0,4000,2,2,,POINT (-90.600813052964 41.538275675369)
2014832860,14-2744,12/09/2014,12-December,3-Tuesday,14:20,1400 Hours,District 1 (Central),URBANDALE,POLK,,DOUGLAS AVE,Collision with:  Vehicle in traffic,On Roadway,Rear-end (front to rear),Driving too fast for conditions,None Indicated,,Daylight,Dry,Clear,Work Zone (roadway-related),Non-intersection:  Non-junction/no special feature,Paved,Yes,Property Damage Only,0,0,0,0,0,0,1600,2,2,,POINT (-93.727698519579 41.629265059476)
2014834080,14-25140,12/09/2014,12-December,3-Tuesday,06:54,0600 Hours,District 6 (East Central),,SCOTT,,Co Rd Y48/110 AVE,Collision with:  Animal,,,Animal,None Indicated,,,,,,,Paved,,Property Damage Only,0,0,0,0,0,0,2000,1,1,,POINT (-90.688121275479 41.517936042329)
2014834020,2014068516,12/09/2014,12-December,3-Tuesday,18:58,1800 Hours,District 1 (Central),,POLK,US 65,US 65,Collision with:  Animal,,,Animal,None Indicated,,,,,,,Paved,,Property Damage Only,0,0,0,0,0,0,2500,1,1,,POINT (-93.410609799572 41.72836440068)
2014836665,14017959,12/09/2014,12-December,3-Tuesday,20:15,2000 Hours,District 6 (East Central),,CEDAR,,Co Rd X64/ROSE AVE,Collision with fixed object:  Utility pole/light support,Outside trafficway,Non-collision (single vehicle),Ran off road - right,Refused,,Dark - roadway not lighted,Dry,Clear,None apparent,Non-intersection:  Non-junction/no special feature,Paved,,Possible/Unknown,0,1,0,0,1,0,5100,1,1,,POINT (-91.035602329016 41.642882139583)
2014832729,20140036457,12/09/2014,12-December,3-Tuesday,17:50,1700 Hours,District 1 (Central),DES MOINES,POLK,,PARK AVE & FLEUR DR,Collision with:  Vehicle in traffic,On Roadway,"Sideswipe, same direction",Other (explain in narrative):  Other,Alcohol (Statutory),,Dark - roadway lighted,Dry,Clear,None apparent,Non-intersection:  Non-junction/no special feature,Paved,,Property Damage Only,0,0,0,0,0,0,27000,2,2,,POINT (-93.644979754434 41.555440213818)
2014834016,2014068340,12/09/2014,12-December,3-Tuesday,07:25,0700 Hours,District 6 (East Central),,LINN,US 30,US 30,Collision with fixed object:  Ditch,On Roadway,Non-collision (single vehicle),Swerving/Evasive Action,None Indicated,,Daylight,Dry,Clear,None apparent,Interchange-related:  On-ramp merge area,Paved,,Property Damage Only,0,0,0,0,0,0,6500,1,1,,POINT (-91.53401513871 41.926204600843)
2014834018,2014068511,12/09/2014,12-December,3-Tuesday,18:10,1800 Hours,District 1 (Central),,JASPER,IA 163,IA 163/IOWA 163 W,Collision with:  Animal,,,Animal,None Indicated,,,,,,,Paved,,Property Damage Only,0,0,0,0,0,0,2500,1,1,,POINT (-93.290906713751 41.601350235978)
2014832671,2014013641,12/09/2014,12-December,3-Tuesday,18:05,1800 Hours,District 6 (East Central),IOWA CITY,JOHNSON,,LOWER WEST BRANCH RD & N SCOTT BLVD,Collision with:  Vehicle in traffic,On Roadway,Rear-end (front to rear),Followed too close,None Indicated,,Dark - roadway lighted,Dry,Cloudy,None apparent,Non-intersection:  Non-junction/no special feature,Paved,,Property Damage Only,0,0,0,0,0,0,1500,2,3,,POINT (-91.48297230392 41.665087674701)
2014832797,2014-26328,12/09/2014,12-December,3-Tuesday,00:45,0000 Hours,District 5 (Southeast),,WARREN,,28TH AVE & KENNEDY ST,Collision with fixed object:  Ditch,On Roadway,Non-collision (single vehicle),Swerving/Evasive Action,None Indicated,,Dark - roadway not lighted,Dry,Cloudy,None apparent,Intersection:  Y-intersection,Unpaved,,Possible/Unknown,0,2,0,0,2,0,5000,1,2,,POINT (-93.755741931903 41.351945293124)
2014834514,1-14-000470,12/09/2014,12-December,3-Tuesday,17:35,1700 Hours,District 4 (Southwest),,SHELBY,,660TH ST,Collision with:  Vehicle in traffic,On Roadway,"Sideswipe, opposite direction",Traveling wrong way or on wrong side of road,None Indicated,,Dark - roadway not lighted,"Mud, dirt",Clear,"Shoulders (none, low, soft, high)",Non-intersection:  Non-junction/no special feature,Unpaved,,Property Damage Only,0,0,0,0,0,0,5000,2,2,,POINT (-95.152022127513 41.592137986626)
2014835938,1412-094,12/09/2014,12-December,3-Tuesday,18:28,1800 Hours,District 3 (Northwest),,OSCEOLA,IA 60,IA 60/IOWA 60 & Co Rd L36/230TH ST,Collision with:  Vehicle in traffic,On Roadway,Rear-end (front to rear),Followed too close,None Indicated,,Dark - roadway not lighted,Dry,Clear,None apparent,Non-intersection:  Non-junction/no special feature,Paved,,Minor Injury,0,1,0,1,0,0,7000,2,4,,POINT (-95.778474539647 43.316051153471)