Iowa DOT Case Number,Law Enforcement Case Number,Date of Crash,Month of Crash,Day of Week,Time of Crash,Hour,DOT District,City Name,County Name,Route with System,Location Description,First Harmful Event,Location of First Harmful Event,Manner of Crash/Collision,Major Cause,Drug or Alcohol ,Environmental Conditions,Light Conditions,Surface Conditions,Weather Conditions,Roadway Contribution,Roadway Type,Roadway Surface,Work Zone,Crash Severity,Number of Fatalities,Number of Injuries,Number of Major Injuries,Number of Minor Injuries,Number of Possible Injuries,Number of Unknown Injuries,Amount of Property Damage,Number of Vehicles Involved,Total Number of Occupants,Travel Direction,Location
2014832654,14-001802,12/09/2014,12-December,3-Tuesday,14:11,1400 Hours,District 1 (Central),AMES,STORY,,IOWA STATE UNIVERSITY,Collision with:  Vehicle in traffic,On Roadway,"Angle, oncoming left turn",Made improper turn,None Indicated,,Daylight,Dry,Clear,None apparent,Non-intersection:  Non-junction/no special feature,Paved,,Possible/Unknown,0,1,0,0,1,0,1000,2,6,,POINT (-93.637305705856 42.017250824553)
2014833104,14-1510,12/09/2014,12-December,3-Tuesday,17:11,1700 Hours,District 1 (Central),CLIVE,POLK,I-35,I-35,Collision with:  Vehicle in traffic,On Roadway,Rear-end (front to rear),Lost Control,Alcohol (Statutory),,Dark - roadway lighted,Dry,Cloudy,None apparent,Non-intersection:  Non-junction/no special feature,Paved,,Property Damage Only,0,0,0,0,0,0,11500,3,3,,POINT (-93.776884042559 41.605290333233)
2014832787,14-23837,12/09/2014,12-December,3-Tuesday,17:55,1700 Hours,District 2 (Northeast),,BREMER,,JOPLIN AVE,Collision with:  Animal,,Non-collision (single vehicle),Animal,None Indicated,,,,,,,Paved,,Property Damage Only,0,0,0,0,0,0,6000,1,1,,POINT (-92.376605056559 42.674950589432)
2014832780,14-019368,12/09/2014,12-December,3-Tuesday,07:11,0700 Hours,District 2 (Northeast),,FLOYD,,Co Rd B60/270TH ST & MINER AVE,Collision with:  Animal,,Non-collision (single vehicle),Animal,None Indicated,,,,,,,Paved,,Property Damage Only,0,0,0,0,0,0,5000,1,1,,POINT (-92.781715463943 42.965385152646)
2014834017,2014068507,12/09/2014,12-December,3-Tuesday,17:34,1700 Hours,District 1 (Central),,STORY,I-35,I-35,Collision with:  Vehicle in traffic,On Roadway,Rear-end (front to rear),Followed too close,None Indicated,,Dark - roadway lighted,Dry,Cloudy,None apparent,Intersection:  Other intersection (explain in narrative),Paved,,Property Damage Only,0,0,0,0,0,0,1700,4,8,,POINT (-93.571103637804 42.003413900489)
2014832663,14-23786,12/09/2014,12-December,3-Tuesday,11:08,1100 Hours,District 6 (East Central),BETTENDORF,SCOTT,,CROW CREEK RD & DEVILS GLEN RD,Collision with:  Vehicle in traffic,On Roadway,Broadside (front to side),FTYROW:  From stop sign,None Indicated,,Daylight,Dry,Cloudy,None apparent,Non-intersection:  Driveway access (within),Paved,,Possible/Unknown,0,1,0,0,1,0,12500,2,2,,POINT (-90.483410009554 41.567350015408)
2014832680,143744,12/09/2014,12-December,3-Tuesday,23:45,2300 Hours,District 3 (Northwest),,CRAWFORD,IA 37,IA 37/IOWA 37,Collision with:  Animal,,,Animal,None Indicated,,,,,,,Paved,,Property Damage Only,0,0,0,0,0,0,1800,1,1,,POINT (-95.633578929812 41.86959973755)
2014832965,14-012667,12/09/2014,12-December,3-Tuesday,20:42,2000 Hours,District 5 (Southeast),,WAYNE,,120TH,Non-collision events:  Overturn/rollover,On Roadway,Non-collision (single vehicle),Swerving/Evasive Action,None Indicated,,Dark - roadway not lighted,Dry,Clear,None apparent,Non-intersection:  Non-junction/no special feature,Unpaved,,Property Damage Only,0,0,0,0,0,0,2500,1,1,,POINT (-93.34611922008 40.772594413512)
2014832767,14-1508,12/09/2014,12-December,3-Tuesday,09:25,0900 Hours,District 1 (Central),CLIVE,POLK,,NW 104TH ST,Collision with:  Vehicle in traffic,On Roadway,Broadside (front to side),Ran Stop Sign,None Indicated,,Daylight,Dry,Cloudy,None apparent,Intersection:  Four-way intersection,Paved,,Property Damage Only,0,0,0,0,0,0,7000,2,2,,POINT (-93.760985041405 41.60647753918)
2014832959,14-43616,12/09/2014,12-December,3-Tuesday,18:35,1800 Hours,District 5 (Southeast),BURLINGTON,DES MOINES,,WEST AVE,Collision with:  Animal,,,Animal,None Indicated,,,,,,,Paved,,Property Damage Only,0,0,0,0,0,0,1500,1,1,,POINT (-91.12959351776 40.800309094005)
2014834971,,12/09/2014,12-December,3-Tuesday,07:30,0700 Hours,District 6 (East Central),CEDAR RAPIDS,LINN,,E AVE NW,Collision with:  Vehicle in traffic,On Roadway,Rear-end (front to rear),Unknown,None Indicated,,Daylight,Dry,Clear,,Non-intersection:  Non-junction/no special feature,Paved,,Property Damage Only,0,0,0,0,0,0,1630,2,3,,POINT (-91.716590339694 41.978295824771)
2014832952,14-23797,12/09/2014,12-December,3-Tuesday,17:27,1700 Hours,District 6 (East Central),BETTENDORF,SCOTT,,18TH ST & LEARNING CAMPUS DR,Collision with:  Vehicle in traffic,On Roadway,"Sideswipe, same direction",FTYROW:  Making right turn on red signal,None Indicated,,Dark - roadway lighted,Dry,Clear,None apparent,Intersection:  Four-way intersection,Paved,,Property Damage Only,0,0,0,0,0,0,1700,2,4,,POINT (-90.50099524183 41.551684530278)
2014832726,20140036450,12/09/2014,12-December,3-Tuesday,16:17,1600 Hours,District 1 (Central),DES MOINES,POLK,,MERLE HAY RD,Collision with fixed object:  Utility pole/light support,Shoulder,Non-collision (single vehicle),"Operating vehicle in an reckless, erratic, careless, negligent manner",None Indicated,,Daylight,Dry,Cloudy,None apparent,Non-intersection:  Driveway access (within),Paved,,Possible/Unknown,0,1,0,0,1,0,2200,1,1,,POINT (-93.697788441624 41.608742990976)
2014832864,14120163,12/09/2014,12-December,3-Tuesday,12:00,1200 Hours,District 5 (Southeast),,WAPELLO,,74TH ST,Collision with:  Vehicle in traffic,On Roadway,Head-on (front to front),Separation of units,None Indicated,,Daylight,Dry,Clear,None apparent,Non-intersection:  Non-junction/no special feature,Unpaved,,Possible/Unknown,0,2,0,0,2,0,3000,2,2,,POINT (-92.475529147067 41.002832989176)
2014832760,20140036437,12/09/2014,12-December,3-Tuesday,14:37,1400 Hours,District 1 (Central),DES MOINES,POLK,,CENTER ST & 2ND AVE,Collision with:  Vehicle in traffic,On Roadway,"Angle, oncoming left turn",Made improper turn,None Indicated,,Daylight,Dry,Cloudy,None apparent,Intersection:  T-intersection,Paved,,Possible/Unknown,0,1,0,0,1,0,9000,2,2,,POINT (-93.620298898387 41.59156006689)
2014832676,14-050868,12/09/2014,12-December,3-Tuesday,22:53,2200 Hours,District 5 (Southeast),MUSCATINE,MUSCATINE,US 61,US 61,Collision with:  Animal,On Roadway,Non-collision (single vehicle),Animal,None Indicated,,Dark - roadway not lighted,Dry,Clear,None apparent,Non-intersection:  Non-junction/no special feature,Paved,,Property Damage Only,0,0,0,0,0,0,3000,1,1,,POINT (-91.088535002805 41.424117357197)
2014832615,14-051489,12/09/2014,12-December,3-Tuesday,08:39,0800 Hours,District 4 (Southwest),COUNCIL BLUFFS,POTTAWATTAMIE,,1ST AVE & S 8TH ST,Collision with:  Vehicle in traffic,On Roadway,Broadside (front to side),Ran Stop Sign,None Indicated,,Daylight,Dry,Cloudy,None apparent,Intersection:  Four-way intersection,Paved,,Property Damage Only,0,0,0,0,0,0,4000,2,4,,POINT (-95.856051160919 41.260543609432)
2014833020,14-005787,12/09/2014,12-December,3-Tuesday,17:40,1700 Hours,District 1 (Central),AMES,STORY,,S 4TH ST,Collision with:  Vehicle in traffic,On Roadway,Rear-end (front to rear),Followed too close,None Indicated,,Dark - roadway lighted,Dry,Cloudy,None apparent,Non-intersection:  Non-junction/no special feature,Paved,,Property Damage Only,0,0,0,0,0,0,2000,2,3,,POINT (-93.631306036591 42.016338286966)
2014832520,HR2014-84049,12/09/2014,12-December,3-Tuesday,09:00,0900 Hours,District 6 (East Central),DAVENPORT,SCOTT,US 6,US 6/W KIMBERLY RD,Collision with:  Vehicle in traffic,On Roadway,Broadside (front to side),Lost Control,None Indicated,,Daylight,Dry,Clear,None apparent,Intersection:  T-intersection,Paved,,Property Damage Only,0,0,0,0,0,0,3000,2,2,,POINT (-90.572491109699 41.560278000462)
2014832917,14021295,12/09/2014,12-December,3-Tuesday,07:47,0700 Hours,District 2 (Northeast),MASON CITY,CERRO GORDO,IA 122,IA 122/4TH ST SW,Collision with fixed object:  Curb/island/raised median,Roadside,"Sideswipe, opposite direction",Crossed centerline (undivided),None Indicated,,Daylight,Dry,Cloudy,None apparent,Non-intersection:  Other non-intersection (explain in narrative),Paved,,Property Damage Only,0,0,0,0,0,0,1500,2,2,,POINT (-93.214740588375 43.148301344768)
2014832563,14-6238,12/09/2014,12-December,3-Tuesday,13:10,1300 Hours,District 1 (Central),WEST DES MOINES,POLK,,50TH ST,Collision with:  Vehicle in traffic,On Roadway,Broadside (front to side),Ran Traffic Signal,None Indicated,,Daylight,Dry,Cloudy,None apparent,Intersection:  Four-way intersection,Paved,,Property Damage Only,0,0,0,0,0,0,2000,2,2,,POINT (-93.771249195458 41.596681365632)
2014833197,2014-84142,12/09/2014,12-December,3-Tuesday,16:56,1600 Hours,District 6 (East Central),DAVENPORT,SCOTT,,E 53RD ST & ELMORE AVE,Collision with:  Vehicle in traffic,On Roadway,Rear-end (front to rear),Other (explain in narrative):  Other,None Indicated,,Dark - roadway lighted,Dry,Cloudy,None apparent,Intersection:  Four-way intersection,Paved,,Property Damage Only,0,0,0,0,0,0,1500,2,2,,POINT (-90.528585948548 41.574887101785)
2014832723,14-8103,12/09/2014,12-December,3-Tuesday,22:35,2200 Hours,District 1 (Central),GRIMES,POLK,IA 141,IA 141/IOWA 141,Collision with:  Vehicle in traffic,On Roadway,Rear-end (front to rear),Swerving/Evasive Action,None Indicated,,Dark - roadway not lighted,Dry,Clear,None apparent,Intersection:  Four-way intersection,Paved,,Property Damage Only,0,0,0,0,0,0,16000,2,2,,POINT (-93.774977951195 41.672604530977)
2014832728,20140036456,12/09/2014,12-December,3-Tuesday,17:37,1700 Hours,District 1 (Central),DES MOINES,POLK,I-235,I-235,Collision with:  Vehicle in traffic,On Roadway,"Sideswipe, same direction",Unknown,None Indicated,,Dark - roadway lighted,Dry,Cloudy,None apparent,Non-intersection:  Non-junction/no special feature,Paved,,Property Damage Only,0,0,0,0,0,0,2000,2,6,,POINT (-93.669504076954 41.592770252322)
2014833755,14-050809,12/09/2014,12-December,3-Tuesday,15:31,1500 Hours,District 5 (Southeast),MUSCATINE,MUSCATINE,,UNIVERSITY DR,Collision with:  Vehicle in traffic,On Roadway,"Angle, oncoming left turn",FTYROW:  Making left turn,None Indicated,,Daylight,Dry,Clear,None apparent,Intersection:  T-intersection,Paved,,Possible/Unknown,0,1,0,0,1,0,8000,2,2,,POINT (-91.017278058078 41.458974493349)
2014832762,20140036448,12/09/2014,12-December,3-Tuesday,16:00,1600 Hours,District 1 (Central),DES MOINES,POLK,,BEAVER HILLS DR & BEL AIRE RD & BEAVER AVE,Collision with:  Vehicle in traffic,On Roadway,Rear-end (front to rear),Other (explain in narrative):  Other,None Indicated,,Daylight,Dry,Cloudy,None apparent,Non-intersection:  Non-junction/no special feature,Paved,,Property Damage Only,0,0,0,0,0,0,6000,2,2,,POINT (-93.67812541061 41.64151169531)
2014834019,2014068513,12/09/2014,12-December,3-Tuesday,17:55,1700 Hours,District 1 (Central),,POWESHIEK,IA 146,IA 146/IOWA 146,Collision with:  Animal,,,Animal,None Indicated,,,,,,,Paved,,Property Damage Only,0,0,0,0,0,0,1500,1,1,,POINT (-92.727406701529 41.803100658944)
2014833337,14-037466,12/09/2014,12-December,3-Tuesday,04:57,0400 Hours,District 5 (Southeast),,LEE,IA 16,IA 16/IOWA 16,Collision with:  Animal,,,Animal,None Indicated,,,,,,,Paved,,Property Damage Only,0,0,0,0,0,0,1500,1,1,,POINT (-91.227240406144 40.724706907834)
2014832743,20140036417,12/09/2014,12-December,3-Tuesday,10:10,1000 Hours,District 1 (Central),DES MOINES,POLK,,SW 3RD ST & MARKET ST,Collision with:  Vehicle in traffic,On Roadway,"Sideswipe, same direction",Improper or erratic lane changing,None Indicated,,Daylight,Dry,Clear,None apparent,Intersection:  T-intersection,Paved,,Property Damage Only,0,0,0,0,0,0,2300,2,4,,POINT (-93.619568786374 41.582962076056)
2014832592,14-8087,12/09/2014,12-December,3-Tuesday,08:23,0800 Hours,District 1 (Central),GRIMES,POLK,IA 141,IA 141/IOWA 141,Collision with:  Vehicle in traffic,On Roadway,Rear-end (front to rear),Other (explain in narrative):  Other,None Indicated,,Daylight,Dry,Clear,None apparent,Intersection:  Four-way intersection,Paved,,Property Damage Only,0,0,0,0,0,0,2000,2,2,,POINT (-93.774977951195 41.672604530977)
2014832766,14-051495,12/09/2014,12-December,3-Tuesday,10:52,1000 Hours,District 4 (Southwest),COUNCIL BLUFFS,POTTAWATTAMIE,I-29,I-29,Collision with:  Vehicle in traffic,On Roadway,"Sideswipe, same direction",Improper or erratic lane changing,None Indicated,,Daylight,Dry,Cloudy,Work Zone (roadway-related),Non-intersection:  Non-junction/no special feature,Paved,Yes,Property Damage Only,0,0,0,0,0,0,1750,2,4,,POINT (-95.858536225354 41.232147845951)
2014832898,14-14195,12/09/2014,12-December,3-Tuesday,17:35,1700 Hours,District 3 (Northwest),,SIOUX,US 75,US 75,Collision with:  Vehicle in traffic,On Roadway,Head-on (front to front),Made improper turn,None Indicated,,Dark - roadway not lighted,Dry,Clear,None apparent,Non-intersection:  Non-junction/no special feature,Paved,,Possible/Unknown,0,2,0,0,2,0,25000,2,3,,POINT (-96.175004855052 43.033749799954)
2014833176,2014068505,12/09/2014,12-December,3-Tuesday,17:22,1700 Hours,District 2 (Northeast),,CERRO GORDO,I-35,I-35,Collision with:  Animal,,,Animal,None Indicated,,,,,,,Paved,,Property Damage Only,0,0,0,0,0,0,8000,1,1,,POINT (-93.351016187032 42.911051043145)
2014832733,14-43585,12/09/2014,12-December,3-Tuesday,15:23,1500 Hours,District 5 (Southeast),BURLINGTON,DES MOINES,,LOCUST ST & 3RD ST,Collision with fixed object:  Other fixed object (explain in narrative),On Roadway,Non-collision (single vehicle),Other (explain in narrative):  Other,None Indicated,,Daylight,Dry,Cloudy,None apparent,Non-intersection:  Non-junction/no special feature,Paved,,Major Injury,0,3,1,2,0,0,5500,1,3,,POINT (-91.102017369184 40.800462159923)
2014833178,2014068605,12/10/2014,12-December,4-Wednesday,11:30,1100 Hours,District 2 (Northeast),,FAYETTE,,Co Rd W14/ROSE RD,Collision with:  Animal,,,Animal,None Indicated,,,,,,,Paved,,Property Damage Only,0,0,0,0,0,0,5000,1,1,,POINT (-91.944850897472 43.010617647937)
2014832819,2014-84326,12/10/2014,12-December,4-Wednesday,11:43,1100 Hours,District 6 (East Central),DAVENPORT,SCOTT,,W 3RD ST & WAVERLY RD,Collision with:  Vehicle in traffic,On Roadway,"Angle, oncoming left turn",Unknown,None Indicated,,Daylight,Dry,Cloudy,None apparent,Intersection:  T-intersection,Paved,,Property Damage Only,0,0,0,0,0,0,1900,2,2,,POINT (-90.614370785368 41.522292243637)
2014833126,S14-120360,12/10/2014,12-December,4-Wednesday,18:04,1800 Hours,District 2 (Northeast),DUNKERTON,BLACK HAWK,,E AIRLINE HWY,Collision with:  Vehicle in traffic,On Roadway,Head-on (front to front),Crossed centerline (undivided),None Indicated,,Dark - roadway not lighted,Dry,Clear,None apparent,Non-intersection:  Non-junction/no special feature,Unpaved,,Minor Injury,0,2,0,1,1,0,15000,2,3,,POINT (-92.213621150769 42.5416368112)
2014834024,2014068648,12/10/2014,12-December,4-Wednesday,16:05,1600 Hours,District 1 (Central),,POLK,I-35,I-35,Collision with:  Vehicle in traffic,On Roadway,Rear-end (front to rear),Other (explain in narrative):  No improper action,None Indicated,,Daylight,Dry,Clear,None apparent,Interchange-related:  On-ramp,Paved,,Property Damage Only,0,0,0,0,0,0,5000,2,2,,POINT (-93.696989379669 41.652675803289)
2014832938,20140036563,12/10/2014,12-December,4-Wednesday,17:21,1700 Hours,District 1 (Central),DES MOINES,POLK,I-235,I-235,Collision with:  Vehicle in traffic,On Roadway,Rear-end (front to rear),Followed too close,None Indicated,,Dark - roadway lighted,Dry,Clear,None apparent,Non-intersection:  Non-junction/no special feature,Paved,,Minor Injury,0,1,0,1,0,0,13000,2,2,,POINT (-93.575544717969 41.625227653545)
2014832934,32108-14,12/10/2014,12-December,4-Wednesday,06:15,0600 Hours,District 3 (Northwest),RINGSTED,EMMET,,240TH ST & HERITAGE ST,Collision with fixed object:  Traffic sign support,Shoulder,Non-collision (single vehicle),Driving too fast for conditions,None Indicated,,Dark - roadway not lighted,Wet,Cloudy,None apparent,Non-intersection:  Non-junction/no special feature,Paved,,Property Damage Only,0,0,0,0,0,0,4150,1,1,,POINT (-94.500950638787 43.298487960001)
2014833025,14005799,12/10/2014,12-December,4-Wednesday,17:41,1700 Hours,District 1 (Central),AMES,STORY,US 69,US 69/GRAND AVE & 11TH ST,Collision with:  Vehicle in traffic,On Roadway,Rear-end (front to rear),Other (explain in narrative):  Other,None Indicated,,Dark - roadway lighted,Dry,Clear,None apparent,Non-intersection:  Non-junction/no special feature,Paved,,Property Damage Only,0,0,0,0,0,0,2250,5,6,,POINT (-93.62034777662 42.032105498355)
2014833546,14120344,12/10/2014,12-December,4-Wednesday,17:24,1700 Hours,District 2 (Northeast),CEDAR FALLS,BLACK HAWK,,UNIVERSITY AVE & ROWND ST,Collision with:  Vehicle in traffic,On Roadway,"Angle, oncoming left turn",Unknown,None Indicated,,Dark - roadway lighted,Dry,Clear,None apparent,Intersection:  Four-way intersection,Paved,,Property Damage Only,0,0,0,0,0,0,3800,2,4,,POINT (-92.420998433225 42.509748977157)
2014833107,1412102621,12/10/2014,12-December,4-Wednesday,17:05,1700 Hours,District 6 (East Central),,CLINTON,US 67,US 67 & 110 ST,Collision with:  Animal,,,Animal,None Indicated,,,,,,,Paved,,Property Damage Only,0,0,0,0,0,0,4000,1,1,,POINT (-90.181910301207 42.018447266014)
2014833246,,12/10/2014,12-December,4-Wednesday,13:44,1300 Hours,District 6 (East Central),CEDAR RAPIDS,LINN,,10TH AVE SW & CHANDLER ST SW,Collision with:  Vehicle in traffic,On Roadway,"Sideswipe, same direction",Unknown,None Indicated,,Daylight,Dry,Clear,,Non-intersection:  Non-junction/no special feature,Paved,,Property Damage Only,0,0,0,0,0,0,4000,2,2,,POINT (-91.701412612142 41.967272332061)
2014837002,,12/10/2014,12-December,4-Wednesday,07:59,0700 Hours,District 2 (Northeast),CLEAR LAKE,CERRO GORDO,,MAIN AVE & N 20TH ST,Collision with:  Vehicle in traffic,On Roadway,Broadside (front to side),FTYROW:  From stop sign,None Indicated,,Daylight,Dry,Clear,None apparent,Intersection:  Four-way intersection,Paved,,Property Damage Only,0,0,0,0,0,0,5000,2,2,,POINT (-93.364272072564 43.137369310037)
2014833768,2014-84402,12/10/2014,12-December,4-Wednesday,16:57,1600 Hours,District 6 (East Central),DAVENPORT,SCOTT,,W CENTRAL PARK AVE & N DIVISION ST,Collision with:  Vehicle in traffic,On Roadway,Broadside (front to side),Ran Traffic Signal,None Indicated,,Dark - roadway lighted,Dry,Cloudy,None apparent,Intersection:  Four-way intersection,Paved,,Property Damage Only,0,0,0,0,0,0,13000,3,3,,POINT (-90.600917462914 41.545501006347)
2014832863,14-2751,12/10/2014,12-December,4-Wednesday,11:07,1100 Hours,District 1 (Central),URBANDALE,POLK,US 6,US 6/HICKMAN RD & 104TH ST,Collision with:  Vehicle in traffic,On Roadway,"Angle, oncoming left turn",Ran Traffic Signal,None Indicated,,Daylight,Dry,Cloudy,None apparent,Intersection:  Four-way intersection,Paved,,Property Damage Only,0,0,0,0,0,0,8000,2,2,,POINT (-93.76079524104 41.614837463176)
2014834107,,12/10/2014,12-December,4-Wednesday,06:40,0600 Hours,District 5 (Southeast),CHARITON,LUCAS,US 34,US 34,Non-collision events:  Overturn/rollover,Shoulder,Non-collision (single vehicle),Ran off road - right,None Indicated,,Dark - roadway lighted,Dry,Cloudy,None apparent,Non-intersection:  Non-junction/no special feature,Paved,,Property Damage Only,0,0,0,0,0,0,15000,1,1,,POINT (-93.309160594926 41.004827650488)
2014832811,14-6252,12/10/2014,12-December,4-Wednesday,13:07,1300 Hours,District 1 (Central),WEST DES MOINES,POLK,,WESTOWN PL & 35TH ST/VALLEY WEST DR,Collision with:  Vehicle in traffic,On Roadway,"Sideswipe, same direction",FTYROW:  Making right turn on red signal,None Indicated,,Daylight,Dry,Cloudy,None apparent,Intersection:  Four-way intersection,Paved,,Property Damage Only,0,0,0,0,0,0,3200,2,2,,POINT (-93.751903389147 41.596404195472)
2014835293,14230,12/10/2014,12-December,4-Wednesday,19:24,1900 Hours,District 5 (Southeast),PELLA,MARION,IA 163,IA 163/SW RAMP CURV/SW LOOP & WASHINGTON ST & W 15TH ST,Collision with:  Vehicle in traffic,On Roadway,Broadside (front to side),FTYROW:  From stop sign,None Indicated,,Dark - roadway lighted,Dry,Cloudy,None apparent,Intersection:  Four-way intersection,Paved,,Property Damage Only,0,0,0,0,0,0,3300,2,6,,POINT (-92.950560796382 41.410641741718)
2014834185,2014068816,12/10/2014,12-December,4-Wednesday,13:30,1300 Hours,District 5 (Southeast),,WARREN,,140TH AVE,Collision with:  Vehicle in traffic,On Roadway,Broadside (front to side),Other (explain in narrative):  Other,None Indicated,,Daylight,Dry,Cloudy,None apparent,Non-intersection:  Driveway access (within),Unpaved,,Property Damage Only,0,0,0,0,0,0,10000,2,3,,POINT (-93.539215422343 41.50938077394)
2014833109,1412112711,12/10/2014,12-December,4-Wednesday,17:30,1700 Hours,District 6 (East Central),,CLINTON,,Co Rd Y4E/130 AVE & Co Rd Y4F/250 ST,Collision with:  Animal,,,Animal,None Indicated,,,,,,,Paved,,Property Damage Only,0,0,0,0,0,0,2000,1,1,,POINT (-90.840448471545 41.814931876549)
2014836494,,12/10/2014,12-December,4-Wednesday,17:35,1700 Hours,District 1 (Central),TAMA,TAMA,,,Collision with:  Parked motor vehicle,On Roadway,Broadside (front to side),Unknown,None Indicated,,Dark - roadway lighted,,"Fog, smoke, smog",,,,,Property Damage Only,0,0,0,0,0,0,2000,2,1,,POINT (-96.643700149993 40.233091251414)
2014832798,2014-26404,12/10/2014,12-December,4-Wednesday,06:25,0600 Hours,District 5 (Southeast),,WARREN,US 65,US 65,Collision with:  Animal,On Roadway,Non-collision (single vehicle),Animal,None Indicated,,Dark - roadway not lighted,Dry,Cloudy,None apparent,Non-intersection:  Non-junction/no special feature,Paved,,Property Damage Only,0,0,0,0,0,0,1500,1,1,,POINT (-93.532572862201 41.284690959247)
2014833076,S14-004883,12/10/2014,12-December,4-Wednesday,08:00,0800 Hours,District 4 (Southwest),UNDERWOOD,POTTAWATTAMIE,,MAGNOLIA RD,Collision with fixed object:  Bridge overhead structure,Unknown,Non-collision (single vehicle),Unknown,None Indicated,,Unknown,Dry,Unknown,None apparent,Non-intersection:  Other non-intersection (explain in narrative),Paved,,Property Damage Only,0,0,0,0,0,0,3000,1,1,,POINT (-95.682570555076 41.37623749286)
2014832849,14026127,12/10/2014,12-December,4-Wednesday,22:41,2200 Hours,District 6 (East Central),MARION,LINN,,BROCKMAN AVE & MAPLECREST DR,Collision with:  Vehicle in traffic,On Roadway,Broadside (front to side),FTYROW:  From yield sign,None Indicated,,Dark - roadway lighted,Dry,Clear,None apparent,Intersection:  Four-way intersection,Paved,,Possible/Unknown,0,1,0,0,1,0,13150,3,2,,POINT (-91.589709336989 42.042175207622)
2014832866,149605,12/10/2014,12-December,4-Wednesday,19:25,1900 Hours,District 4 (Southwest),,DALLAS,,Co Rd R16/R AVE,Non-collision events:  Overturn/rollover,On Roadway,Non-collision (single vehicle),Crossed centerline (undivided),None Indicated,,Dark - roadway not lighted,Dry,Clear,None apparent,Non-intersection:  Non-junction/no special feature,Paved,,Property Damage Only,0,0,0,0,0,0,10000,1,1,,POINT (-93.955260656402 41.603559181494)
2014832975,14-40275,12/10/2014,12-December,4-Wednesday,09:00,0900 Hours,District 3 (Northwest),SIOUX CITY,WOODBURY,IA 376,IA 376/LEWIS BLVD & 4TH ST,Collision with:  Vehicle in traffic,On Roadway,Broadside (front to side),FTYROW:  From driveway,None Indicated,,Daylight,Dry,Cloudy,None apparent,Non-intersection:  Driveway access (within),Paved,,Possible/Unknown,0,1,0,0,1,0,14000,2,2,,POINT (-96.378310162696 42.4943413383)
2014833245,,12/10/2014,12-December,4-Wednesday,09:00,0900 Hours,District 5 (Southeast),,WASHINGTON,IA 1,IA 1,Collision with:  Animal,On Roadway,Non-collision (single vehicle),Animal,None Indicated,,Daylight,Dry,Clear,,Non-intersection:  Non-junction/no special feature,Paved,,Property Damage Only,0,0,0,0,0,0,6800,1,1,,POINT (-91.777619436387 41.224180366875)
2014835742,1412101845,12/10/2014,12-December,4-Wednesday,18:45,1800 Hours,District 6 (East Central),ANAMOSA,JONES,,WOOD RIDGE ROAD,Collision with:  Animal,,,Animal,None Indicated,,,,,,,Paved,,Property Damage Only,0,0,0,0,0,0,3500,1,1,,POINT (-91.251484743665 42.097905989106)
2014833181,2014068667,12/10/2014,12-December,4-Wednesday,17:20,1700 Hours,District 6 (East Central),,BENTON,,Co Rd W26/32 AVE & 62 ST TRL,Collision with:  Animal,,,Animal,None Indicated,,,,,,,Paved,,Property Damage Only,0,0,0,0,0,0,2000,1,1,,POINT (-91.873369541145 42.108364153115)
2014836826,,12/10/2014,12-December,4-Wednesday,09:22,0900 Hours,District 2 (Northeast),DECORAH,WINNESHIEK,IA 9,IA 9/IOWA 9,Collision with:  Animal,On Roadway,Non-collision (single vehicle),Animal,None Indicated,,Daylight,Dry,Cloudy,None apparent,Non-intersection:  Non-junction/no special feature,Paved,,Property Damage Only,0,0,0,0,0,0,4000,1,1,,POINT (-91.765272289089 43.290911742856)
2014833238,14007460,12/10/2014,12-December,4-Wednesday,05:54,0500 Hours,District 3 (Northwest),,CHEROKEE,IA 3,IA 3/IOWA 3 & 500TH ST,Non-collision events:  Jackknife,On Roadway,Non-collision (single vehicle),Swerving/Evasive Action,None Indicated,,Dark - roadway not lighted,Dry,Clear,None apparent,Non-intersection:  Non-junction/no special feature,Paved,,Property Damage Only,0,0,0,0,0,0,4850,1,1,,POINT (-95.573823423677 42.792862479165)
2014832978,1409819PD,12/10/2014,12-December,4-Wednesday,07:10,0700 Hours,District 1 (Central),BOONE,BOONE,,SNEDDEN DR,Collision with:  Animal,,,Animal,None Indicated,,,,,,,Paved,,Property Damage Only,0,0,0,0,0,0,3000,1,1,,POINT (-93.85414202071 42.039970529745)
2014832855,W14-120211,12/10/2014,12-December,4-Wednesday,06:54,0600 Hours,District 2 (Northeast),WATERLOO,BLACK HAWK,US 63,US 63/E MULLAN AVE & DANE ST,Collision with:  Vehicle in traffic,On Roadway,"Angle, oncoming left turn",Other (explain in narrative):  Other,None Indicated,,Dawn,Dry,Cloudy,None apparent,Intersection:  Four-way intersection,Paved,,Property Damage Only,0,0,0,0,0,0,11000,2,2,,POINT (-92.336702841293 42.507680048614)
2014832955,20140036561,12/10/2014,12-December,4-Wednesday,17:30,1700 Hours,District 1 (Central),DES MOINES,POLK,,ARMY POST RD & SW 17TH ST,Collision with:  Vehicle in traffic,On Roadway,Rear-end (front to rear),Followed too close,None Indicated,,Dark - roadway lighted,Dry,Clear,None apparent,Non-intersection:  Non-junction/no special feature,Paved,,Property Damage Only,0,0,0,0,0,0,2000,2,3,,POINT (-93.639490634082 41.52653935779)
2014832919,W14-120295,12/10/2014,12-December,4-Wednesday,14:33,1400 Hours,District 2 (Northeast),WATERLOO,BLACK HAWK,,E 6TH ST & FRANKLIN ST,Collision with:  Vehicle in traffic,On Roadway,"Sideswipe, same direction",Other (explain in narrative):  No improper action,None Indicated,,Daylight,Dry,Clear,None apparent,Intersection:  Four-way intersection,Paved,,Property Damage Only,0,0,0,0,0,0,6000,2,3,,POINT (-92.331011813284 42.499181497642)