Iowa DOT Case Number,Law Enforcement Case Number,Date of Crash,Month of Crash,Day of Week,Time of Crash,Hour,DOT District,City Name,County Name,Route with System,Location Description,First Harmful Event,Location of First Harmful Event,Manner of Crash/Collision,Major Cause,Drug or Alcohol ,Environmental Conditions,Light Conditions,Surface Conditions,Weather Conditions,Roadway Contribution,Roadway Type,Roadway Surface,Work Zone,Crash Severity,Number of Fatalities,Number of Injuries,Number of Major Injuries,Number of Minor Injuries,Number of Possible Injuries,Number of Unknown Injuries,Amount of Property Damage,Number of Vehicles Involved,Total Number of Occupants,Travel Direction,Location
2014833087,143751,12/10/2014,12-December,4-Wednesday,17:23,1700 Hours,District 3 (Northwest),,CRAWFORD,,DELOIT BLVD,Collision with:  Animal,,,Animal,None Indicated,,,,,,,Unpaved,,Property Damage Only,0,0,0,0,0,0,2500,1,1,,POINT (-95.342903742997 42.063602466157)
2014833182,2014068692,12/10/2014,12-December,4-Wednesday,22:50,2200 Hours,District 2 (Northeast),,BREMER,US 218,US 218,Collision with:  Animal,,,Animal,None Indicated,,,,,,,Paved,,Property Damage Only,0,0,0,0,0,0,1500,1,1,,POINT (-92.544657751861 42.880615152103)
2014833662,PC1403141,12/10/2014,12-December,4-Wednesday,17:40,1700 Hours,District 1 (Central),PRAIRIE CITY,JASPER,IA 163,IA 163/IOWA 163 W,Collision with:  Animal,,,Animal,None Indicated,,,,,,,Paved,,Property Damage Only,0,0,0,0,0,0,2000,1,1,,POINT (-93.25099242461 41.594652806326)
2014832648,14185794,12/10/2014,12-December,4-Wednesday,06:24,0600 Hours,District 6 (East Central),,JOHNSON,US 218,US 218/NE RAMP CURV,Collision with:  Animal,,,Animal,None Indicated,,,,,,,Paved,,Property Damage Only,0,0,0,0,0,0,2000,1,1,,POINT (-91.551623143032 41.617138101117)
2014854303,185-2014,12/10/2014,12-December,4-Wednesday,09:51,0900 Hours,District 4 (Southwest),,HARRISON,IA 44,IA 44/IOWA 44,Collision with:  Animal,,,Animal,None Indicated,,,,,,,Paved,,Property Damage Only,0,0,0,0,0,0,2000,1,1,,POINT (-95.622839174164 41.646029363304)
2014833228,14-020784,12/10/2014,12-December,4-Wednesday,12:37,1200 Hours,District 5 (Southeast),,HENRY,US 34,US 34 & RACINE AVE,Collision with:  Vehicle in traffic,On Roadway,Broadside (front to side),FTYROW:  From yield sign,None Indicated,,Daylight,Dry,Cloudy,None apparent,Intersection:  Four-way intersection,Paved,,Minor Injury,0,2,0,2,0,0,14800,2,3,,POINT (-91.381393206523 40.905582618707)
2014833633,14028605,12/10/2014,12-December,4-Wednesday,14:01,1400 Hours,District 5 (Southeast),OSKALOOSA,MAHASKA,US 63,US 63/S MARKET ST & 15TH AVE E,Collision with:  Vehicle in traffic,On Roadway,Rear-end (front to rear),Other (explain in narrative):  Other,None Indicated,,Daylight,Dry,Cloudy,None apparent,Intersection:  T-intersection,Paved,,Property Damage Only,0,0,0,0,0,0,2000,2,3,,POINT (-92.645521119408 41.281593835031)
2014832892,14-14222,12/10/2014,12-December,4-Wednesday,19:00,1900 Hours,District 3 (Northwest),,SIOUX,,Co Rd B40/390TH ST,Collision with:  Animal,,,Animal,None Indicated,,,,,,,Paved,,Property Damage Only,0,0,0,0,0,0,3000,1,1,,POINT (-96.42164227613 43.083889893895)
2014835292,14229,12/10/2014,12-December,4-Wednesday,11:59,1100 Hours,District 5 (Southeast),PELLA,MARION,,PEACE ST & W 4TH ST,Collision with:  Parked motor vehicle,On Roadway,"Sideswipe, same direction",FTYROW:  Other (explain in narrative),None Indicated,,Daylight,Dry,Cloudy,None apparent,Non-intersection:  Non-junction/no special feature,Paved,,Property Damage Only,0,0,0,0,0,0,4000,2,1,,POINT (-92.925265375114 41.401512400356)
2014832853,14009004,12/10/2014,12-December,4-Wednesday,10:00,1000 Hours,District 3 (Northwest),EMMETSBURG,PALO ALTO,,12TH ST,Collision with fixed object:  Utility pole/light support,Shoulder,Non-collision (single vehicle),Ran off road - right,None Indicated,,Daylight,Dry,Cloudy,None apparent,Non-intersection:  Non-junction/no special feature,Paved,,Property Damage Only,0,0,0,0,0,0,20800,1,1,,POINT (-94.675863653423 43.10922358349)
2014833198,2014-84374,12/10/2014,12-December,4-Wednesday,14:37,1400 Hours,District 6 (East Central),DAVENPORT,SCOTT,,IA 461/W RIVER DR,Collision with:  Vehicle in traffic,On Roadway,Rear-end (front to rear),Followed too close,None Indicated,,Daylight,Dry,Cloudy,None apparent,Non-intersection:  Non-junction/no special feature,Paved,,Property Damage Only,0,0,0,0,0,0,2000,2,2,,POINT (-90.591883090089 41.51985088668)
2014832943,2014-040402,12/10/2014,12-December,4-Wednesday,16:45,1600 Hours,District 6 (East Central),DUBUQUE,DUBUQUE,,FENGLER ST,Collision with:  Vehicle in traffic,On Roadway,Broadside (front to side),FTYROW:  Other (explain in narrative),None Indicated,,Dark - roadway lighted,Dry,Cloudy,None apparent,Non-intersection:  Non-junction/no special feature,Paved,,Possible/Unknown,0,1,0,0,1,0,7500,2,4,,POINT (-90.659022010971 42.519841710686)
2014833582,2014-26448,12/10/2014,12-December,4-Wednesday,17:01,1700 Hours,District 5 (Southeast),INDIANOLA,WARREN,US 65,US 65,Collision with:  Vehicle in traffic,On Roadway,Rear-end (front to rear),Other (explain in narrative):  Other,None Indicated,,Dusk,Dry,Clear,None apparent,Intersection:  Four-way intersection,Paved,,Possible/Unknown,0,1,0,0,1,0,2500,3,3,,POINT (-93.558696183187 41.393136372287)
2014832902,SO1405344,12/10/2014,12-December,4-Wednesday,06:05,0600 Hours,District 5 (Southeast),,JEFFERSON,,Co Rd W30/STOCKPORT RD,Collision with:  Animal,,,Animal,None Indicated,,,,,,,Paved,,Property Damage Only,0,0,0,0,0,0,6000,1,1,,POINT (-91.849928212148 40.923143631449)
2014834025,2014068680,12/10/2014,12-December,4-Wednesday,20:00,2000 Hours,District 1 (Central),,POWESHIEK,I-80,I-80,Collision with fixed object:  Guardrail - face,Median,Non-collision (single vehicle),Swerving/Evasive Action,None Indicated,,Dark - roadway not lighted,Dry,Cloudy,None apparent,Non-intersection:  Non-junction/no special feature,Paved,,Property Damage Only,0,0,0,0,0,0,7500,1,2,,POINT (-92.473982912025 41.694946166766)
2014837052,14120194,12/10/2014,12-December,4-Wednesday,18:18,1800 Hours,District 5 (Southeast),CHILLICOTHE,WAPELLO,US 63,US 63,Collision with:  Animal,,,Animal,None Indicated,,,,,,,Paved,,Property Damage Only,0,0,0,0,0,0,1500,1,1,,POINT (-92.469831641599 41.096446202549)
2014834758,14007723,12/10/2014,12-December,4-Wednesday,12:37,1200 Hours,District 2 (Northeast),THORNTON,CERRO GORDO,,Co Rd B65/ASH ST,Collision with fixed object:  Ditch,,,Swerving/Evasive Action,None Indicated,,,,,,,Paved,,Property Damage Only,0,0,0,0,0,0,4000,1,1,,POINT (-93.378244412798 42.944157452455)
2014832961,20140036578,12/10/2014,12-December,4-Wednesday,21:11,2100 Hours,District 1 (Central),DES MOINES,POLK,,26TH ST,Collision with fixed object:  Ditch,Outside trafficway,Non-collision (single vehicle),"Operating vehicle in an reckless, erratic, careless, negligent manner",None Indicated,,Dark - roadway lighted,Dry,Cloudy,None apparent,Intersection:  Other intersection (explain in narrative),Paved,,Possible/Unknown,0,3,0,0,3,0,5000,1,4,,POINT (-93.651737949065 41.614588747459)
2014832940,2014-014291,12/10/2014,12-December,4-Wednesday,21:30,2100 Hours,District 6 (East Central),,DUBUQUE,US 52,US 52,Collision with:  Animal,,,Animal,None Indicated,,,,,,,Paved,,Property Damage Only,0,0,0,0,0,0,8000,1,1,,POINT (-90.74318449169 42.555462524641)
2014832847,14026122,12/10/2014,12-December,4-Wednesday,20:40,2000 Hours,District 6 (East Central),MARION,LINN,IA 100,IA 100/COLLINS RD SE,Collision with:  Animal,On Roadway,Non-collision (single vehicle),Animal,None Indicated,,Dark - roadway not lighted,Dry,Clear,None apparent,Non-intersection:  Non-junction/no special feature,Paved,,Property Damage Only,0,0,0,0,0,0,2500,1,1,,POINT (-91.565957842496 42.020040522962)
2014833794,201400004550,12/10/2014,12-December,4-Wednesday,00:30,0000 Hours,District 6 (East Central),,LINN,I-380,I-380,Collision with:  Animal,,,Animal,None Indicated,,,,,,,Paved,,Property Damage Only,0,0,0,0,0,0,1500,1,1,,POINT (-91.751648289494 42.153810747216)
2014833187,P14-013622,12/10/2014,12-December,4-Wednesday,09:02,0900 Hours,District 1 (Central),WEBSTER CITY,HAMILTON,,PLEASANT ST,Collision with:  Parked motor vehicle,On Roadway,Broadside (front to side),Improper Backing,None Indicated,,Daylight,Dry,Cloudy,None apparent,Non-intersection:  Non-junction/no special feature,Paved,,Property Damage Only,0,0,0,0,0,0,3000,2,1,,POINT (-93.818388191289 42.458919564447)
2014833021,14-005794,12/10/2014,12-December,4-Wednesday,12:43,1200 Hours,District 1 (Central),AMES,STORY,,LINCOLN WAY,Collision with:  Vehicle in traffic,On Roadway,Rear-end (front to rear),Followed too close,None Indicated,,Daylight,Dry,Cloudy,None apparent,Non-intersection:  Non-junction/no special feature,Paved,,Property Damage Only,0,0,0,0,0,0,4600,3,3,,POINT (-93.648836010732 42.022788315777)
2014832976,14-40319,12/10/2014,12-December,4-Wednesday,16:14,1600 Hours,District 3 (Northwest),SIOUX CITY,WOODBURY,,PIERCE ST,Collision with:  Vehicle in traffic,On Roadway,Broadside (front to side),FTYROW:  From stop sign,None Indicated,,Daylight,Dry,Cloudy,None apparent,Intersection:  Four-way intersection,Paved,,Property Damage Only,0,0,0,0,0,0,7000,2,3,,POINT (-96.405082726478 42.513231900552)
2014833694,14050966,12/10/2014,12-December,4-Wednesday,17:30,1700 Hours,District 5 (Southeast),,MUSCATINE,,BURLINGTON RD,Collision with:  Animal,Roadside,Non-collision (single vehicle),Animal,None Indicated,,Dark - roadway not lighted,Dry,Cloudy,None apparent,Non-intersection:  Non-junction/no special feature,Paved,,Property Damage Only,0,0,0,0,0,0,2000,1,1,,POINT (-91.180900022661 41.387434559633)
2014833062,201418374,12/10/2014,12-December,4-Wednesday,14:15,1400 Hours,District 6 (East Central),CEDAR RAPIDS,LINN,,BLAIRS FERRY RD NE & COUNCIL ST NE,Collision with:  Vehicle in traffic,On Roadway,"Sideswipe, same direction",Improper or erratic lane changing,None Indicated,,Daylight,Dry,Cloudy,None apparent,Non-intersection:  Non-junction/no special feature,Paved,,Property Damage Only,0,0,0,0,0,0,2000,2,2,,POINT (-91.658326373597 42.035216476928)
2014832852,14007259,12/10/2014,12-December,4-Wednesday,16:30,1600 Hours,District 3 (Northwest),SHELDON,OBRIEN,US 18,US 18/PARK ST & NORMAL COLLEGE AVE,Collision with:  Animal,On Roadway,Non-collision (single vehicle),Animal,None Indicated,,Dusk,Dry,Cloudy,None apparent,Non-intersection:  Non-junction/no special feature,Paved,,Property Damage Only,0,0,0,0,0,0,1500,1,1,,POINT (-95.840918693433 43.186010863582)
2014832857,14-0704,12/10/2014,12-December,4-Wednesday,06:40,0600 Hours,District 1 (Central),FORT DODGE,WEBSTER,US 169,US 169,Collision with:  Animal,,,Animal,None Indicated,,,,,,,Paved,,Property Damage Only,0,0,0,0,0,0,5000,1,1,,POINT (-94.207523631106 42.47735529121)
2014832848,14026080,12/10/2014,12-December,4-Wednesday,06:00,0600 Hours,District 6 (East Central),MARION,LINN,,E POST RD,Collision with:  Animal,On Roadway,Non-collision (single vehicle),Animal,None Indicated,,Dark - roadway lighted,Dry,Clear,None apparent,Non-intersection:  Non-junction/no special feature,Paved,,Property Damage Only,0,0,0,0,0,0,2500,1,1,,POINT (-91.599280245954 42.014039543878)
2014832810,14-6251,12/10/2014,12-December,4-Wednesday,13:00,1300 Hours,District 1 (Central),WEST DES MOINES,POLK,,WESTOWN PKWY,Collision with:  Vehicle in traffic,On Roadway,Broadside (front to side),FTYROW:  From parked position,None Indicated,,Daylight,Dry,Cloudy,None apparent,Non-intersection:  Driveway access (within),Paved,,Property Damage Only,0,0,0,0,0,0,2500,2,3,,POINT (-93.770526413518 41.595434210307)
2014832936,S14-12962,12/10/2014,12-December,4-Wednesday,16:50,1600 Hours,District 3 (Northwest),SALIX,WOODBURY,I-29,I-29,Collision with:  Vehicle in traffic,On Roadway,"Sideswipe, same direction",Improper or erratic lane changing,None Indicated,,Dusk,Dry,Clear,None apparent,Non-intersection:  Non-junction/no special feature,Paved,,Property Damage Only,0,0,0,0,0,0,4000,2,2,,POINT (-96.309368591051 42.322079088349)
2014833706,14-028991,12/10/2014,12-December,4-Wednesday,21:54,2100 Hours,District 2 (Northeast),HANLONTOWN,WORTH,,370TH ST,Non-collision events:  Overturn/rollover,On Roadway,Non-collision (single vehicle),Swerving/Evasive Action,None Indicated,,Dark - roadway not lighted,"Mud, dirt",Cloudy,None apparent,Non-intersection:  Non-junction/no special feature,Unpaved,,Property Damage Only,0,0,0,0,0,0,15000,1,1,,POINT (-93.417568757046 43.302351947046)
2014832732,CL14004303,12/10/2014,12-December,4-Wednesday,00:20,0000 Hours,District 6 (East Central),CLINTON,CLINTON,,19TH PL,Collision with:  Vehicle in traffic,On Roadway,"Sideswipe, same direction",Equipment failure,None Indicated,,Dark - roadway not lighted,Dry,Clear,None apparent,Non-intersection:  Non-junction/no special feature,Paved,,Property Damage Only,0,0,0,0,0,0,3300,2,1,,POINT (-90.208390720619 41.827247974186)
2014832846,14026114,12/10/2014,12-December,4-Wednesday,17:23,1700 Hours,District 6 (East Central),MARION,LINN,IA 13,IA 13/IOWA 13,Collision with:  Animal,On Roadway,Non-collision (single vehicle),Animal,None Indicated,,Dark - roadway not lighted,Dry,Cloudy,None apparent,Non-intersection:  Non-junction/no special feature,Paved,,Property Damage Only,0,0,0,0,0,0,5000,1,1,,POINT (-91.550272779529 42.051734792351)
2014833654,149606,12/10/2014,12-December,4-Wednesday,21:05,2100 Hours,District 4 (Southwest),,DALLAS,IA 141,IA 141/141ST ST,Collision with:  Animal,,,Animal,None Indicated,,,,,,,Paved,,Property Damage Only,0,0,0,0,0,0,1500,1,1,,POINT (-94.13900229874 41.835308395177)
2014832875,20140036580,12/10/2014,12-December,4-Wednesday,21:46,2100 Hours,District 1 (Central),DES MOINES,POLK,,SW 7TH ST & SW 6TH AVE & W MLK JR PKWY,Collision with:  Vehicle in traffic,On Roadway,"Angle, oncoming left turn",FTYROW:  Making left turn,None Indicated,,Dark - roadway lighted,Dry,Clear,None apparent,Intersection:  Four-way intersection,Paved,,Property Damage Only,0,0,0,0,0,0,4000,2,3,,POINT (-93.624318185435 41.58158529596)
2014832851,14-6318,12/10/2014,12-December,4-Wednesday,15:55,1500 Hours,District 6 (East Central),HIAWATHA,LINN,,BOYSON RD & ROBINS RD,Collision with:  Vehicle in traffic,On Roadway,Rear-end (front to rear),Lost Control,None Indicated,,Daylight,Dry,Cloudy,None apparent,Intersection:  Four-way intersection,Paved,,Property Damage Only,0,0,0,0,0,0,10250,2,2,,POINT (-91.672940090305 42.047617018107)
2014841916,2014068677,12/10/2014,12-December,4-Wednesday,19:00,1900 Hours,District 4 (Southwest),,HARRISON,IA 127,IA 127/IOWA 127 & Co Rd L20/LOESS HILLS TRL,Collision with:  Vehicle in traffic,On Roadway,Head-on (front to front),Crossed centerline (undivided),None Indicated,,Dark - roadway not lighted,Dry,Clear,None apparent,Intersection:  T-intersection,Paved,,Possible/Unknown,0,2,0,0,2,0,13000,2,3,,POINT (-95.947183514451 41.698269567864)
2014833732,14-43759,12/10/2014,12-December,4-Wednesday,20:40,2000 Hours,District 5 (Southeast),BURLINGTON,DES MOINES,US 61,US 61 & AGENCY ST,Collision with:  Vehicle in traffic,On Roadway,Rear-end (front to rear),Other (explain in narrative):  Other,None Indicated,,Dark - roadway lighted,Dry,Clear,None apparent,Non-intersection:  Non-junction/no special feature,Paved,,Property Damage Only,0,0,0,0,0,0,1700,2,2,,POINT (-91.141408710415 40.814858574591)
2014833627,14-029841,12/10/2014,12-December,4-Wednesday,05:12,0500 Hours,District 5 (Southeast),,MARION,IA 5,IA 5/IOWA 5,Collision with:  Animal,,,Animal,None Indicated,,,,,,,Paved,,Property Damage Only,0,0,0,0,0,0,2500,1,1,,POINT (-92.92236559815 41.173712560631)
2014833501,14-005348,12/10/2014,12-December,4-Wednesday,18:51,1800 Hours,District 1 (Central),ANKENY,POLK,,NW STATE ST & NW 18TH ST,Collision with:  Vehicle in traffic,On Roadway,Rear-end (front to rear),Driver Distraction:  Manual operation of an electronic communication device,None Indicated,,Dark - roadway lighted,Dry,Clear,None apparent,Non-intersection:  Non-junction/no special feature,Paved,,Property Damage Only,0,0,0,0,0,0,2000,2,2,,POINT (-93.619670120987 41.74637794605)
2014832873,PD1411033,12/10/2014,12-December,4-Wednesday,14:07,1400 Hours,District 5 (Southeast),FAIRFIELD,JEFFERSON,,BUS US 34 & W BURLINGTON AVE,Collision with:  Vehicle in traffic,On Roadway,Rear-end (front to rear),Followed too close,None Indicated,,Daylight,Dry,Cloudy,None apparent,Non-intersection:  Non-junction/no special feature,Paved,,Property Damage Only,0,0,0,0,0,0,4500,2,4,,POINT (-91.997884158587 41.006345000961)
2014833069,14120277,12/10/2014,12-December,4-Wednesday,13:10,1300 Hours,District 2 (Northeast),CEDAR FALLS,BLACK HAWK,,4TH ST & WASHINGTON ST,Collision with:  Vehicle in traffic,On Roadway,Broadside (front to side),FTYROW:  From stop sign,None Indicated,,Daylight,Dry,Cloudy,None apparent,Intersection:  Four-way intersection,Paved,,Minor Injury,0,1,0,1,0,0,4000,2,2,,POINT (-92.446872730502 42.535048010795)
2014832954,20140036551,12/10/2014,12-December,4-Wednesday,16:25,1600 Hours,District 5 (Southeast),DES MOINES,WARREN,IA 5,IA 5/SW RAMP,Collision with:  Vehicle in traffic,On Roadway,Rear-end (front to rear),Other (explain in narrative):  Other,None Indicated,,Dusk,Dry,Cloudy,None apparent,Interchange-related:  Off-ramp,Paved,,Property Damage Only,0,0,0,0,0,0,2000,2,2,,POINT (-93.626309952832 41.497130778287)
2014833469,PD14-11845,12/10/2014,12-December,4-Wednesday,13:35,1300 Hours,District 1 (Central),MARSHALLTOWN,MARSHALL,,NICHOLAS DR & S CENTER ST,Collision with:  Vehicle in traffic,On Roadway,Broadside (front to side),Ran Traffic Signal,None Indicated,,Daylight,Dry,Cloudy,None apparent,Intersection:  Four-way intersection,Paved,,Property Damage Only,0,0,0,0,0,0,10000,2,2,,POINT (-92.912654205161 42.015636324496)
2014836843,391214-2798,12/10/2014,12-December,4-Wednesday,13:57,1300 Hours,District 4 (Southwest),,GUTHRIE,,Co Rd F65/WHITE POLE RD & ZENITH RD,Collision with:  Animal,,,Animal,None Indicated,,,,,,,Paved,,Property Damage Only,0,0,0,0,0,0,3000,1,1,,POINT (-94.251171597427 41.515106830491)
2014833688,S14-120345,12/10/2014,12-December,4-Wednesday,17:52,1700 Hours,District 2 (Northeast),,BLACK HAWK,,Co Rd V25/WAGNER RD,Collision with:  Animal,,,Animal,None Indicated,,,,,,,Paved,,Property Damage Only,0,0,0,0,0,0,2500,1,1,,POINT (-92.376913414914 42.607392163809)
2014833081,14-252,12/10/2014,12-December,4-Wednesday,17:25,1700 Hours,District 2 (Northeast),WAVERLY,BREMER,IA 3,IA 3/BREMER AVE & 3RD ST SW & 3RD ST NW,Collision with:  Vehicle in traffic,On Roadway,Rear-end (front to rear),Followed too close,None Indicated,,Dark - roadway lighted,Dry,Cloudy,None apparent,Non-intersection:  Non-junction/no special feature,Paved,,Property Damage Only,0,0,0,0,0,0,2000,2,3,,POINT (-92.474447337299 42.725755186461)
2014832984,CL14004310,12/10/2014,12-December,4-Wednesday,17:48,1700 Hours,District 6 (East Central),CLINTON,CLINTON,US 30,US 30/LINCOLN WAY,Collision with:  Vehicle in traffic,On Roadway,Rear-end (front to rear),Other (explain in narrative):  Other,None Indicated,,Dark - roadway lighted,Dry,Clear,None apparent,Non-intersection:  Non-junction/no special feature,Paved,,Property Damage Only,0,0,0,0,0,0,2500,2,3,,POINT (-90.229199456726 41.816026691222)
2014833591,1412100619,12/10/2014,12-December,4-Wednesday,06:19,0600 Hours,District 6 (East Central),,JONES,US 151,US 151,Collision with:  Animal,,,Animal,None Indicated,,,,,,,Paved,,Property Damage Only,0,0,0,0,0,0,4000,1,1,,POINT (-91.294305360195 42.07127110388)
2014833060,201418347,12/10/2014,12-December,4-Wednesday,06:55,0600 Hours,District 6 (East Central),CEDAR RAPIDS,LINN,,3RD AVE SE & 10TH ST SE,Collision with:  Vehicle in traffic,On Roadway,Broadside (front to side),FTYROW:  Making right turn on red signal,None Indicated,,Dark - roadway lighted,Dry,Cloudy,None apparent,Intersection:  Four-way intersection,Paved,,Property Damage Only,0,0,0,0,0,0,5300,2,2,,POINT (-91.658005931532 41.982093029982)
2014833703,80-14-395,12/10/2014,12-December,4-Wednesday,09:53,0900 Hours,District 2 (Northeast),HUMBOLDT,HUMBOLDT,,1ST AVE N & 8TH ST N,Collision with:  Vehicle in traffic,On Roadway,Broadside (front to side),Unknown,None Indicated,,Daylight,Dry,Cloudy,None apparent,Intersection:  Four-way intersection,Paved,,Property Damage Only,0,0,0,0,0,0,11000,2,2,,POINT (-94.219234588151 42.722164193423)
2014832927,CL14004307,12/10/2014,12-December,4-Wednesday,15:00,1500 Hours,District 6 (East Central),CLINTON,CLINTON,US 67,US 67/N 2ND ST & 12TH AVE N,Collision with:  Vehicle in traffic,On Roadway,"Sideswipe, same direction",Improper Backing,None Indicated,,Daylight,Dry,Clear,None apparent,Non-intersection:  Non-junction/no special feature,Paved,,Property Damage Only,0,0,0,0,0,0,5000,2,2,,POINT (-90.185315816425 41.857294809712)
2014833003,,12/10/2014,12-December,4-Wednesday,06:59,0600 Hours,District 1 (Central),DYSART,TAMA,,SHERMAN ST & S MAIN ST,Collision with:  Vehicle in traffic,On Roadway,"Angle, oncoming left turn",Driver Distraction:  Reaching for object(s)/fallen object(s),None Indicated,,Daylight,Dry,Clear,None apparent,Intersection:  T-intersection,Paved,,Property Damage Only,0,0,0,0,0,0,3000,2,2,,POINT (-92.305749326612 42.166724888239)
2014833179,2014068615,12/10/2014,12-December,4-Wednesday,13:04,1300 Hours,District 2 (Northeast),,FLOYD,US 18,US 18,Non-collision events:  Overturn/rollover,Median,Non-collision (single vehicle),Swerving/Evasive Action,None Indicated,,Daylight,Dry,Cloudy,None apparent,Non-intersection:  Non-junction/no special feature,Paved,,Possible/Unknown,0,1,0,0,1,0,5250,1,1,,POINT (-92.991223551465 43.116571207337)
2014832983,14-1975,12/10/2014,12-December,4-Wednesday,17:57,1700 Hours,District 1 (Central),,GREENE,,Co Rd E53/237TH,Collision with:  Animal,On Roadway,Non-collision (single vehicle),Animal,None Indicated,,Dark - roadway not lighted,Dry,Clear,None apparent,Non-intersection:  Non-junction/no special feature,Paved,,Property Damage Only,0,0,0,0,0,0,3500,1,1,,POINT (-94.421281016362 42.011607214717)
2014833199,2014-84429,12/10/2014,12-December,4-Wednesday,17:21,1700 Hours,District 6 (East Central),DAVENPORT,SCOTT,US 6,US 6/E KIMBERLY RD/SPRUCE HILLS DR,Collision with:  Vehicle in traffic,On Roadway,Rear-end (front to rear),Other (explain in narrative):  Other,None Indicated,,Dusk,Dry,Cloudy,None apparent,Non-intersection:  Non-junction/no special feature,Paved,,Property Damage Only,0,0,0,0,0,0,4000,2,3,,POINT (-90.529169209234 41.555184774246)
2014833821,201405819,12/10/2014,12-December,4-Wednesday,16:20,1600 Hours,District 1 (Central),,BOONE,US 30,US 30/220TH ST,Non-collision events:  Overturn/rollover,On Roadway,Non-collision (single vehicle),Crossed centerline (undivided),None Indicated,,Daylight,Dry,Cloudy,None apparent,Non-intersection:  Non-junction/no special feature,Paved,,Possible/Unknown,0,2,0,0,2,0,8000,2,3,,POINT (-94.011057540831 42.029616938009)
2014866161,2014-89-AC,12/10/2014,12-December,4-Wednesday,06:23,0600 Hours,District 3 (Northwest),,DICKINSON,IA 9,IA 9/IOWA 9 & Co Rd N14/310TH AVE,Collision with:  Vehicle in traffic,On Roadway,Broadside (front to side),Ran Stop Sign,None Indicated,,Dawn,Other (explain in narrative),Rain,"Surface condition (e.g., wet, icy)",Intersection:  Four-way intersection,Paved,,Minor Injury,0,1,0,1,0,0,15000,2,2,,POINT (-94.973908550513 43.430506918207)
2014834023,2014068637,12/10/2014,12-December,4-Wednesday,14:35,1400 Hours,District 4 (Southwest),WEST DES MOINES,DALLAS,I-80,I-80,Non-collision events:  Overturn/rollover,Shoulder,Non-collision (single vehicle),Swerving/Evasive Action,None Indicated,,Daylight,Dry,Clear,None apparent,Non-intersection:  Non-junction/no special feature,Paved,,Minor Injury,0,2,0,2,0,0,23500,1,2,,POINT (-93.861730336188 41.565693485806)
2014832827,14-01205,12/10/2014,12-December,4-Wednesday,10:12,1000 Hours,District 1 (Central),TOLEDO,TAMA,US 63,US 63/S COUNTY ROAD & ROSS ST,Collision with:  Vehicle in traffic,On Roadway,Broadside (front to side),FTYROW:  From stop sign,None Indicated,,Daylight,Dry,Cloudy,None apparent,Intersection:  Four-way intersection,Paved,,Minor Injury,0,2,0,2,0,0,15000,2,2,,POINT (-92.581669901447 41.992877051972)
2014833026,121014-182,12/10/2014,12-December,4-Wednesday,18:30,1800 Hours,District 3 (Northwest),,BUENA VISTA,,Co Rd C65/630TH ST & Co Rd M31/50TH AVE,Collision with:  Vehicle in traffic,On Roadway,Broadside (front to side),FTYROW:  From stop sign,None Indicated,,Dark - roadway not lighted,Dry,Clear,None apparent,Intersection:  Four-way intersection,Paved,,Possible/Unknown,0,1,0,0,1,0,5000,2,4,,POINT (-95.309163895435 42.604559575402)
2014833108,1412102791,12/10/2014,12-December,4-Wednesday,18:30,1800 Hours,District 6 (East Central),,CLINTON,,160 ST & 150 AVE,Collision with:  Animal,On Roadway,Non-collision (single vehicle),Animal,None Indicated,,Dark - roadway not lighted,"Mud, dirt",Cloudy,None apparent,Non-intersection:  Other non-intersection (explain in narrative),Unpaved,,Property Damage Only,0,0,0,0,0,0,3500,1,1,,POINT (-90.801021053501 41.945627920731)
2014832913,14010535,12/10/2014,12-December,4-Wednesday,09:34,0900 Hours,District 6 (East Central),,DELAWARE,,Co Rd X47/300TH AVE & 177TH ST,Non-collision events:  Other non-collision (explain in narrative),On Roadway,Non-collision (single vehicle),FTYROW:  Other (explain in narrative),None Indicated,,Daylight,Dry,Cloudy,None apparent,Intersection:  T-intersection,Paved,,Property Damage Only,0,0,0,0,0,0,4000,2,3,,POINT (-91.213996511661 42.532954811951)
2014833451,2014-84247,12/10/2014,12-December,4-Wednesday,03:11,0300 Hours,District 6 (East Central),DAVENPORT,SCOTT,,ELMORE AVE,Collision with:  Animal,,,Animal,None Indicated,,,,,,,Paved,,Property Damage Only,0,0,0,0,0,0,1500,1,1,,POINT (-90.527114483544 41.560958677053)
2014832722,N14000678,12/10/2014,12-December,4-Wednesday,08:07,0800 Hours,District 6 (East Central),NORTH LIBERTY,JOHNSON,,HWY 965,Collision with:  Vehicle in traffic,On Roadway,Rear-end (front to rear),Followed too close,None Indicated,,Daylight,Dry,Cloudy,None apparent,Non-intersection:  Non-junction/no special feature,Paved,,Property Damage Only,0,0,0,0,0,0,6500,3,3,,POINT (-91.607799321125 41.723978256384)
2014833106,14-32578,12/10/2014,12-December,4-Wednesday,17:50,1700 Hours,District 1 (Central),NEWTON,JASPER,,S 5TH AVE E & E 11TH ST S,Collision with:  Vehicle in traffic,On Roadway,Broadside (front to side),FTYROW:  From stop sign,None Indicated,,Dark - roadway lighted,Dry,Clear,None apparent,Intersection:  Four-way intersection,Paved,,Property Damage Only,0,0,0,0,0,0,4500,2,3,,POINT (-93.03991048094 41.695539564276)
2014833011,14-010384,12/10/2014,12-December,4-Wednesday,10:27,1000 Hours,District 2 (Northeast),,CLAYTON,IA 13,IA 13/IOWA 13 & Co Rd X28/FAWN HOLLOW RD,Collision with:  Animal,,,Animal,None Indicated,,,,,,,Paved,,Property Damage Only,0,0,0,0,0,0,6000,1,1,,POINT (-91.38199246407 42.877569471608)