Iowa DOT Case Number,Law Enforcement Case Number,Date of Crash,Month of Crash,Day of Week,Time of Crash,Hour,DOT District,City Name,County Name,Route with System,Location Description,First Harmful Event,Location of First Harmful Event,Manner of Crash/Collision,Major Cause,Drug or Alcohol ,Environmental Conditions,Light Conditions,Surface Conditions,Weather Conditions,Roadway Contribution,Roadway Type,Roadway Surface,Work Zone,Crash Severity,Number of Fatalities,Number of Injuries,Number of Major Injuries,Number of Minor Injuries,Number of Possible Injuries,Number of Unknown Injuries,Amount of Property Damage,Number of Vehicles Involved,Total Number of Occupants,Travel Direction,Location
2014834766,14028623,12/10/2014,12-December,4-Wednesday,19:20,1900 Hours,District 5 (Southeast),OSKALOOSA,MAHASKA,US 63,US 63/S MARKET ST,Collision with:  Parked motor vehicle,Outside trafficway,Unknown,Unknown,None Indicated,,Dark - roadway not lighted,Dry,Clear,None apparent,Non-intersection:  Non-junction/no special feature,Paved,,Property Damage Only,0,0,0,0,0,0,1500,2,1,,POINT (-92.644677948218 41.276330692888)
2014833180,2014068664,12/10/2014,12-December,4-Wednesday,17:45,1700 Hours,District 5 (Southeast),,DES MOINES,US 61,US 61,Collision with:  Animal,,,Animal,None Indicated,,,,,,,Paved,,Property Damage Only,0,0,0,0,0,0,3000,1,1,,POINT (-91.156463942729 40.748531903047)
2014856779,,12/10/2014,12-December,4-Wednesday,19:42,1900 Hours,District 6 (East Central),DUBUQUE,DUBUQUE,,W 3RD ST,Collision with:  Parked motor vehicle,On Roadway,"Sideswipe, same direction",Lost Control,None Indicated,,Dark - roadway lighted,Dry,Clear,None apparent,Intersection:  Other intersection (explain in narrative),Paved,,Property Damage Only,0,0,0,0,0,0,5000,2,1,,POINT (-90.665793737352 42.4965393618)
2014832856,2014013675,12/10/2014,12-December,4-Wednesday,17:23,1700 Hours,District 6 (East Central),IOWA CITY,JOHNSON,IA 1,IA 1/IOWA 1 & HUDSON AVE,Collision with:  Vehicle in traffic,On Roadway,Broadside (front to side),FTYROW:  Other (explain in narrative),None Indicated,,Dark - roadway lighted,Dry,Cloudy,None apparent,Intersection:  Four-way intersection,Paved,,Minor Injury,0,2,0,2,0,0,8000,2,3,,POINT (-91.545372534356 41.647448445368)
2014832820,2014-84330,12/10/2014,12-December,4-Wednesday,12:20,1200 Hours,District 6 (East Central),DAVENPORT,SCOTT,,GAINES ST,Collision with:  Vehicle in traffic,On Roadway,Rear-end (front to rear),Followed too close,None Indicated,,Daylight,Dry,Cloudy,None apparent,Intersection:  Four-way intersection,Paved,,Property Damage Only,0,0,0,0,0,0,2250,2,2,,POINT (-90.582832845987 41.535043897254)
2014832956,20140036562,12/10/2014,12-December,4-Wednesday,17:20,1700 Hours,District 1 (Central),DES MOINES,POLK,I-235,I-235,Collision with:  Vehicle in traffic,On Roadway,Rear-end (front to rear),Followed too close,None Indicated,,Dark - roadway lighted,Dry,Cloudy,None apparent,Non-intersection:  Non-junction/no special feature,Paved,,Property Damage Only,0,0,0,0,0,0,5000,2,2,,POINT (-93.670795167211 41.59231236388)
2014832935,S14-12959,12/10/2014,12-December,4-Wednesday,15:30,1500 Hours,District 3 (Northwest),MOVILLE,WOODBURY,,150TH ST,Collision with:  Animal,,,Animal,None Indicated,,,,,,,Paved,,Property Damage Only,0,0,0,0,0,0,2000,1,1,,POINT (-96.126189406281 42.489554192409)
2014834061,PD14-11847,12/10/2014,12-December,4-Wednesday,18:30,1800 Hours,District 1 (Central),MARSHALLTOWN,MARSHALL,,WASHINGTON ST & S CENTER ST,Collision with:  Vehicle in traffic,On Roadway,Head-on (front to front),Driver Distraction:  Manual operation of an electronic communication device,None Indicated,,Dark - roadway not lighted,Dry,Clear,None apparent,Non-intersection:  Non-junction/no special feature,Paved,,Property Damage Only,0,0,0,0,0,0,5000,2,3,,POINT (-92.912790050666 42.039963316573)
2014832904,14-8122,12/10/2014,12-December,4-Wednesday,14:15,1400 Hours,District 1 (Central),,POLK,I-35,I-35,Collision with:  Vehicle in traffic,On Roadway,Rear-end (front to rear),Other (explain in narrative):  Other,None Indicated,,Daylight,Dry,Cloudy,None apparent,Interchange-related:  Off-ramp,Paved,,Property Damage Only,0,0,0,0,0,0,2500,2,2,,POINT (-93.697097653408 41.652693160756)
2014833453,2014-84421,12/10/2014,12-December,4-Wednesday,17:49,1700 Hours,District 6 (East Central),DAVENPORT,SCOTT,,E 53RD ST & ELMORE AVE,Collision with:  Vehicle in traffic,On Roadway,Rear-end (front to rear),Followed too close,None Indicated,,Dark - roadway lighted,Dry,Cloudy,None apparent,Intersection:  Four-way intersection,Paved,,Property Damage Only,0,0,0,0,0,0,14000,3,4,,POINT (-90.528610946641 41.574860620503)
2014833695,W14-120300,12/10/2014,12-December,4-Wednesday,15:00,1500 Hours,District 2 (Northeast),WATERLOO,BLACK HAWK,,W RIDGEWAY AVE & E RIDGEWAY AVE & KIMBALL AVE,Collision with:  Vehicle in traffic,On Roadway,Rear-end (front to rear),Other (explain in narrative):  Other,None Indicated,,Daylight,Dry,Clear,None apparent,Intersection:  Four-way intersection,Paved,,Property Damage Only,0,0,0,0,0,0,2000,2,2,,POINT (-92.357032519962 42.46940398388)
2014833061,201418351,12/10/2014,12-December,4-Wednesday,08:40,0800 Hours,District 6 (East Central),CEDAR RAPIDS,LINN,,MT VERNON RD SE & 8TH AVE SE & 10TH ST SE,Collision with:  Vehicle in traffic,On Roadway,"Angle, oncoming left turn",FTYROW:  Making left turn,None Indicated,,Daylight,Dry,Cloudy,None apparent,Intersection:  Four-way intersection,Paved,,Property Damage Only,0,0,0,0,0,0,5100,2,2,,POINT (-91.653808476606 41.977927938579)
2014833221,14-25229,12/10/2014,12-December,4-Wednesday,17:26,1700 Hours,District 6 (East Central),,SCOTT,,Co Rd Y68/SCOTT PK RD,Collision with:  Animal,,,Animal,None Indicated,,,,,,,Paved,,Property Damage Only,0,0,0,0,0,0,1501,1,1,,POINT (-90.548689620098 41.700540735869)
2014833075,C14003923,12/10/2014,12-December,4-Wednesday,23:36,2300 Hours,District 6 (East Central),CORALVILLE,JOHNSON,US 6,US 6,Collision with fixed object:  Guardrail - face,Roadside,Non-collision (single vehicle),Swerving/Evasive Action,Alcohol (Statutory),,Dark - roadway lighted,Dry,Cloudy,None apparent,Non-intersection:  Non-junction/no special feature,Paved,,Property Damage Only,0,0,0,0,0,0,11027,1,1,,POINT (-91.633986669555 41.702865373401)
2014832951,PD14-11840,12/10/2014,12-December,4-Wednesday,00:35,0000 Hours,District 1 (Central),MARSHALLTOWN,MARSHALL,,WASHINGTON ST,Collision with:  Parked motor vehicle,On Roadway,Rear-end (front to rear),Unknown,None Indicated,,Dark - roadway not lighted,Dry,Clear,None apparent,Non-intersection:  Non-junction/no special feature,Paved,,Property Damage Only,0,0,0,0,0,0,2000,2,777,,POINT (-92.923312900229 42.04064632502)
2014833063,201418379,12/10/2014,12-December,4-Wednesday,15:50,1500 Hours,District 6 (East Central),CEDAR RAPIDS,LINN,,42ND ST NE & CENTER POINT RD NE,Collision with:  Vehicle in traffic,On Roadway,Rear-end (front to rear),Lost Control,None Indicated,,Daylight,Dry,Cloudy,None apparent,Non-intersection:  Non-junction/no special feature,Paved,,Property Damage Only,0,0,0,0,0,0,2000,2,2,,POINT (-91.66546287608 42.021519948827)
2014834021,2014068560,12/10/2014,12-December,4-Wednesday,07:50,0700 Hours,District 4 (Southwest),,ADAIR,I-80,I-80,Collision with fixed object:  Ditch,Outside trafficway,Non-collision (single vehicle),Ran off road - right,None Indicated,,Daylight,Dry,Cloudy,None apparent,Non-intersection:  Non-junction/no special feature,Paved,,Major Injury,0,2,2,0,0,0,80000,1,2,,POINT (-94.580786322876 41.496492526329)
2014834069,201400059857,12/10/2014,12-December,4-Wednesday,22:34,2200 Hours,District 5 (Southeast),OTTUMWA,WAPELLO,US 34,US 34 & 125TH AVE,Collision with:  Vehicle in traffic,On Roadway,Broadside (front to side),Other (explain in narrative):  Other,Alcohol (Statutory),,Dark - roadway lighted,Dry,Clear,None apparent,Intersection:  Four-way intersection,Paved,,Minor Injury,0,2,0,2,0,0,33000,2,2,,POINT (-92.396323482792 41.000328477469)
2014832939,2014-014290,12/10/2014,12-December,4-Wednesday,21:30,2100 Hours,District 6 (East Central),,DUBUQUE,US 61,US 61,Collision with:  Animal,,,Animal,None Indicated,,,,,,,Paved,,Property Damage Only,0,0,0,0,0,0,2500,1,1,,POINT (-90.694363319887 42.40847886195)
2014834022,2014068634,12/10/2014,12-December,4-Wednesday,14:45,1400 Hours,District 5 (Southeast),DES MOINES,WARREN,US 65,US 65/SW LOOP & IA 5/IOWA 5,Collision with:  Vehicle in traffic,On Roadway,"Sideswipe, same direction",FTYROW:  Other (explain in narrative),None Indicated,,Daylight,Dry,Cloudy,None apparent,"Interchange-related:  Off-ramp, diverge area",Paved,,Property Damage Only,0,0,0,0,0,0,7500,2,4,,POINT (-93.57306090857 41.505911399736)
2014832818,2014-84312,12/10/2014,12-December,4-Wednesday,10:36,1000 Hours,District 6 (East Central),DAVENPORT,SCOTT,,,Collision with:  Vehicle in traffic,Outside trafficway,Broadside (front to side),FTYROW:  At uncontrolled intersection,None Indicated,,Daylight,Dry,Cloudy,None apparent,Non-intersection:  Non-junction/no special feature,,,Property Damage Only,0,0,0,0,0,0,2000,2,2,,POINT (-96.643700149993 40.233091251414)
2014833922,14-021210-01,12/10/2014,12-December,4-Wednesday,18:15,1800 Hours,District 6 (East Central),,IOWA,US 6,US 6,Collision with:  Animal,,,Animal,None Indicated,,,,,,,Paved,,Property Damage Only,0,0,0,0,0,0,5000,1,1,,POINT (-92.090380213268 41.785817039744)
2014832781,14-019433,12/10/2014,12-December,4-Wednesday,06:32,0600 Hours,District 2 (Northeast),,FLOYD,,Co Rd B33/155TH ST,Collision with:  Animal,On Roadway,Non-collision (single vehicle),Animal,None Indicated,,Dark - roadway not lighted,Dry,Cloudy,None apparent,Non-intersection:  Non-junction/no special feature,Paved,,Property Damage Only,0,0,0,0,0,0,5000,1,1,,POINT (-92.688518932243 43.134184390967)
2014836790,S79140389,12/10/2014,12-December,4-Wednesday,16:10,1600 Hours,District 1 (Central),MONTEZUMA,POWESHIEK,,Co Rd V13/495TH AVE & 8TH ST,Non-collision events:  Overturn/rollover,Shoulder,Non-collision (single vehicle),Made improper turn,None Indicated,,Daylight,Dry,Cloudy,None apparent,Intersection:  T-intersection,Paved,,Property Damage Only,0,0,0,0,0,0,30000,1,1,,POINT (-92.518349167047 41.574282001805)
2014833204,S14-13017,12/11/2014,12-December,5-Thursday,22:18,2200 Hours,District 3 (Northwest),SIOUX CITY,WOODBURY,IA 12,IA 12/GORDON DR,Collision with fixed object:  Other fixed object (explain in narrative),Median,Non-collision (single vehicle),Driver Distraction:  Inattentive/lost in thought,None Indicated,,Dark - roadway lighted,Dry,Clear,None apparent,Non-intersection:  Non-junction/no special feature,Paved,,Property Damage Only,0,0,0,0,0,0,2400,1,1,,POINT (-96.332528590114 42.475657091971)
2014836208,2014-84737,12/11/2014,12-December,5-Thursday,21:06,2100 Hours,District 6 (East Central),DAVENPORT,SCOTT,,E PLEASANT ST,Collision with:  Other non-fixed object (explain in narrative),On Roadway,Non-collision (single vehicle),Unknown,None Indicated,,Dark - roadway lighted,Dry,Clear,None apparent,Non-intersection:  Non-junction/no special feature,Paved,,Property Damage Only,0,0,0,0,0,0,1500,1,1,,POINT (-90.537941222904 41.539837061856)
2014856948,14120208,12/11/2014,12-December,5-Thursday,10:21,1000 Hours,District 5 (Southeast),,WAPELLO,US 63,US 63,Collision with:  Animal,On Roadway,Non-collision (single vehicle),Animal,None Indicated,,Daylight,Dry,Clear,None apparent,Non-intersection:  Non-junction/no special feature,Paved,,Property Damage Only,0,0,0,0,0,0,1500,1,1,,POINT (-92.39479485875 41.086771203269)
2014833393,2014068732,12/11/2014,12-December,5-Thursday,08:10,0800 Hours,District 5 (Southeast),,WARREN,US 69,US 69 & WYOMING ST,Collision with fixed object:  Ditch,Roadside,Non-collision (single vehicle),Ran off road - left,None Indicated,,Daylight,Dry,Cloudy,None apparent,Non-intersection:  Non-junction/no special feature,Paved,,Minor Injury,0,1,0,1,0,0,4000,1,1,,POINT (-93.631367452543 41.16186537562)
2014833212,20140036663,12/11/2014,12-December,5-Thursday,16:27,1600 Hours,District 1 (Central),DES MOINES,POLK,US 6,US 6/FREDERICK M HUBBELL AVE & E DOUGLAS AVE,Collision with:  Vehicle in traffic,On Roadway,Rear-end (front to rear),Followed too close,None Indicated,,Dusk,Dry,Clear,None apparent,Non-intersection:  Non-junction/no special feature,Paved,,Minor Injury,0,2,0,1,1,0,4100,3,5,,POINT (-93.543685543154 41.629598120802)
2014833230,14-40360,12/11/2014,12-December,5-Thursday,07:14,0700 Hours,District 3 (Northwest),SIOUX CITY,WOODBURY,IA 376,IA 376/LEWIS BLVD & 6TH ST & FAIRMOUNT ST,Collision with:  Vehicle in traffic,On Roadway,Broadside (front to side),Unknown,None Indicated,,Dark - roadway lighted,Dry,Clear,None apparent,Non-intersection:  Non-junction/no special feature,Paved,,Property Damage Only,0,0,0,0,0,0,5500,2,2,,POINT (-96.378364720662 42.496482798942)
2014833201,2014-84607,12/11/2014,12-December,5-Thursday,11:20,1100 Hours,District 6 (East Central),DAVENPORT,SCOTT,IA 130,IA 130/NEW LIBERTY RD,Collision with:  Vehicle in traffic,On Roadway,Broadside (front to side),FTYROW:  From stop sign,None Indicated,,Daylight,Dry,Cloudy,None apparent,Intersection:  Four-way intersection,Paved,,Possible/Unknown,0,1,0,0,1,0,4000,2,2,,POINT (-90.615132551675 41.596430827841)
2014833102,C14003924,12/11/2014,12-December,5-Thursday,07:07,0700 Hours,District 6 (East Central),CORALVILLE,JOHNSON,IA 965,IA 965/CORAL RIDGE AVE,Collision with:  Vehicle in traffic,On Roadway,Rear-end (front to rear),Other (explain in narrative):  Other,None Indicated,,Dark - roadway lighted,Dry,Cloudy,None apparent,Non-intersection:  Non-junction/no special feature,Paved,,Property Damage Only,0,0,0,0,0,0,12500,2,2,,POINT (-91.608472513141 41.695560903894)
2014833223,20140036655,12/11/2014,12-December,5-Thursday,15:25,1500 Hours,District 1 (Central),DES MOINES,POLK,,E SENECA AVE,Collision with:  Vehicle in traffic,On Roadway,Rear-end (front to rear),Improper Backing,None Indicated,,Daylight,Dry,Clear,None apparent,Non-intersection:  Non-junction/no special feature,Paved,,Property Damage Only,0,0,0,0,0,0,2700,2,19,,POINT (-93.604172678399 41.631367777782)
2014834104,,12/11/2014,12-December,5-Thursday,07:10,0700 Hours,District 4 (Southwest),,MONTGOMERY,US 34,US 34 & 210 ST,Collision with:  Animal,On Roadway,Non-collision (single vehicle),Animal,None Indicated,,Dark - roadway not lighted,Dry,Clear,,Non-intersection:  Non-junction/no special feature,Paved,,Property Damage Only,0,0,0,0,0,0,3600,1,1,,POINT (-95.132023305638 41.00157325876)
2014836666,14018016,12/11/2014,12-December,5-Thursday,12:30,1200 Hours,District 6 (East Central),,CEDAR,,Co Rd Y14/HOOVER HWY,Collision with fixed object:  Traffic sign support,Shoulder,Non-collision (single vehicle),Swerving/Evasive Action,None Indicated,,Daylight,Dry,Cloudy,None apparent,Non-intersection:  Non-junction/no special feature,Paved,,Possible/Unknown,0,1,0,0,1,0,3100,1,1,,POINT (-90.968434956378 41.808459521406)
2014833268,,12/11/2014,12-December,5-Thursday,17:19,1700 Hours,District 5 (Southeast),,LUCAS,US 34,US 34,Collision with:  Animal,Roadside,Non-collision (single vehicle),Animal,None Indicated,,Dark - roadway not lighted,Dry,Clear,None apparent,Non-intersection:  Non-junction/no special feature,Paved,,Possible/Unknown,0,1,0,0,1,0,3000,1,3,,POINT (-93.386246990681 41.016287763037)
2014832889,14-051839,12/11/2014,12-December,5-Thursday,11:37,1100 Hours,District 4 (Southwest),COUNCIL BLUFFS,POTTAWATTAMIE,,AVE A & N 21ST ST,Collision with:  Vehicle in traffic,On Roadway,Broadside (front to side),FTYROW:  From stop sign,None Indicated,,Daylight,Dry,Cloudy,None apparent,Intersection:  Four-way intersection,Paved,,Property Damage Only,0,0,0,0,0,0,6000,2,3,,POINT (-95.875282617354 41.262793469159)
2014833065,201418451,12/11/2014,12-December,5-Thursday,21:21,2100 Hours,District 6 (East Central),CEDAR RAPIDS,LINN,,BLAIRS FERRY RD & 10TH AVE,Collision with:  Vehicle in traffic,On Roadway,"Angle, oncoming left turn",Made improper turn,None Indicated,,Dark - roadway lighted,Wet,Rain,None apparent,Non-intersection:  Non-junction/no special feature,Paved,,Property Damage Only,0,0,0,0,0,0,5000,2,2,,POINT (-91.682932748527 42.034762992022)
2014833068,14-002791,12/11/2014,12-December,5-Thursday,06:50,0600 Hours,District 1 (Central),ALTOONA,POLK,,2ND ST NW & 1ST AVE N,Collision with:  Vehicle in traffic,On Roadway,Rear-end (front to rear),Other (explain in narrative):  Other,None Indicated,,Dark - roadway lighted,Dry,Cloudy,None apparent,Non-intersection:  Non-junction/no special feature,Paved,,Property Damage Only,0,0,0,0,0,0,2100,2,2,,POINT (-93.464571076184 41.653066551178)
2014833232,14-40403,12/11/2014,12-December,5-Thursday,14:10,1400 Hours,District 3 (Northwest),SIOUX CITY,WOODBURY,,FLOYD BLVD,Collision with:  Vehicle in traffic,On Roadway,Rear-end (front to rear),Followed too close,None Indicated,,Daylight,Dry,Cloudy,None apparent,Non-intersection:  Other non-intersection (explain in narrative),Paved,,Property Damage Only,0,0,0,0,0,0,9500,3,5,,POINT (-96.393406654249 42.492256015689)
2014833343,14-2758,12/11/2014,12-December,5-Thursday,08:45,0800 Hours,District 1 (Central),URBANDALE,POLK,IA 28,IA 28/MERLE HAY RD,Collision with:  Animal,,,Animal,None Indicated,,,,,,,Paved,,Property Damage Only,0,0,0,0,0,0,3000,1,1,,POINT (-93.69766060716 41.644763460815)
2014833227,W14-120563,12/11/2014,12-December,5-Thursday,10:31,1000 Hours,District 2 (Northeast),WATERLOO,BLACK HAWK,US 218,US 218/WASHINGTON ST & WILLISTON AVE & W 18TH ST,Collision with:  Vehicle in traffic,On Roadway,"Angle, oncoming left turn",FTYROW:  Making left turn,None Indicated,,Daylight,Dry,Cloudy,None apparent,Intersection:  Four-way intersection,Paved,,Property Damage Only,0,0,0,0,0,0,2500,2,3,,POINT (-92.328048445839 42.483827219552)
2014836577,14051051,12/11/2014,12-December,5-Thursday,10:30,1000 Hours,District 5 (Southeast),MUSCATINE,MUSCATINE,,IOWA AVE,Collision with:  Vehicle in traffic,On Roadway,Broadside (front to side),FTYROW:  Other (explain in narrative),None Indicated,,Daylight,Dry,Cloudy,None apparent,Non-intersection:  Alley,Paved,,Property Damage Only,0,0,0,0,0,0,2050,2,3,,POINT (-91.047680188431 41.423350034306)
2014833248,,12/11/2014,12-December,5-Thursday,08:00,0800 Hours,District 3 (Northwest),,CLAY,US 71,US 71,Collision with fixed object:  Ditch,On Roadway,Non-collision (single vehicle),Driving too fast for conditions,None Indicated,,Daylight,Ice/frost,Rain,"Surface condition (e.g., wet, icy)",Non-intersection:  Non-junction/no special feature,Paved,,Minor Injury,0,1,0,1,0,0,5000,1,2,,POINT (-95.161309723918 43.07194275772)
2014832910,20140036603,12/11/2014,12-December,5-Thursday,06:54,0600 Hours,District 1 (Central),DES MOINES,POLK,,MLK JR PKWY & FLEUR DR,Collision with:  Vehicle in traffic,On Roadway,"Angle, oncoming left turn",Ran Traffic Signal,None Indicated,,Dark - roadway lighted,Dry,Cloudy,None apparent,Intersection:  T-intersection,Paved,,Property Damage Only,0,0,0,0,0,0,5000,2,2,,POINT (-93.644816784006 41.580058019892)
2014833070,2014-040432,12/11/2014,12-December,5-Thursday,15:08,1500 Hours,District 6 (East Central),DUBUQUE,DUBUQUE,,DELHI ST,Collision with:  Vehicle in traffic,On Roadway,Rear-end (front to rear),Other (explain in narrative):  Other,None Indicated,,Daylight,Dry,Cloudy,None apparent,Non-intersection:  Non-junction/no special feature,Paved,,Property Damage Only,0,0,0,0,0,0,8000,2,2,,POINT (-90.688012705094 42.496908931675)
2014833233,14-40407,12/11/2014,12-December,5-Thursday,15:22,1500 Hours,District 3 (Northwest),SIOUX CITY,WOODBURY,IA 77,US 77,Collision with:  Vehicle in traffic,On Roadway,Rear-end (front to rear),Driver Distraction:  Manual operation of an electronic communication device,None Indicated,,Daylight,Dry,Clear,None apparent,Non-intersection:  Other non-intersection (explain in narrative),Paved,,Property Damage Only,0,0,0,0,0,0,5000,2,2,,POINT (-96.413632213012 42.488305019607)
2014833215,14-6273,12/11/2014,12-December,5-Thursday,17:45,1700 Hours,District 1 (Central),WEST DES MOINES,POLK,,WESTOWN PL & 35TH ST/VALLEY WEST DR,Collision with:  Vehicle in traffic,On Roadway,Broadside (front to side),FTYROW:  Making right turn on red signal,None Indicated,,Dark - roadway lighted,Dry,Cloudy,None apparent,Intersection:  Four-way intersection,Paved,,Property Damage Only,0,0,0,0,0,0,3000,2,3,,POINT (-93.751903493306 41.596413202642)
2014833282,14005818,12/11/2014,12-December,5-Thursday,18:23,1800 Hours,District 1 (Central),AMES,STORY,US 30,US 30/SW RAMP CURV & US 69/S DUFF AVE,Collision with:  Vehicle in traffic,On Roadway,"Sideswipe, same direction",FTYROW:  Other (explain in narrative),None Indicated,,Dark - roadway lighted,Dry,Cloudy,None apparent,Non-intersection:  Crossover-related,Paved,,Property Damage Only,0,0,0,0,0,0,8000,2,2,,POINT (-93.610027078157 42.002646232535)
2014833085,14-2765,12/11/2014,12-December,5-Thursday,19:08,1900 Hours,District 1 (Central),URBANDALE,POLK,,DOUGLAS AVE & 79TH ST & DENNIS DR,Collision with:  Vehicle in traffic,On Roadway,Broadside (front to side),FTYROW:  Making left turn,None Indicated,,Dark - roadway lighted,Dry,Clear,None apparent,Intersection:  Four-way intersection,Paved,,Property Damage Only,0,0,0,0,0,0,3000,2,2,,POINT (-93.726798396593 41.629288768117)
2014832908,14-8142,12/11/2014,12-December,5-Thursday,14:00,1400 Hours,District 1 (Central),,POLK,US 69,US 69/NE 14TH ST & NE 44TH AVE,Collision with:  Vehicle in traffic,On Roadway,"Angle, oncoming left turn",Made improper turn,None Indicated,,Daylight,Dry,Cloudy,None apparent,Intersection:  Four-way intersection,Paved,,Property Damage Only,0,0,0,0,0,0,9000,2,2,,POINT (-93.600439005598 41.640430550359)
2014833207,14-018546,12/11/2014,12-December,5-Thursday,13:53,1300 Hours,District 3 (Northwest),SPENCER,CLAY,US 18,US 18/N GRAND AVE & W 3RD ST & E 3RD ST,Collision with:  Vehicle in traffic,On Roadway,"Sideswipe, same direction",Other (explain in narrative):  Other,None Indicated,,Daylight,Dry,Cloudy,None apparent,Non-intersection:  Non-junction/no special feature,Paved,,Property Damage Only,0,0,0,0,0,0,1500,2,3,,POINT (-95.144649057876 43.140393368082)
2014833203,2014013694,12/11/2014,12-December,5-Thursday,14:02,1400 Hours,District 6 (East Central),IOWA CITY,JOHNSON,,S GILBERT ST,Collision with:  Vehicle in traffic,On Roadway,"Sideswipe, same direction",FTYROW:  Other (explain in narrative),None Indicated,,Daylight,Dry,Clear,Non-highway work,Non-intersection:  Non-junction/no special feature,Paved,,Property Damage Only,0,0,0,0,0,0,1500,2,5,,POINT (-91.530365554126 41.653643385321)
2014833121,2014-6092,12/11/2014,12-December,5-Thursday,07:45,0700 Hours,District 4 (Southwest),WAUKEE,DALLAS,,SE BOOTH AVE,Collision with:  Vehicle in traffic,On Roadway,Broadside (front to side),FTYROW:  From driveway,None Indicated,,Daylight,Dry,Cloudy,None apparent,Non-intersection:  Driveway access (within),Paved,,Property Damage Only,0,0,0,0,0,0,1500,2,7,,POINT (-93.869535784217 41.597718368026)
2014832912,20140036621,12/11/2014,12-December,5-Thursday,11:35,1100 Hours,District 1 (Central),DES MOINES,POLK,,E UNIVERSITY AVE & PENNSYLVANIA AVE,Collision with:  Vehicle in traffic,On Roadway,Broadside (front to side),Ran Traffic Signal,None Indicated,,Daylight,Dry,Cloudy,None apparent,Intersection:  Four-way intersection,Paved,,Property Damage Only,0,0,0,0,0,0,4500,2,6,,POINT (-93.608923454734 41.600375917162)
2014833125,20140036669,12/11/2014,12-December,5-Thursday,17:34,1700 Hours,District 1 (Central),DES MOINES,POLK,,PARK AVE,Collision with:  Animal,,,Animal,None Indicated,,,,,,,Paved,,Property Damage Only,0,0,0,0,0,0,1500,1,1,,POINT (-93.69478197436 41.555573419833)
2014833130,14-23904,12/11/2014,12-December,5-Thursday,15:54,1500 Hours,District 6 (East Central),BETTENDORF,SCOTT,US 67,US 67/STATE ST & GEORGE THUENEN DR & 17TH ST,Collision with:  Vehicle in traffic,On Roadway,Rear-end (front to rear),Followed too close,None Indicated,,Daylight,Dry,Cloudy,None apparent,Intersection:  Other intersection (explain in narrative),Paved,,Property Damage Only,0,0,0,0,0,0,8000,2,2,,POINT (-90.508556440628 41.525261950439)
2014833210,14007483,12/11/2014,12-December,5-Thursday,09:13,0900 Hours,District 3 (Northwest),,CHEROKEE,IA 3,IA 3/IOWA 3,Non-collision events:  Overturn/rollover,On Roadway,Non-collision (single vehicle),Swerving/Evasive Action,None Indicated,,Daylight,Ice/frost,"Fog, smoke, smog","Surface condition (e.g., wet, icy)",Non-intersection:  Non-junction/no special feature,Paved,,Property Damage Only,0,0,0,0,0,0,5000,1,1,,POINT (-95.824269254154 42.80808005206)
2014833276,14-005812,12/11/2014,12-December,5-Thursday,13:59,1300 Hours,District 1 (Central),AMES,STORY,,S DAYTON AVE & S DAYTON PL,Collision with:  Vehicle in traffic,On Roadway,Broadside (front to side),FTYROW:  Making left turn,None Indicated,,Daylight,Dry,Cloudy,None apparent,Intersection:  T-intersection,Paved,,Minor Injury,0,1,0,1,0,0,6000,2,2,,POINT (-93.582029998914 42.013815687261)
2014843252,731211144A,12/11/2014,12-December,5-Thursday,10:18,1000 Hours,District 4 (Southwest),,PAGE,IA 2,IA 2/IOWA 2,Collision with:  Vehicle in traffic,On Roadway,Rear-end (front to rear),Lost Control,None Indicated,,Daylight,Dry,Cloudy,None apparent,Non-intersection:  Non-junction/no special feature,Paved,,Minor Injury,0,1,0,1,0,0,0,2,3,,POINT (-95.363977419612 40.742950848462)
2014833249,,12/11/2014,12-December,5-Thursday,18:15,1800 Hours,District 6 (East Central),KEOKUK,JOHNSON,US 6,US 6 & PLEASANT LN,Collision with:  Animal,On Roadway,Non-collision (single vehicle),Animal,None Indicated,,Dark - roadway not lighted,Dry,Clear,,Non-intersection:  Non-junction/no special feature,Paved,,Property Damage Only,0,0,0,0,0,0,7000,1,1,,POINT (-91.76124571091 41.730094474115)
2014834598,80-14-397,12/11/2014,12-December,5-Thursday,10:07,1000 Hours,District 2 (Northeast),HUMBOLDT,HUMBOLDT,US 169,US 169/13TH ST N,Unknown,On Roadway,"Sideswipe, same direction",Unknown,None Indicated,,Daylight,Dry,Cloudy,None apparent,Intersection:  Four-way intersection,Paved,,Property Damage Only,0,0,0,0,0,0,2500,2,2,,POINT (-94.227056349923 42.731716380798)
2014834027,2014068859,12/11/2014,12-December,5-Thursday,17:26,1700 Hours,District 6 (East Central),IOWA CITY,JOHNSON,,N DUBUQUE ST,Collision with:  Vehicle in traffic,On Roadway,Rear-end (front to rear),Followed too close,None Indicated,,Dark - roadway lighted,Dry,Clear,None apparent,Non-intersection:  Other non-intersection (explain in narrative),Paved,,Property Damage Only,0,0,0,0,0,0,5500,3,4,,POINT (-91.539267028481 41.685938321262)
2014833071,2014-040444,12/11/2014,12-December,5-Thursday,18:22,1800 Hours,District 6 (East Central),DUBUQUE,DUBUQUE,,ASBURY RD,Collision with:  Vehicle in traffic,On Roadway,Broadside (front to side),FTYROW:  From stop sign,None Indicated,,Dark - roadway lighted,Dry,Cloudy,None apparent,Intersection:  Four-way intersection,Paved,,Property Damage Only,0,0,0,0,0,0,2100,2,3,,POINT (-90.743901664639 42.515268380284)