Iowa DOT Case Number,Law Enforcement Case Number,Date of Crash,Month of Crash,Day of Week,Time of Crash,Hour,DOT District,City Name,County Name,Route with System,Location Description,First Harmful Event,Location of First Harmful Event,Manner of Crash/Collision,Major Cause,Drug or Alcohol ,Environmental Conditions,Light Conditions,Surface Conditions,Weather Conditions,Roadway Contribution,Roadway Type,Roadway Surface,Work Zone,Crash Severity,Number of Fatalities,Number of Injuries,Number of Major Injuries,Number of Minor Injuries,Number of Possible Injuries,Number of Unknown Injuries,Amount of Property Damage,Number of Vehicles Involved,Total Number of Occupants,Travel Direction,Location
2014833980,2014-84708,12/11/2014,12-December,5-Thursday,19:32,1900 Hours,District 6 (East Central),DAVENPORT,SCOTT,,W 68TH ST & WILKES AVE,Collision with:  Parked motor vehicle,On Roadway,Rear-end (front to rear),Lost Control,Alcohol (Statutory),,Dark - roadway not lighted,Dry,Clear,None apparent,Non-intersection:  Non-junction/no special feature,Paved,,Possible/Unknown,0,1,0,0,1,0,13000,2,1,,POINT (-90.601749026321 41.59010900527)
2014833536,2014068841,12/11/2014,12-December,5-Thursday,15:05,1500 Hours,District 1 (Central),FORT DODGE,WEBSTER,,6TH AVE N & N 15TH ST,Collision with:  Vehicle in traffic,On Roadway,Broadside (front to side),FTYROW:  Other (explain in narrative),None Indicated,,Daylight,Wet,Cloudy,None apparent,Intersection:  Four-way intersection,Paved,,Property Damage Only,0,0,0,0,0,0,9000,2,3,,POINT (-94.17796377439 42.511884676212)
2014833422,14-1518,12/11/2014,12-December,5-Thursday,11:50,1100 Hours,District 1 (Central),CLIVE,POLK,,NW 75TH ST,Collision with:  Vehicle in traffic,On Roadway,"Sideswipe, opposite direction",FTYROW:  Other (explain in narrative),None Indicated,,Daylight,Dry,Cloudy,None apparent,Non-intersection:  Driveway access (within),Paved,,Property Damage Only,0,0,0,0,0,0,5500,2,3,,POINT (-93.720672305778 41.600945690349)
2014833541,N14000683,12/11/2014,12-December,5-Thursday,18:02,1800 Hours,District 6 (East Central),NORTH LIBERTY,JOHNSON,,CHERRY ST & FRONT ST,Collision with:  Vehicle in traffic,On Roadway,Broadside (front to side),FTYROW:  From stop sign,None Indicated,,Dark - roadway lighted,Dry,Cloudy,None apparent,Intersection:  Four-way intersection,Paved,,Property Damage Only,0,0,0,0,0,0,3500,2,3,,POINT (-91.597972597927 41.74850128532)
2014832911,20140036606,12/11/2014,12-December,5-Thursday,08:00,0800 Hours,District 1 (Central),DES MOINES,POLK,,42ND ST,Collision with:  Vehicle in traffic,On Roadway,Rear-end (front to rear),Unknown,None Indicated,,Daylight,Dry,Cloudy,None apparent,Non-intersection:  Non-junction/no special feature,Paved,,Property Damage Only,0,0,0,0,0,0,1500,2,2,,POINT (-93.674356958252 41.592147410999)
2014833224,C14003929,12/11/2014,12-December,5-Thursday,16:15,1600 Hours,District 6 (East Central),CORALVILLE,JOHNSON,I-80,I-80 & IA 965/CORAL RIDGE AVE,Collision with:  Vehicle in traffic,On Roadway,Rear-end (front to rear),Followed too close,None Indicated,,Dusk,Dry,Clear,None apparent,Non-intersection:  Other non-intersection (explain in narrative),Paved,,Property Damage Only,0,0,0,0,0,0,1500,2,3,,POINT (-91.608504972888 41.692940307539)
2014833222,20140036643,12/11/2014,12-December,5-Thursday,14:30,1400 Hours,District 1 (Central),DES MOINES,POLK,,MAHASKA AVE & E 30TH ST,Collision with:  Vehicle in traffic,On Roadway,"Sideswipe, same direction",FTYROW:  From stop sign,None Indicated,,Daylight,Dry,Clear,None apparent,Unknown,Paved,,Property Damage Only,0,0,0,0,0,0,3000,2,2,,POINT (-93.558360999297 41.602343981598)
2014833123,20140036653,12/11/2014,12-December,5-Thursday,15:21,1500 Hours,District 1 (Central),DES MOINES,POLK,,BURNHAM AVE & SW 16TH ST,Collision with fixed object:  Utility pole/light support,On Roadway,Non-collision (single vehicle),Over correcting/over steering,None Indicated,,Daylight,Dry,Cloudy,None apparent,Non-intersection:  Non-junction/no special feature,Paved,,Property Damage Only,0,0,0,0,0,0,8000,1,2,,POINT (-93.638052575739 41.52290837651)
2014833078,14-0706,12/11/2014,12-December,5-Thursday,13:00,1300 Hours,District 1 (Central),,WEBSTER,IA 7,IA 7/190TH ST & Co Rd P33/HAYES AVE,Non-collision events:  Other non-collision (explain in narrative),On Roadway,Non-collision (single vehicle),Equipment failure,None Indicated,,Daylight,Dry,Clear,None apparent,Intersection:  Other intersection (explain in narrative),Paved,,Property Damage Only,0,0,0,0,0,0,8000,2,2,,POINT (-94.305084809432 42.516144892404)
2014833159,14-051894,12/11/2014,12-December,5-Thursday,17:15,1700 Hours,District 4 (Southwest),COUNCIL BLUFFS,POTTAWATTAMIE,I-29,I-29,Collision with:  Vehicle in traffic,On Roadway,"Sideswipe, same direction",Improper or erratic lane changing,None Indicated,,Dark - roadway lighted,Dry,Clear,None apparent,Non-intersection:  Non-junction/no special feature,Paved,,Possible/Unknown,0,1,0,0,1,0,5500,2,2,,POINT (-95.850519037249 41.232148612086)
2014833208,14-25285,12/11/2014,12-December,5-Thursday,17:37,1700 Hours,District 6 (East Central),BUFFALO,SCOTT,,Co Rd Y48/110 AVE,Collision with:  Animal,,,Animal,None Indicated,,,,,,,Paved,,Property Damage Only,0,0,0,0,0,0,1501,1,1,,POINT (-90.688279838211 41.487893398579)
2014833444,14020821,12/11/2014,12-December,5-Thursday,02:46,0200 Hours,District 5 (Southeast),,HENRY,,Co Rd W55/FRANKLIN AVE,Collision with:  Animal,,,Animal,None Indicated,,,,,,,Paved,,Property Damage Only,0,0,0,0,0,0,4000,1,1,,POINT (-91.620057850811 40.934313743509)
2014833220,14-005685,12/11/2014,12-December,5-Thursday,08:24,0800 Hours,District 3 (Northwest),,LYON,,Co Rd K60/INDIAN AVE & 100TH ST,Collision with:  Vehicle in traffic,On Roadway,"Sideswipe, opposite direction",Swerving/Evasive Action,None Indicated,,Daylight,Ice/frost,"Sleet, hail","Surface condition (e.g., wet, icy)",Intersection:  Four-way intersection,Paved,,Property Damage Only,0,0,0,0,0,0,28000,2,5,,POINT (-96.094629655985 43.500192437717)
2014834353,1400001095,12/11/2014,12-December,5-Thursday,05:00,0500 Hours,District 1 (Central),,MARSHALL,IA 330,IA 330/MARSHALLTOWN BLVD,Collision with:  Animal,,,Animal,None Indicated,,,,,,,Paved,,Property Damage Only,0,0,0,0,0,0,2000,1,1,,POINT (-93.148045339528 41.920571260989)
2014833344,14-2762,12/11/2014,12-December,5-Thursday,16:47,1600 Hours,District 1 (Central),URBANDALE,POLK,I-35,I-35,Collision with:  Vehicle in traffic,On Roadway,Rear-end (front to rear),Followed too close,None Indicated,,Dusk,Dry,Clear,None apparent,Non-intersection:  Non-junction/no special feature,Paved,,Property Damage Only,0,0,0,0,0,0,16500,3,6,,POINT (-93.776931421773 41.627240490988)
2014835393,EP14-2328,12/11/2014,12-December,5-Thursday,09:00,0900 Hours,District 2 (Northeast),EAGLE GROVE,WRIGHT,IA 17,IA 17/COMMERCIAL AVE & 2ND ST SW,Collision with:  Vehicle in traffic,On Roadway,"Sideswipe, same direction",Unknown,None Indicated,,Daylight,Dry,Clear,None apparent,Non-intersection:  Non-junction/no special feature,Paved,,Property Damage Only,0,0,0,0,0,0,1750,2,2,,POINT (-93.904470988733 42.661999236734)
2014833277,14-005821,12/11/2014,12-December,5-Thursday,20:10,2000 Hours,District 1 (Central),AMES,STORY,US 30,US 30,Non-collision events:  Other non-collision (explain in narrative),On Roadway,Non-collision (single vehicle),Lost Control,None Indicated,,Dark - roadway not lighted,Dry,Cloudy,None apparent,Non-intersection:  Non-junction/no special feature,Paved,,Property Damage Only,0,0,0,0,0,0,6052,1,2,,POINT (-93.577719254506 42.007235624428)
2014834146,201418396,12/11/2014,12-December,5-Thursday,00:02,0000 Hours,District 6 (East Central),CEDAR RAPIDS,LINN,US 30,US 30 & DOGWOOD DR SW,Non-collision events:  Overturn/rollover,On Roadway,Non-collision (single vehicle),Exceeded authorized speed,Refused,,Dark - unknown roadway lighting,Dry,Clear,None apparent,Non-intersection:  Non-junction/no special feature,Paved,,Major Injury,0,1,1,0,0,0,8100,1,2,,POINT (-91.593805194679 41.925898774421)
2014832926,20140036604,12/11/2014,12-December,5-Thursday,07:10,0700 Hours,District 1 (Central),DES MOINES,POLK,,JEFFERSON AVE,Collision with:  Vehicle in traffic,On Roadway,Head-on (front to front),Lost Control,None Indicated,,Dawn,Dry,Clear,None apparent,Non-intersection:  Non-junction/no special feature,Paved,,Property Damage Only,0,0,0,0,0,0,10000,2,4,,POINT (-93.638879393144 41.61054463337)
2014839065,S79140392,12/11/2014,12-December,5-Thursday,15:50,1500 Hours,District 1 (Central),,POWESHIEK,,385TH AVE,Non-collision events:  Overturn/rollover,On Roadway,Non-collision (single vehicle),Swerving/Evasive Action,None Indicated,,Daylight,"Mud, dirt",Cloudy,None apparent,Non-intersection:  Non-junction/no special feature,Unpaved,,Property Damage Only,0,0,0,0,0,0,6000,1,3,,POINT (-92.391834894527 41.739242815247)
2014833395,2014068855,12/11/2014,12-December,5-Thursday,17:13,1700 Hours,District 5 (Southeast),,DAVIS,US 63,US 63,Collision with:  Animal,,,Animal,None Indicated,,,,,,,Paved,,Property Damage Only,0,0,0,0,0,0,4000,1,1,,POINT (-92.461335149311 40.74028128595)
2014833502,14-005686,12/11/2014,12-December,5-Thursday,09:37,0900 Hours,District 3 (Northwest),,LYON,,Co Rd K30/DOVE AVE,Collision with fixed object:  Ditch,Shoulder,Non-collision (single vehicle),Driving too fast for conditions,None Indicated,,Daylight,Ice/frost,Rain,"Surface condition (e.g., wet, icy)",Non-intersection:  Non-junction/no special feature,Paved,,Minor Injury,0,2,0,2,0,0,6000,1,3,,POINT (-96.329728922327 43.416267627831)
2014835605,14-005807,12/11/2014,12-December,5-Thursday,06:47,0600 Hours,District 1 (Central),AMES,STORY,US 69,US 69/GRAND AVE & 24TH ST,Collision with:  Non-motorist (see non-motorist section - NOT a unit),On Roadway,Non-collision (single vehicle),Other (explain in narrative):  No improper action,None Indicated,,Dark - roadway lighted,Dry,Clear,None apparent,Intersection:  Shared use path or trail,Paved,,Major Injury,0,1,1,0,0,0,0,1,1,,POINT (-93.620516483779 42.045722491994)
2014833103,CL14004316,12/11/2014,12-December,5-Thursday,12:22,1200 Hours,District 6 (East Central),CLINTON,CLINTON,US 67,US 67/N 2ND ST,Collision with:  Vehicle in traffic,On Roadway,Rear-end (front to rear),Lost Control,None Indicated,,Daylight,Dry,Clear,None apparent,Non-intersection:  Driveway access (within),Paved,,Possible/Unknown,0,2,0,0,2,0,8000,2,2,,POINT (-90.186650147987 41.853238945512)
2014833205,S2014-012993,12/11/2014,12-December,5-Thursday,10:43,1000 Hours,District 3 (Northwest),,WOODBURY,US 20,US 20/NE RAMP/NE LOOP,Collision with:  Vehicle in traffic,On Roadway,Rear-end (front to rear),FTYROW:  From stop sign,None Indicated,,Daylight,Wet,Cloudy,None apparent,Intersection:  T-intersection,Paved,,Property Damage Only,0,0,0,0,0,0,5000,2,2,,POINT (-96.32105256028 42.475324223602)
2014904351,,12/11/2014,12-December,5-Thursday,18:24,1800 Hours,District 3 (Northwest),REMSEN,PLYMOUTH,,S FULTON ST,Collision with:  Parked motor vehicle,On Roadway,"Sideswipe, opposite direction",Improper Backing,None Indicated,,Dark - roadway lighted,Dry,Cloudy,None apparent,Non-intersection:  Driveway access (within),Paved,,Property Damage Only,0,0,0,0,0,0,2500,2,1,,POINT (-95.972156847672 42.810051770782)
2014833022,14-005809,12/11/2014,12-December,5-Thursday,10:47,1000 Hours,District 1 (Central),AMES,STORY,US 69,US 69/S DUFF AVE,Collision with:  Vehicle in traffic,On Roadway,"Sideswipe, same direction",Other (explain in narrative):  Vision obstructed,None Indicated,,Daylight,Dry,Cloudy,None apparent,Non-intersection:  Non-junction/no special feature,Paved,,Property Damage Only,0,0,0,0,0,0,5000,2,3,,POINT (-93.610323181717 42.020991092545)
2014835669,14-1435,12/11/2014,12-December,5-Thursday,12:18,1200 Hours,District 1 (Central),PLEASANT HILL,POLK,,NE 12TH AVE & NE 56TH ST,Collision with:  Vehicle in traffic,On Roadway,Broadside (front to side),Ran Traffic Signal,None Indicated,,Daylight,Dry,Cloudy,None apparent,Intersection:  Four-way intersection,Paved,,Possible/Unknown,0,1,0,0,1,0,3300,2,3,,POINT (-93.50324247725 41.600616870935)
2014833727,14-010555,12/11/2014,12-December,5-Thursday,08:11,0800 Hours,District 6 (East Central),MANCHESTER,DELAWARE,,E PROSPECT ST & NEW ST,Collision with:  Vehicle in traffic,On Roadway,Broadside (front to side),Improper Backing,None Indicated,,Daylight,Dry,Clear,None apparent,Non-intersection:  Driveway access (within),Paved,,Property Damage Only,0,0,0,0,0,0,3000,2,1,,POINT (-91.453825915139 42.489883793482)
2014833235,14-40438,12/11/2014,12-December,5-Thursday,18:34,1800 Hours,District 3 (Northwest),SIOUX CITY,WOODBURY,,MORNINGSIDE AVE,Collision with:  Vehicle in traffic,On Roadway,Broadside (front to side),FTYROW:  From driveway,None Indicated,,Dark - roadway lighted,Dry,Clear,None apparent,Non-intersection:  Driveway access (within),Paved,,Property Damage Only,0,0,0,0,0,0,6500,2,3,,POINT (-96.359292863772 42.476180554771)
2014832928,CL14004317,12/11/2014,12-December,5-Thursday,13:30,1300 Hours,District 6 (East Central),CLINTON,CLINTON,,MANUFACTURING DR & S 21ST ST,Collision with:  Vehicle in traffic,Outside trafficway,Rear-end (front to rear),Other (explain in narrative):  Other,None Indicated,,Daylight,Dry,Cloudy,None apparent,Non-intersection:  Non-junction/no special feature,Paved,,Possible/Unknown,0,1,0,0,1,0,3000,2,2,,POINT (-90.23567184797 41.826197167474)
2014850869,14-010007,12/11/2014,12-December,5-Thursday,17:25,1700 Hours,District 5 (Southeast),,LOUISA,,Co Rd X17/COUNTY RD X 17,Collision with:  Animal,,,Animal,None Indicated,,,,,,,Paved,,Property Damage Only,0,0,0,0,0,0,2500,1,1,,POINT (-91.391491709013 41.274765625856)
2014834804,C14003931,12/11/2014,12-December,5-Thursday,17:52,1700 Hours,District 6 (East Central),CORALVILLE,JOHNSON,,1ST AVE,Collision with:  Vehicle in traffic,On Roadway,"Sideswipe, same direction",FTYROW:  Other (explain in narrative),None Indicated,,Dark - roadway lighted,Dry,Clear,None apparent,Non-intersection:  Non-junction/no special feature,Paved,,Property Damage Only,0,0,0,0,0,0,1500,2,2,,POINT (-91.565963526047 41.678438650276)
2014833527,14-23948,12/11/2014,12-December,5-Thursday,17:15,1700 Hours,District 2 (Northeast),,BREMER,US 218,US 218,Collision with:  Animal,,,Animal,None Indicated,,,,,,,Paved,,Property Damage Only,0,0,0,0,0,0,4500,1,1,,POINT (-92.544642906415 42.860983597043)
2014833082,14-253,12/11/2014,12-December,5-Thursday,15:54,1500 Hours,District 2 (Northeast),WAVERLY,BREMER,IA 3,IA 3/BREMER AVE & 11TH ST NW,Collision with:  Vehicle in traffic,On Roadway,"Sideswipe, same direction",Other (explain in narrative):  Other,None Indicated,,Daylight,Dry,Cloudy,None apparent,Non-intersection:  Non-junction/no special feature,Paved,,Property Damage Only,0,0,0,0,0,0,2500,2,2,,POINT (-92.48428065038 42.725673808793)
2014833231,14-40391,12/11/2014,12-December,5-Thursday,12:25,1200 Hours,District 3 (Northwest),SIOUX CITY,WOODBURY,I-29,I-29 & IA 376/SINGING HILLS BLVD,Collision with:  Vehicle in traffic,On Roadway,Rear-end (front to rear),Other (explain in narrative):  Other,None Indicated,,Daylight,Dry,Cloudy,None apparent,Intersection:  Intersection with ramp,Paved,,Property Damage Only,0,0,0,0,0,0,3500,2,2,,POINT (-96.374050327387 42.43459580019)
2014839026,14-043-AC-F,12/11/2014,12-December,5-Thursday,09:30,0900 Hours,District 3 (Northwest),MILFORD,DICKINSON,US 71,US 71/OKOBOJI AVE & 28TH ST,Collision with:  Vehicle in traffic,On Roadway,Head-on (front to front),Crossed centerline (undivided),None Indicated,,Daylight,Ice/frost,Cloudy,"Surface condition (e.g., wet, icy)",Non-intersection:  Non-junction/no special feature,Paved,,Property Damage Only,0,0,0,0,0,0,9000,2,3,,POINT (-95.149962877346 43.342458380416)
2014833333,137-14,12/11/2014,12-December,5-Thursday,21:35,2100 Hours,District 4 (Southwest),,MADISON,,Co Rd G4R/CUMMING RD,Collision with:  Animal,,,Animal,None Indicated,,,,,,,Paved,,Property Damage Only,0,0,0,0,0,0,1500,1,1,,POINT (-93.933951592571 41.401187073434)
2014833100,S14-004902,12/11/2014,12-December,5-Thursday,07:40,0700 Hours,District 4 (Southwest),,POTTAWATTAMIE,IA 92,IA 92/IOWA 92 & CONCORD LOOP,Collision with:  Vehicle in traffic,On Roadway,"Angle, oncoming left turn",Unknown,None Indicated,,Daylight,Dry,Clear,None apparent,Non-intersection:  Non-junction/no special feature,Paved,,Property Damage Only,0,0,0,0,0,0,3500,2,4,,POINT (-95.79464649619 41.232933862822)
2014833013,14186529,12/11/2014,12-December,5-Thursday,17:17,1700 Hours,District 6 (East Central),CORALVILLE,JOHNSON,,Co Rd W66/DUBUQUE ST,Collision with:  Vehicle in traffic,On Roadway,Rear-end (front to rear),FTYROW:  Other (explain in narrative),None Indicated,,Dark - roadway not lighted,Dry,Cloudy,None apparent,Intersection:  Other intersection (explain in narrative),Paved,,Property Damage Only,0,0,0,0,0,0,13500,4,4,,POINT (-91.549120973102 41.706193383298)
2014832903,W14-120582,12/11/2014,12-December,5-Thursday,11:43,1100 Hours,District 2 (Northeast),WATERLOO,BLACK HAWK,,BROADWAY ST,Collision with:  Vehicle in traffic,On Roadway,"Sideswipe, same direction",FTYROW:  Other (explain in narrative),None Indicated,,Daylight,Dry,Clear,None apparent,Non-intersection:  Non-junction/no special feature,Paved,,Property Damage Only,0,0,0,0,0,0,2000,2,2,,POINT (-92.374181212333 42.534403911772)
2014833693,14-8134,12/11/2014,12-December,5-Thursday,09:00,0900 Hours,District 1 (Central),URBANDALE,POLK,I-35,I-35 & IA 28/MERLE HAY RD,Collision with:  Vehicle in traffic,On Roadway,Rear-end (front to rear),Other (explain in narrative):  Other,None Indicated,,Daylight,Dry,Cloudy,None apparent,Intersection:  Intersection with ramp,Paved,,Possible/Unknown,0,2,0,0,2,0,3000,2,4,,POINT (-93.697667852791 41.652113245127)
2014840012,S79140391,12/11/2014,12-December,5-Thursday,13:00,1300 Hours,District 1 (Central),,POWESHIEK,US 6,US 6,Non-collision events:  Overturn/rollover,Outside trafficway,Non-collision (single vehicle),Ran off road - right,None Indicated,,Daylight,Dry,Cloudy,None apparent,Non-intersection:  Non-junction/no special feature,Paved,,Property Damage Only,0,0,0,0,0,0,100000,1,1,,POINT (-92.433681812186 41.746365070747)
2014833023,14-005811,12/11/2014,12-December,5-Thursday,12:26,1200 Hours,District 1 (Central),AMES,STORY,,UNIVERSITY BLVD & IOWA STATE UNIVERSITY,Collision with:  Vehicle in traffic,On Roadway,Rear-end (front to rear),Followed too close,None Indicated,,Daylight,Dry,Cloudy,None apparent,Intersection:  T-intersection,Paved,,Possible/Unknown,0,1,0,0,1,0,3800,2,2,,POINT (-93.639412818845 42.006953581193)
2014833237,14-43900,12/11/2014,12-December,5-Thursday,20:47,2000 Hours,District 5 (Southeast),BURLINGTON,DES MOINES,US 61,US 61 & W ROOSEVELT FRONTAGE CONN,Collision with fixed object:  Traffic sign support,On Roadway,Non-collision (single vehicle),"Operating vehicle in an reckless, erratic, careless, negligent manner",Refused,,Dark - roadway lighted,Dry,Clear,None apparent,Non-intersection:  Crossover-related,Paved,,Property Damage Only,0,0,0,0,0,0,2000,1,1,,POINT (-91.141393523384 40.823046441344)
2014833073,2014-040449,12/11/2014,12-December,5-Thursday,21:08,2100 Hours,District 6 (East Central),DUBUQUE,DUBUQUE,US 52,US 52/KERRIGAN RD,Collision with:  Animal,,,Animal,None Indicated,,,,,,,Paved,,Property Damage Only,0,0,0,0,0,0,5000,1,1,,POINT (-90.667970115592 42.473998557537)
2014833088,2014-6091,12/11/2014,12-December,5-Thursday,07:36,0700 Hours,District 4 (Southwest),WAUKEE,DALLAS,US 6,US 6/HICKMAN AVE & ALICES RD,Collision with:  Vehicle in traffic,On Roadway,Rear-end (front to rear),Other (explain in narrative):  Other,None Indicated,,Daylight,Dry,Cloudy,None apparent,Intersection:  Four-way intersection,Paved,,Possible/Unknown,0,1,0,0,1,0,1500,2,3,,POINT (-93.852927922698 41.614965408846)
2014832921,14-6264,12/11/2014,12-December,5-Thursday,07:18,0700 Hours,District 1 (Central),WEST DES MOINES,POLK,I-235,I-235 & 22ND ST,Collision with:  Vehicle in traffic,On Roadway,Broadside (front to side),FTYROW:  Making left turn,None Indicated,,Dark - roadway lighted,Dry,Clear,None apparent,Intersection:  Four-way intersection,Paved,,Property Damage Only,0,0,0,0,0,0,2400,2,2,,POINT (-93.736134580087 41.592002638783)
2014833074,20140-040440,12/11/2014,12-December,5-Thursday,17:18,1700 Hours,District 6 (East Central),DUBUQUE,DUBUQUE,US 61,US 61,Collision with:  Vehicle in traffic,On Roadway,Rear-end (front to rear),Followed too close,None Indicated,,Dark - roadway lighted,Dry,Cloudy,None apparent,Non-intersection:  Non-junction/no special feature,Paved,,Property Damage Only,0,0,0,0,0,0,1600,2,2,,POINT (-90.6781114328 42.454365947166)
2014832922,14-6265,12/11/2014,12-December,5-Thursday,08:31,0800 Hours,District 1 (Central),WEST DES MOINES,POLK,I-235,I-235,Collision with:  Other non-fixed object (explain in narrative),On Roadway,Non-collision (single vehicle),Other (explain in narrative):  No improper action,None Indicated,,Daylight,Dry,Cloudy,None apparent,Non-intersection:  Non-junction/no special feature,Paved,,Property Damage Only,0,0,0,0,0,0,2000,1,1,,POINT (-93.725747349048 41.593365717557)
2014834184,2014068770,12/11/2014,12-December,5-Thursday,10:57,1000 Hours,District 1 (Central),,POLK,I-80,I-80,Collision with fixed object:  Guardrail - face,Shoulder,Non-collision (single vehicle),Ran off road - left,None Indicated,,Daylight,Dry,Cloudy,None apparent,Non-intersection:  Non-junction/no special feature,Paved,,Minor Injury,0,1,0,1,0,0,11788,1,1,,POINT (-93.447487706291 41.671337812759)
2014833124,20140036654,12/11/2014,12-December,5-Thursday,15:39,1500 Hours,District 1 (Central),DES MOINES,POLK,,ARMY POST RD & SW 9TH ST,Collision with:  Vehicle in traffic,On Roadway,"Sideswipe, same direction",Made improper turn,None Indicated,,Daylight,Dry,Clear,None apparent,Non-intersection:  Non-junction/no special feature,Paved,,Property Damage Only,0,0,0,0,0,0,1500,2,2,,POINT (-93.625717923377 41.526480009209)
2014833157,2014-84487,12/11/2014,12-December,5-Thursday,23:51,2300 Hours,District 6 (East Central),DAVENPORT,SCOTT,,IA 461/BRADY ST,Non-collision events:  Other non-collision (explain in narrative),Roadside,Non-collision (single vehicle),Made improper turn,None Indicated,,Dark - roadway lighted,Dry,Clear,None apparent,Non-intersection:  Driveway access (within),Paved,,Property Damage Only,0,0,0,0,0,0,3600,1,1,,POINT (-90.569098125058 41.572734134971)
2014833803,N14000682,12/11/2014,12-December,5-Thursday,17:47,1700 Hours,District 6 (East Central),NORTH LIBERTY,JOHNSON,,HWY 965 & N DUBUQUE ST,Collision with:  Vehicle in traffic,On Roadway,"Angle, oncoming left turn",Made improper turn,None Indicated,,Dark - roadway lighted,Dry,Cloudy,None apparent,Intersection:  T-intersection,Paved,,Property Damage Only,0,0,0,0,0,0,13000,2,3,,POINT (-91.607535928436 41.757876539649)
2014834026,2014068826,12/11/2014,12-December,5-Thursday,14:00,1400 Hours,District 1 (Central),MONROE,JASPER,IA 163,IA 163/IOWA 163 W,Non-collision events:  Other non-collision (explain in narrative),Outside trafficway,Non-collision (single vehicle),Crossed centerline (undivided),None Indicated,,Daylight,Dry,Cloudy,None apparent,Non-intersection:  Non-junction/no special feature,Paved,,Property Damage Only,0,0,0,0,0,0,2300,1,1,,POINT (-93.143948755369 41.556042079554)
2014833424,14-171211-01,12/11/2014,12-December,5-Thursday,22:35,2200 Hours,District 6 (East Central),,IOWA,US 151,US 151/W AVE,Collision with:  Animal,,,Animal,None Indicated,,,,,,,Paved,,Property Damage Only,0,0,0,0,0,0,2500,1,1,,POINT (-91.869889929715 41.837810040045)
2014833272,,12/11/2014,12-December,5-Thursday,07:19,0700 Hours,District 2 (Northeast),DENVER,BREMER,US 63,US 63,Collision with:  Animal,On Roadway,Non-collision (single vehicle),Animal,None Indicated,,,,,,,Paved,,Property Damage Only,0,0,0,0,0,0,3500,1,1,,POINT (-92.34353313911 42.67473881373)
2014836323,14007740,12/11/2014,12-December,5-Thursday,16:40,1600 Hours,District 2 (Northeast),MASON CITY,CERRO GORDO,US 18,US 18,Collision with:  Other non-fixed object (explain in narrative),On Roadway,Rear-end (front to rear),Cargo/equipment loss or shift,None Indicated,,Dusk,Dry,"Fog, smoke, smog",Debris,Non-intersection:  Non-junction/no special feature,Paved,,Property Damage Only,0,0,0,0,0,0,3800,3,4,,POINT (-93.161552871783 43.111846989864)
2014833213,201405831,12/11/2014,12-December,5-Thursday,16:07,1600 Hours,District 1 (Central),LUTHER,BOONE,IA 17,IA 17/IOWA ST,Collision with:  Vehicle in traffic,On Roadway,Rear-end (front to rear),Other (explain in narrative):  Other,None Indicated,,Dusk,Dry,Cloudy,None apparent,Non-intersection:  Non-junction/no special feature,Paved,,Property Damage Only,0,0,0,0,0,0,13000,2,4,,POINT (-93.815569375642 41.967613168882)
2014836654,14-018036,12/11/2014,12-December,5-Thursday,22:45,2200 Hours,District 6 (East Central),,CEDAR,,Co Rd Y14/HOOVER HWY & WASHINGTON AVE & 175TH,Collision with fixed object:  Ditch,Outside trafficway,Non-collision (single vehicle),Ran off road - right,Alcohol (Statutory),,Dark - unknown roadway lighting,Dry,Cloudy,None apparent,Intersection:  Four-way intersection,Paved,,Property Damage Only,0,0,0,0,0,0,5000,1,1,,POINT (-90.927373962634 41.840553610955)
2014833730,W14-120697,12/11/2014,12-December,5-Thursday,18:23,1800 Hours,District 2 (Northeast),WATERLOO,BLACK HAWK,,E SAN MARNAN DR & SEARS ST,Collision with:  Vehicle in traffic,On Roadway,"Sideswipe, same direction",Swerving/Evasive Action,None Indicated,,Dark - roadway lighted,Dry,Clear,None apparent,Intersection:  Four-way intersection,Paved,,Property Damage Only,0,0,0,0,0,0,2521,2,2,,POINT (-92.323523313637 42.465653785408)
2014833084,14-2763,12/11/2014,12-December,5-Thursday,17:28,1700 Hours,District 1 (Central),URBANDALE,POLK,,68TH ST,Collision with:  Vehicle in traffic,On Roadway,Unknown,Unknown,None Indicated,,Dark - roadway lighted,Dry,Clear,None apparent,Non-intersection:  Non-junction/no special feature,Paved,,Property Damage Only,0,0,0,0,0,0,2000,2,1,,POINT (-93.709820326544 41.63232219074)
2014846052,14-077,12/11/2014,12-December,5-Thursday,17:45,1700 Hours,District 3 (Northwest),ROCKWELL CITY,CALHOUN,,Co Rd N41/JENNINGS AVE & 270TH ST,Collision with:  Animal,,,Animal,None Indicated,,,,,,,Paved,,Property Damage Only,0,0,0,0,0,0,8000,1,1,,POINT (-94.728027520875 42.398832564921)
2014833952,2014-040414,12/11/2014,12-December,5-Thursday,09:15,0900 Hours,District 6 (East Central),DUBUQUE,DUBUQUE,IA 32,IA 32/IA32 NW ARTERIAL & PENNSYLVANIA AVE,Collision with:  Vehicle in traffic,On Roadway,Rear-end (front to rear),Lost Control,None Indicated,,Daylight,Dry,Cloudy,None apparent,Intersection:  Four-way intersection,Paved,,Property Damage Only,0,0,0,0,0,0,4800,2,2,,POINT (-90.740752968148 42.500969022354)