Iowa DOT Case Number,Law Enforcement Case Number,Date of Crash,Month of Crash,Day of Week,Time of Crash,Hour,DOT District,City Name,County Name,Route with System,Location Description,First Harmful Event,Location of First Harmful Event,Manner of Crash/Collision,Major Cause,Drug or Alcohol ,Environmental Conditions,Light Conditions,Surface Conditions,Weather Conditions,Roadway Contribution,Roadway Type,Roadway Surface,Work Zone,Crash Severity,Number of Fatalities,Number of Injuries,Number of Major Injuries,Number of Minor Injuries,Number of Possible Injuries,Number of Unknown Injuries,Amount of Property Damage,Number of Vehicles Involved,Total Number of Occupants,Travel Direction,Location
2014833110,1412112791,12/11/2014,12-December,5-Thursday,18:00,1800 Hours,District 6 (East Central),,CLINTON,,Co Rd Y24/10 AVE,Collision with:  Animal,On Roadway,Non-collision (single vehicle),Animal,None Indicated,,Dark - roadway not lighted,Dry,Clear,None apparent,Non-intersection:  Non-junction/no special feature,Paved,,Property Damage Only,0,0,0,0,0,0,12500,1,1,,POINT (-90.898445637913 41.958494784822)
2014833234,14-40415,12/11/2014,12-December,5-Thursday,14:49,1400 Hours,District 3 (Northwest),SIOUX CITY,WOODBURY,,SUNNYBROOK DR,Collision with:  Vehicle in traffic,On Roadway,"Angle, oncoming left turn",FTYROW:  Making left turn,None Indicated,,Daylight,Dry,Clear,None apparent,Non-intersection:  Driveway access (within),Paved,,Property Damage Only,0,0,0,0,0,0,2000,2,3,,POINT (-96.332330181082 42.448784213475)
2014833214,14-6271,12/11/2014,12-December,5-Thursday,15:31,1500 Hours,District 4 (Southwest),WEST DES MOINES,DALLAS,,STAGECOACH DR & MILLS CIVIC PKWY,Collision with:  Vehicle in traffic,On Roadway,"Sideswipe, same direction",Improper or erratic lane changing,None Indicated,,Daylight,Dry,Clear,None apparent,Non-intersection:  Non-junction/no special feature,Paved,,Property Damage Only,0,0,0,0,0,0,2300,2,2,,POINT (-93.794256905826 41.559919345932)
2014833322,80-14-401,12/11/2014,12-December,5-Thursday,20:12,2000 Hours,District 2 (Northeast),HUMBOLDT,HUMBOLDT,US 169,US 169/13TH ST N & 6TH AVE N,Collision with:  Vehicle in traffic,On Roadway,Rear-end (front to rear),Other (explain in narrative):  Other,None Indicated,,Dark - roadway lighted,Dry,Cloudy,None apparent,Intersection:  Four-way intersection,Paved,,Property Damage Only,0,0,0,0,0,0,8500,2,2,,POINT (-94.226877540018 42.72760285163)
2014833160,14-1985,12/11/2014,12-December,5-Thursday,17:34,1700 Hours,District 1 (Central),,GREENE,,Co Rd E53/237TH,Collision with:  Animal,,,Animal,None Indicated,,,,,,,Paved,,Property Damage Only,0,0,0,0,0,0,6000,1,1,,POINT (-94.424578402043 42.011629376758)
2014833255,,12/11/2014,12-December,5-Thursday,10:00,1000 Hours,District 6 (East Central),CEDAR RAPIDS,LINN,,DEVONWOOD DR SW & KIRKWOOD BLVD SW & KIRKWOOD NORTH RD SW,Collision with:  Vehicle in traffic,On Roadway,"Sideswipe, same direction",Unknown,None Indicated,,Daylight,Dry,Cloudy,,Intersection:  Four-way intersection,Paved,,Property Damage Only,0,0,0,0,0,0,1800,2,2,,POINT (-91.656686508478 41.919068278476)
2014833217,2014013702,12/11/2014,12-December,5-Thursday,17:18,1700 Hours,District 6 (East Central),IOWA CITY,JOHNSON,US 6,US 6/S RIVERSIDE DR,Collision with:  Vehicle in traffic,On Roadway,Rear-end (front to rear),Other (explain in narrative):  Other,None Indicated,,Dark - roadway lighted,Dry,Cloudy,None apparent,Non-intersection:  Non-junction/no special feature,Paved,,Possible/Unknown,0,1,0,0,1,0,12000,3,4,,POINT (-91.540387419655 41.653374808169)
2014834186,2014068864,12/11/2014,12-December,5-Thursday,17:30,1700 Hours,District 1 (Central),,HAMILTON,US 20,US 20,Collision with:  Animal,,,Animal,None Indicated,,,,,,,Paved,,Property Damage Only,0,0,0,0,0,0,5000,1,1,,POINT (-93.497664243101 42.448089527416)
2014833242,14-0000842,12/11/2014,12-December,5-Thursday,14:50,1400 Hours,District 2 (Northeast),ELKADER,CLAYTON,,MULBERRY ST SW & MAIN ST SW,Collision with:  Parked motor vehicle,On Roadway,Broadside (front to side),Other (explain in narrative):  Other,None Indicated,,Daylight,Dry,Cloudy,None apparent,Non-intersection:  Non-junction/no special feature,Paved,,Property Damage Only,0,0,0,0,0,0,2675,2,1,,POINT (-91.40370038229 42.85384883483)
2014833278,14-005823,12/11/2014,12-December,5-Thursday,21:10,2100 Hours,District 1 (Central),AMES,STORY,,LINCOLN WAY & UNIVERSITY BLVD,Collision with:  Vehicle in traffic,On Roadway,"Angle, oncoming left turn",FTYROW:  Making left turn,None Indicated,,Dark - roadway lighted,Dry,Clear,None apparent,Intersection:  Four-way intersection,Paved,,Property Damage Only,0,0,0,0,0,0,6500,2,3,,POINT (-93.633302798353 42.022821031441)
2014833294,20140036706,12/11/2014,12-December,5-Thursday,10:30,1000 Hours,District 1 (Central),DES MOINES,POLK,,E 12TH ST,Collision with:  Animal,On Roadway,Head-on (front to front),Animal,None Indicated,,Daylight,Dry,Cloudy,None apparent,Non-intersection:  Non-junction/no special feature,Paved,,Property Damage Only,0,0,0,0,0,0,2500,2,4,,POINT (-93.603551555655 41.59694546452)
2014833455,2014-84694,12/11/2014,12-December,5-Thursday,18:19,1800 Hours,District 6 (East Central),DAVENPORT,SCOTT,,E 13TH ST & FARNAM ST,Collision with:  Vehicle in traffic,On Roadway,Broadside (front to side),FTYROW:  From stop sign,None Indicated,,Dark - roadway lighted,Dry,Cloudy,None apparent,Intersection:  Other intersection (explain in narrative),Paved,,Property Damage Only,0,0,0,0,0,0,3500,2,2,,POINT (-90.566728266931 41.532983843639)
2014833216,14-8155,12/11/2014,12-December,5-Thursday,20:20,2000 Hours,District 1 (Central),,POLK,,NW 54TH AVE,Collision with:  Vehicle in traffic,On Roadway,Rear-end (front to rear),Followed too close,Alcohol (Statutory),,Dark - roadway not lighted,Dry,Cloudy,None apparent,Non-intersection:  Non-junction/no special feature,Paved,,Property Damage Only,0,0,0,0,0,0,7500,2,4,,POINT (-93.622719076768 41.658569514788)
2014833357,2014-040441,12/11/2014,12-December,5-Thursday,17:39,1700 Hours,District 6 (East Central),DUBUQUE,DUBUQUE,,KAUFMANN AVE,Collision with:  Animal,,,Animal,None Indicated,,,,,,,Paved,,Property Damage Only,0,0,0,0,0,0,1500,1,1,,POINT (-90.688925133877 42.516729823617)
2014833799,201404563,12/11/2014,12-December,5-Thursday,06:05,0600 Hours,District 6 (East Central),,LINN,,Co Rd E34/COUNTY HOME RD,Non-collision events:  Other non-collision (explain in narrative),On Roadway,Non-collision (single vehicle),Swerving/Evasive Action,None Indicated,,Dark - roadway not lighted,Dry,Clear,None apparent,Non-intersection:  Non-junction/no special feature,Paved,,Possible/Unknown,0,1,0,0,1,0,7000,1,1,,POINT (-91.574658807332 42.093856368103)
2014833064,201418436,12/11/2014,12-December,5-Thursday,16:55,1600 Hours,District 6 (East Central),CEDAR RAPIDS,LINN,I-380,I-380,Collision with:  Vehicle in traffic,On Roadway,"Sideswipe, same direction",FTYROW:  Other (explain in narrative),None Indicated,,Dusk,Dry,Cloudy,None apparent,Non-intersection:  Non-junction/no special feature,Paved,,Possible/Unknown,0,1,0,0,1,0,14000,2,2,,POINT (-91.670830236982 41.955736252527)
2014846515,AC14-075,12/11/2014,12-December,5-Thursday,07:50,0700 Hours,District 4 (Southwest),HARLAN,SHELBY,IA 44,IA 44/CHATBURN AVE,Collision with:  Vehicle in traffic,On Roadway,"Sideswipe, same direction",Improper or erratic lane changing,None Indicated,,Daylight,Dry,Cloudy,None apparent,Non-intersection:  Non-junction/no special feature,Paved,,Property Damage Only,0,0,0,0,0,0,3000,2,3,,POINT (-95.32653398329 41.645846866408)
2014833563,20140036672,12/11/2014,12-December,5-Thursday,17:45,1700 Hours,District 1 (Central),DES MOINES,POLK,I-235,I-235,Collision with:  Vehicle in traffic,On Roadway,Rear-end (front to rear),Driving too fast for conditions,None Indicated,,Dark - roadway lighted,Dry,Cloudy,None apparent,Non-intersection:  Non-junction/no special feature,Paved,,Possible/Unknown,0,1,0,0,1,0,18000,3,3,,POINT (-93.691770596073 41.592530342781)
2014833394,2014068852,12/11/2014,12-December,5-Thursday,16:19,1600 Hours,District 5 (Southeast),,DAVIS,US 63,US 63,Collision with:  Vehicle in traffic,On Roadway,"Sideswipe, same direction",FTYROW:  Other (explain in narrative),None Indicated,,Dusk,Dry,Cloudy,None apparent,Non-intersection:  Non-junction/no special feature,Paved,,Property Damage Only,0,0,0,0,0,0,3600,2,2,,POINT (-92.398984723181 40.811726289021)
2014833105,14-23945,12/12/2014,12-December,6-Friday,04:37,0400 Hours,District 6 (East Central),BETTENDORF,SCOTT,I-74,I-74 & MIDDLE RD,Non-collision events:  Overturn/rollover,Roadside,Non-collision (single vehicle),Ran off road - right,None Indicated,,Dark - roadway lighted,Wet,Rain,"Surface condition (e.g., wet, icy)",Non-intersection:  Other non-intersection (explain in narrative),Paved,,Property Damage Only,0,0,0,0,0,0,12000,1,1,,POINT (-90.517831633118 41.540953591068)
2014834904,2014-014325,12/12/2014,12-December,6-Friday,05:06,0500 Hours,District 6 (East Central),,DUBUQUE,US 52,US 52 & MIDWAY RD,Collision with:  Vehicle in traffic,On Roadway,"Sideswipe, opposite direction",Crossed centerline (undivided),None Indicated,,Dark - roadway not lighted,Ice/frost,"Fog, smoke, smog","Surface condition (e.g., wet, icy)",Non-intersection:  Non-junction/no special feature,Paved,,Possible/Unknown,0,1,0,0,1,0,14000,2,2,,POINT (-90.933314797279 42.578547452985)
2014833705,14-8538,12/12/2014,12-December,6-Friday,17:52,1700 Hours,District 2 (Northeast),BANCROFT,KOSSUTH,,Co Rd B40/210 ST & Co Rd P60/190 AVE,Collision with:  Vehicle in traffic,On Roadway,Broadside (front to side),FTYROW:  From stop sign,None Indicated,,Dark - roadway lighted,Wet,Cloudy,None apparent,Intersection:  Four-way intersection,Paved,,Possible/Unknown,0,1,0,0,1,0,14000,2,4,,POINT (-94.089038614524 43.066724973423)
2014833396,2014068918,12/12/2014,12-December,6-Friday,07:03,0700 Hours,District 4 (Southwest),,POTTAWATTAMIE,I-80,I-80 & Co Rd L55/298TH ST,Collision with fixed object:  Ditch,On Roadway,Non-collision (single vehicle),Swerving/Evasive Action,None Indicated,,Dark - roadway lighted,Wet,Cloudy,None apparent,Intersection:  Intersection with ramp,Paved,,Property Damage Only,0,0,0,0,0,0,4000,1,1,,POINT (-95.612076100384 41.44200401442)
2014836077,14005835,12/12/2014,12-December,6-Friday,15:44,1500 Hours,District 1 (Central),AMES,STORY,,24TH ST & NORTHWESTERN AVE,Collision with:  Vehicle in traffic,On Roadway,Broadside (front to side),Ran Stop Sign,None Indicated,,Daylight,Dry,Clear,None apparent,Intersection:  Four-way intersection,Paved,,Property Damage Only,0,0,0,0,0,0,3000,2,2,,POINT (-93.625880743022 42.045648331815)
2014833400,S14-004915,12/12/2014,12-December,6-Friday,07:30,0700 Hours,District 4 (Southwest),,POTTAWATTAMIE,,Co Rd G16/WHIPPOORWILL RD/510TH ST,Non-collision events:  Overturn/rollover,Shoulder,Non-collision (single vehicle),Ran off road - right,None Indicated,,Dawn,Dry,Clear,None apparent,Non-intersection:  Non-junction/no special feature,Paved,,Possible/Unknown,0,1,0,0,1,0,5000,1,1,,POINT (-95.211769510205 41.49017503697)
2014833841,14-40532,12/12/2014,12-December,6-Friday,17:40,1700 Hours,District 3 (Northwest),SIOUX CITY,WOODBURY,IA 376,IA 376/S LEWIS BLVD & LEECH AVE,Collision with:  Vehicle in traffic,On Roadway,Rear-end (front to rear),Other (explain in narrative):  Other,None Indicated,,Dark - roadway lighted,Wet,Cloudy,None apparent,Non-intersection:  Non-junction/no special feature,Paved,,Property Damage Only,0,0,0,0,0,0,2500,2,2,,POINT (-96.380363609791 42.487743450437)
2014833523,14-017995,12/12/2014,12-December,6-Friday,19:00,1900 Hours,District 2 (Northeast),OELWEIN,FAYETTE,IA 3,IA 3/35TH ST & N AVE,Collision with:  Other non-fixed object (explain in narrative),On Roadway,Non-collision (single vehicle),Unknown,None Indicated,,Dark - roadway not lighted,Dry,"Fog, smoke, smog",None apparent,Non-intersection:  Non-junction/no special feature,Paved,,Property Damage Only,0,0,0,0,0,0,5500,2,4,,POINT (-91.86400545526 42.679731101807)
2014833580,18612-14,12/12/2014,12-December,6-Friday,21:30,2100 Hours,District 3 (Northwest),SPENCER,CLAY,,4TH AVE SW,Collision with:  Vehicle in traffic,On Roadway,Rear-end (front to rear),Other (explain in narrative):  Vision obstructed,None Indicated,,Dark - roadway lighted,Dry,Cloudy,None apparent,Non-intersection:  Non-junction/no special feature,Paved,,Property Damage Only,0,0,0,0,0,0,6600,3,1,,POINT (-95.150685102218 43.129132505212)
2014833656,2014-26563,12/12/2014,12-December,6-Friday,07:23,0700 Hours,District 5 (Southeast),,WARREN,,Co Rd S23/HWY S23,Collision with:  Animal,,,Animal,None Indicated,,,,,,,Paved,,Property Damage Only,0,0,0,0,0,0,200000,1,1,,POINT (-93.462110612876 41.334699937412)
2014833314,1412122771,12/12/2014,12-December,6-Friday,06:25,0600 Hours,District 6 (East Central),,CLINTON,US 30,US 30,Collision with fixed object:  Bridge overhead structure,On Roadway,Non-collision (single vehicle),Swerving/Evasive Action,None Indicated,,Dark - roadway not lighted,Ice/frost,"Fog, smoke, smog","Surface condition (e.g., wet, icy)",Non-intersection:  Non-junction/no special feature,Paved,,Property Damage Only,0,0,0,0,0,0,3000,1,2,,POINT (-90.457428201185 41.813896943079)
2014833338,14-037751,12/12/2014,12-December,6-Friday,05:56,0500 Hours,District 5 (Southeast),,LEE,IA 16,IA 16/IOWA 16,Collision with:  Animal,,,Animal,None Indicated,,,,,,,Paved,,Property Damage Only,0,0,0,0,0,0,1500,1,1,,POINT (-91.302647605325 40.739794186376)
2014833342,14-0710,12/12/2014,12-December,6-Friday,21:20,2100 Hours,District 1 (Central),,WEBSTER,US 169,US 169,Collision with:  Animal,On Roadway,Non-collision (single vehicle),Animal,None Indicated,,Dark - roadway not lighted,Wet,"Fog, smoke, smog",None apparent,Non-intersection:  Non-junction/no special feature,Paved,,Minor Injury,0,2,0,1,1,0,7000,1,2,,POINT (-94.227224360775 42.542896490342)
2014833604,14-8174,12/12/2014,12-December,6-Friday,15:50,1500 Hours,District 1 (Central),WEST DES MOINES,POLK,,E P TRUE PKWY & S 29TH ST,Collision with:  Vehicle in traffic,On Roadway,Rear-end (front to rear),Swerving/Evasive Action,None Indicated,,Daylight,Dry,Clear,None apparent,Non-intersection:  Non-junction/no special feature,Paved,,Property Damage Only,0,0,0,0,0,0,17370,2,2,,POINT (-93.742806830581 41.570126183695)
2014833566,20140036743,12/12/2014,12-December,6-Friday,15:52,1500 Hours,District 1 (Central),DES MOINES,POLK,,MLK JR PKWY,Collision with:  Vehicle in traffic,On Roadway,Rear-end (front to rear),Followed too close,None Indicated,,Daylight,Dry,Clear,None apparent,Non-intersection:  Non-junction/no special feature,Paved,,Property Damage Only,0,0,0,0,0,0,3500,2,5,,POINT (-93.644802121682 41.582201828977)
2014833603,14-6300,12/12/2014,12-December,6-Friday,23:18,2300 Hours,District 1 (Central),WEST DES MOINES,POLK,,S PRAIRIE VIEW DR,Collision with fixed object:  Curb/island/raised median,On Roadway,Non-collision (single vehicle),"Operating vehicle in an reckless, erratic, careless, negligent manner",Alcohol (Statutory),,Dark - roadway lighted,Dry,Clear,None apparent,Intersection:  Four-way intersection,Paved,,Property Damage Only,0,0,0,0,0,0,1500,1,1,,POINT (-93.785075591797 41.561306467607)
2014833696,14-8181,12/12/2014,12-December,6-Friday,23:21,2300 Hours,District 1 (Central),,POLK,IA 415,IA 415/2ND AVE,Collision with:  Vehicle in traffic,On Roadway,"Sideswipe, same direction",FTYROW:  Other (explain in narrative),None Indicated,,Dark - roadway lighted,Dry,Clear,None apparent,Non-intersection:  Non-junction/no special feature,Paved,,Property Damage Only,0,0,0,0,0,0,2000,2,3,,POINT (-93.619965591279 41.636958209807)
2014839066,S79140395,12/12/2014,12-December,6-Friday,19:40,1900 Hours,District 1 (Central),,POWESHIEK,US 63,US 63,Collision with:  Animal,,,Animal,None Indicated,,,,,,,Paved,,Property Damage Only,0,0,0,0,0,0,5000,1,777,,POINT (-92.551866282971 41.741914909362)
2014833364,2014-040479,12/12/2014,12-December,6-Friday,17:38,1700 Hours,District 6 (East Central),DUBUQUE,DUBUQUE,US 20,US 20/DODGE ST & DEVON DR,Collision with:  Vehicle in traffic,On Roadway,Rear-end (front to rear),Lost Control,None Indicated,,Dark - roadway lighted,Wet,Rain,None apparent,Non-intersection:  Non-junction/no special feature,Paved,,Property Damage Only,0,0,0,0,0,0,9000,2,3,,POINT (-90.701404860519 42.491424097985)
2014833538,2014069026,12/12/2014,12-December,6-Friday,20:36,2000 Hours,District 2 (Northeast),,CLAYTON,IA 13,IA 13/IOWA 13 & DOGWOOD AVE,Collision with:  Vehicle in traffic,On Roadway,"Sideswipe, same direction",Crossed centerline (undivided),None Indicated,,Dark - roadway not lighted,Wet,Cloudy,None apparent,Intersection:  T-intersection,Paved,,Minor Injury,0,1,0,1,0,0,4000,2,4,,POINT (-91.477684349934 42.762220716894)
2014833351,2014-014327,12/12/2014,12-December,6-Friday,05:40,0500 Hours,District 6 (East Central),,DUBUQUE,US 20,US 20,Collision with fixed object:  Ditch,Median,Non-collision (single vehicle),Ran off road - left,None Indicated,,Dark - roadway not lighted,Ice/frost,Rain,"Surface condition (e.g., wet, icy)",Non-intersection:  Non-junction/no special feature,Paved,,Property Damage Only,0,0,0,0,0,0,10000,1,1,,POINT (-90.814926990538 42.440181037301)
2014833360,2014-040462,12/12/2014,12-December,6-Friday,06:00,0600 Hours,District 6 (East Central),DUBUQUE,DUBUQUE,IA 32,IA 32,Collision with:  Vehicle in traffic,On Roadway,Head-on (front to front),Crossed centerline (undivided),None Indicated,,Dark - roadway lighted,Ice/frost,Rain,"Surface condition (e.g., wet, icy)",Non-intersection:  Crossover-related,Paved,,Property Damage Only,0,0,0,0,0,0,4000,2,2,,POINT (-90.722920975513 42.52585759736)
2014833326,201418491,12/12/2014,12-December,6-Friday,17:29,1700 Hours,District 6 (East Central),CEDAR RAPIDS,LINN,,Co Rd W54/KIRKWOOD BLVD SW & WOODSTONE LN SW,Collision with:  Vehicle in traffic,On Roadway,Rear-end (front to rear),Followed too close,None Indicated,,Dark - roadway not lighted,Dry,Cloudy,None apparent,Intersection:  T-intersection,Paved,,Possible/Unknown,0,1,0,0,1,0,9000,2,2,,POINT (-91.656544181089 41.895955826967)
2014833863,14010597,12/12/2014,12-December,6-Friday,18:35,1800 Hours,District 6 (East Central),,DELAWARE,US 20,US 20,Collision with:  Animal,,,Animal,None Indicated,,,,,,,Paved,,Property Damage Only,0,0,0,0,0,0,1500,1,1,,POINT (-91.524058746464 42.464072194915)
2014833158,2014-84831,12/12/2014,12-December,6-Friday,08:20,0800 Hours,District 6 (East Central),DAVENPORT,SCOTT,,E 15TH ST & BRIDGE AVE,Collision with:  Vehicle in traffic,On Roadway,"Angle, oncoming left turn",FTYROW:  At uncontrolled intersection,None Indicated,,Daylight,Wet,"Fog, smoke, smog",None apparent,Non-intersection:  Non-junction/no special feature,Paved,,Property Damage Only,0,0,0,0,0,0,6000,2,2,,POINT (-90.557865095976 41.535038449327)
2014833565,20140036742,12/12/2014,12-December,6-Friday,15:30,1500 Hours,District 1 (Central),DES MOINES,POLK,US 6,US 6/E EUCLID AVE,Collision with:  Vehicle in traffic,On Roadway,Broadside (front to side),FTYROW:  At uncontrolled intersection,None Indicated,,Daylight,Dry,Cloudy,Other (explain in narrative),Non-intersection:  Non-junction/no special feature,Paved,,Minor Injury,0,1,0,1,0,0,4000,2,2,,POINT (-93.578868840927 41.627787022206)
2014833459,2014-84877,12/12/2014,12-December,6-Friday,13:03,1300 Hours,District 6 (East Central),DAVENPORT,SCOTT,US 6,US 6/E KIMBERLY RD,Collision with:  Vehicle in traffic,On Roadway,Rear-end (front to rear),Followed too close,None Indicated,,Daylight,Wet,Cloudy,None apparent,Non-intersection:  Non-junction/no special feature,Paved,,Possible/Unknown,0,1,0,0,1,0,6500,3,3,,POINT (-90.553469905866 41.556866502866)
2014833188,14-43956,12/12/2014,12-December,6-Friday,11:39,1100 Hours,District 5 (Southeast),BURLINGTON,DES MOINES,,MT PLEASANT ST,Collision with:  Vehicle in traffic,On Roadway,Broadside (front to side),FTYROW:  Other (explain in narrative),None Indicated,,Daylight,Dry,Cloudy,None apparent,Non-intersection:  Non-junction/no special feature,Paved,,Property Damage Only,0,0,0,0,0,0,2000,2,2,,POINT (-91.140485362475 40.825842242098)
2014833028,20140036700,12/12/2014,12-December,6-Friday,07:10,0700 Hours,District 1 (Central),DES MOINES,POLK,,GEORGE FLAGG PKWY,Collision with:  Animal,On Roadway,Non-collision (single vehicle),Animal,None Indicated,,Dawn,Wet,Cloudy,"Surface condition (e.g., wet, icy)",Non-intersection:  Non-junction/no special feature,Paved,,Property Damage Only,0,0,0,0,0,0,3500,1,1,,POINT (-93.666363462202 41.561551323056)
2014833573,20140036763,12/12/2014,12-December,6-Friday,19:52,1900 Hours,District 1 (Central),DES MOINES,POLK,,E WALNUT ST & E 6TH ST,Collision with:  Vehicle in traffic,On Roadway,Rear-end (front to rear),Followed too close,None Indicated,,Dark - roadway lighted,Wet,Cloudy,"Surface condition (e.g., wet, icy)",Intersection:  Four-way intersection,Paved,,Possible/Unknown,0,1,0,0,1,0,500,2,4,,POINT (-93.609402712294 41.588817084546)
2014835359,14004223,12/12/2014,12-December,6-Friday,06:21,0600 Hours,District 5 (Southeast),,KEOKUK,IA 78,IA 78/IOWA 78,Collision with:  Animal,,,Animal,None Indicated,,,,,,,Paved,,Property Damage Only,0,0,0,0,0,0,5500,1,1,,POINT (-92.030513348715 41.178071742173)
2014833833,W14-121024,12/12/2014,12-December,6-Friday,15:00,1500 Hours,District 2 (Northeast),WATERLOO,BLACK HAWK,,WESTFIELD AVE & RIVER RD & W CONGER ST & ANSBOROUGH AVE,Collision with:  Vehicle in traffic,On Roadway,Rear-end (front to rear),Other (explain in narrative):  Other,None Indicated,,Daylight,Dry,Clear,None apparent,Intersection:  Y-intersection,Paved,,Property Damage Only,0,0,0,0,0,0,3000,2,2,,POINT (-92.369390819418 42.509458608985)
2014833339,14-037812,12/12/2014,12-December,6-Friday,18:05,1800 Hours,District 5 (Southeast),,LEE,US 218,US 218,Collision with:  Animal,,,Animal,None Indicated,,,,,,,Paved,,Property Damage Only,0,0,0,0,0,0,5000,1,1,,POINT (-91.563922760873 40.766726840589)
2014847714,14001463,12/12/2014,12-December,6-Friday,06:00,0600 Hours,District 1 (Central),,STORY,,560TH AVE,Non-collision events:  Overturn/rollover,On Roadway,Non-collision (single vehicle),Swerving/Evasive Action,None Indicated,,Dark - roadway not lighted,"Mud, dirt",Clear,None apparent,Non-intersection:  Non-junction/no special feature,Unpaved,,Possible/Unknown,0,1,0,0,0,1,8000,1,1,,POINT (-93.580923477796 41.922664807471)
2014833475,14-005706,12/12/2014,12-December,6-Friday,16:30,1600 Hours,District 3 (Northwest),ROCK RAPIDS,LYON,IA 9,IA 9/1ST AVE,Collision with:  Parked motor vehicle,On Roadway,Head-on (front to front),Other (explain in narrative):  Other,None Indicated,,Daylight,Wet,Cloudy,None apparent,Non-intersection:  Non-junction/no special feature,Paved,,Property Damage Only,0,0,0,0,0,0,1500,3,1,,POINT (-96.166527682786 43.431820410844)
2014833362,2014-040473,12/12/2014,12-December,6-Friday,14:55,1400 Hours,District 6 (East Central),DUBUQUE,DUBUQUE,,UNIVERSITY AVE,Collision with:  Vehicle in traffic,On Roadway,Broadside (front to side),FTYROW:  Making left turn,None Indicated,,Daylight,Dry,Cloudy,None apparent,Non-intersection:  Alley,Paved,,Property Damage Only,0,0,0,0,0,0,2500,2,2,,POINT (-90.680320264207 42.499256865153)
2014833361,2014-040467,12/12/2014,12-December,6-Friday,11:49,1100 Hours,District 6 (East Central),DUBUQUE,DUBUQUE,,W 3RD ST & GRANDVIEW AVE N,Collision with:  Vehicle in traffic,On Roadway,Broadside (front to side),FTYROW:  From stop sign,None Indicated,,Daylight,Wet,Cloudy,None apparent,Intersection:  Four-way intersection,Paved,,Property Damage Only,0,0,0,0,0,0,7000,2,2,,POINT (-90.687612438306 42.494892683982)
2014833700,C14120927,12/12/2014,12-December,6-Friday,13:00,1300 Hours,District 2 (Northeast),CEDAR FALLS,BLACK HAWK,,UNIVERSITY AVE,Collision with:  Vehicle in traffic,On Roadway,Rear-end (front to rear),Other (explain in narrative):  Other,None Indicated,,Daylight,Dry,Cloudy,None apparent,Intersection:  Four-way intersection,Paved,,Property Damage Only,0,0,0,0,0,0,2500,2,2,,POINT (-92.444680500185 42.513090263098)
2014833684,14-3986,12/12/2014,12-December,6-Friday,22:55,2200 Hours,District 1 (Central),FORT DODGE,WEBSTER,,8TH AVE S,Collision with:  Animal,On Roadway,Non-collision (single vehicle),Animal,None Indicated,,Dark - roadway lighted,Dry,Cloudy,None apparent,Non-intersection:  Non-junction/no special feature,Paved,,Property Damage Only,0,0,0,0,0,0,1500,1,1,,POINT (-94.177631458596 42.497424932384)
2014833614,CL14004324,12/12/2014,12-December,6-Friday,05:59,0500 Hours,District 6 (East Central),CLINTON,CLINTON,IA 136,IA 136/MAIN AVE & ROLLING HILLS DR,Collision with fixed object:  Ditch,On Roadway,Non-collision (single vehicle),Driving too fast for conditions,None Indicated,,Dark - roadway not lighted,Wet,Cloudy,None apparent,Intersection:  T-intersection,Paved,,Possible/Unknown,0,2,0,0,2,0,2500,1,2,,POINT (-90.197651213917 41.873833941031)
2014833900,,12/12/2014,12-December,6-Friday,15:20,1500 Hours,District 4 (Southwest),DUNLAP,HARRISON,US 30,US 30/6TH ST & IA 37/IOWA AVE,Collision with:  Vehicle in traffic,On Roadway,Head-on (front to front),FTYROW:  Making left turn,None Indicated,,Daylight,Dry,Cloudy,None apparent,Intersection:  Four-way intersection,Paved,,Property Damage Only,0,0,0,0,0,0,5000,2,2,,POINT (-95.601968353758 41.854290321459)
2014834032,2014069036,12/12/2014,12-December,6-Friday,22:40,2200 Hours,District 5 (Southeast),,WAPELLO,,CAMP ARROW HEAD RD,Collision with fixed object:  Other fixed object (explain in narrative),Roadside,Non-collision (single vehicle),"Operating vehicle in an reckless, erratic, careless, negligent manner",None Indicated,,Dark - roadway not lighted,Dry,Clear,None apparent,Non-intersection:  Non-junction/no special feature,Unpaved,,Property Damage Only,0,0,0,0,0,0,10000,2,2,,POINT (-92.341621433276 40.987831965146)
2014833800,201404592,12/12/2014,12-December,6-Friday,18:14,1800 Hours,District 6 (East Central),ELY,LINN,,JAPPA RD,Collision with:  Animal,,,Animal,None Indicated,,,,,,,Paved,,Property Damage Only,0,0,0,0,0,0,1500,1,1,,POINT (-91.578579873508 41.880480550062)
2014834001,14017411,12/12/2014,12-December,6-Friday,17:24,1700 Hours,District 5 (Southeast),,APPANOOSE,IA 2,IA 2/IOWA 2 & 230TH AVE,Collision with:  Animal,Shoulder,Non-collision (single vehicle),Animal,None Indicated,,Dark - roadway not lighted,Dry,Cloudy,None apparent,Non-intersection:  Non-junction/no special feature,Paved,,Property Damage Only,0,0,0,0,0,0,2500,1,2,,POINT (-92.849633789576 40.732602817142)
2014833953,2014-040457,12/12/2014,12-December,6-Friday,03:55,0300 Hours,District 6 (East Central),DUBUQUE,DUBUQUE,,UNIVERSITY AVE,Non-collision events:  Other non-collision (explain in narrative),On Roadway,"Sideswipe, same direction",Lost Control,None Indicated,,Dark - roadway lighted,Dry,Clear,None apparent,Non-intersection:  Non-junction/no special feature,Paved,,Property Damage Only,0,0,0,0,0,0,6000,2,777,,POINT (-90.679073251923 42.49941170908)