Iowa DOT Case Number,Law Enforcement Case Number,Date of Crash,Month of Crash,Day of Week,Time of Crash,Hour,DOT District,City Name,County Name,Route with System,Location Description,First Harmful Event,Location of First Harmful Event,Manner of Crash/Collision,Major Cause,Drug or Alcohol ,Environmental Conditions,Light Conditions,Surface Conditions,Weather Conditions,Roadway Contribution,Roadway Type,Roadway Surface,Work Zone,Crash Severity,Number of Fatalities,Number of Injuries,Number of Major Injuries,Number of Minor Injuries,Number of Possible Injuries,Number of Unknown Injuries,Amount of Property Damage,Number of Vehicles Involved,Total Number of Occupants,Travel Direction,Location
2014835719,2014121203,12/12/2014,12-December,6-Friday,17:16,1700 Hours,District 4 (Southwest),SHENANDOAH,PAGE,,W LOWELL AVE & N SYCAMORE ST,Collision with:  Vehicle in traffic,On Roadway,Broadside (front to side),FTYROW:  From stop sign,None Indicated,,Dusk,Dry,Clear,None apparent,Intersection:  Four-way intersection,Paved,,Property Damage Only,0,0,0,0,0,0,4000,2,4,,POINT (-95.371234308089 40.766860859203)
2014833353,2014-014347,12/12/2014,12-December,6-Friday,16:22,1600 Hours,District 6 (East Central),ASBURY,DUBUQUE,,ASBURY RD & BIRCHWOOD DR,Collision with:  Vehicle in traffic,On Roadway,Rear-end (front to rear),Lost Control,None Indicated,,Dusk,Dry,Cloudy,None apparent,Non-intersection:  Non-junction/no special feature,Paved,,Property Damage Only,0,0,0,0,0,0,3500,2,2,,POINT (-90.766003542711 42.510244384711)
2014833012,14186751,12/12/2014,12-December,6-Friday,02:38,0200 Hours,District 6 (East Central),,JOHNSON,,Co Rd W66/DUBUQUE ST,Collision with fixed object:  Utility pole/light support,On Roadway,Non-collision (single vehicle),Swerving/Evasive Action,None Indicated,,Dark - roadway not lighted,Wet,Rain,None apparent,Non-intersection:  Non-junction/no special feature,Paved,,Property Damage Only,0,0,0,0,0,0,12500,1,1,,POINT (-91.545137013897 41.702711416989)
2014833686,14026275,12/12/2014,12-December,6-Friday,15:42,1500 Hours,District 6 (East Central),MARION,LINN,IA 13,IA 13/IOWA 13 & PRAIRIE RIDGE AVE,Collision with:  Vehicle in traffic,On Roadway,Broadside (front to side),FTYROW:  From stop sign,None Indicated,,Daylight,Dry,Cloudy,None apparent,Intersection:  Other intersection (explain in narrative),Paved,,Property Damage Only,0,0,0,0,0,0,11000,2,2,,POINT (-91.550344243946 42.046998387655)
2014833492,201418492,12/12/2014,12-December,6-Friday,17:54,1700 Hours,District 6 (East Central),CEDAR RAPIDS,LINN,,WILSON AVE SW & WESTDALE DR SW,Collision with:  Vehicle in traffic,On Roadway,Broadside (front to side),Ran Stop Sign,None Indicated,,Dark - roadway lighted,Dry,Clear,None apparent,Intersection:  Four-way intersection,Paved,,Property Damage Only,0,0,0,0,0,0,26000,3,4,,POINT (-91.722807196868 41.95651545103)
2014834288,14-25329,12/12/2014,12-December,6-Friday,05:50,0500 Hours,District 6 (East Central),,SCOTT,I-80,I-80,Collision with fixed object:  Guardrail - face,Median,Non-collision (single vehicle),Ran off road - left,None Indicated,,Dark - roadway not lighted,Ice/frost,Rain,"Surface condition (e.g., wet, icy)",Non-intersection:  Non-junction/no special feature,Paved,,Minor Injury,0,1,0,1,0,0,2500,1,1,,POINT (-90.736005796797 41.606918693639)
2014833290,14122069,12/12/2014,12-December,6-Friday,16:33,1600 Hours,District 4 (Southwest),CLARINDA,PAGE,,N 6TH ST,Collision with:  Vehicle in traffic,On Roadway,Broadside (front to side),FTYROW:  From parked position,None Indicated,,Daylight,Dry,Cloudy,None apparent,Non-intersection:  Non-junction/no special feature,Paved,,Property Damage Only,0,0,0,0,0,0,6000,2,2,,POINT (-95.025098421908 40.738723074858)
2014833118,14-8168,12/12/2014,12-December,6-Friday,11:45,1100 Hours,District 1 (Central),ALTOONA,POLK,US 6,US 6/NW RAMP,Collision with:  Vehicle in traffic,On Roadway,Rear-end (front to rear),Other (explain in narrative):  Other,None Indicated,,Daylight,Dry,Cloudy,None apparent,Interchange-related:  Off-ramp,Paved,,Property Damage Only,0,0,0,0,0,0,3200,2,2,,POINT (-93.513728978057 41.647317942022)
2014833769,2014-84792,12/12/2014,12-December,6-Friday,03:56,0300 Hours,District 6 (East Central),DAVENPORT,SCOTT,I-80,I-80,Collision with fixed object:  Guardrail - face,Outside trafficway,Non-collision (single vehicle),Driving too fast for conditions,None Indicated,,Dark - roadway lighted,Ice/frost,"Sleet, hail",None apparent,Interchange-related:  On-ramp merge area,Paved,,Property Damage Only,0,0,0,0,0,0,4000,1,1,,POINT (-90.574812155934 41.596946848374)
2014833571,20140036759,12/12/2014,12-December,6-Friday,19:16,1900 Hours,District 1 (Central),DES MOINES,POLK,,41ST ST & HUNTLAND ST,Collision with:  Parked motor vehicle,On Roadway,"Sideswipe, same direction","Operating vehicle in an reckless, erratic, careless, negligent manner",Alcohol (Statutory),,Dark - roadway lighted,Dry,Clear,None apparent,Non-intersection:  Non-junction/no special feature,Paved,,Property Damage Only,0,0,0,0,0,0,5500,2,1,,POINT (-93.672915624966 41.608170698178)
2014833236,14-40477,12/12/2014,12-December,6-Friday,05:53,0500 Hours,District 3 (Northwest),SIOUX CITY,WOODBURY,I-29,I-29,Collision with:  Vehicle in traffic,On Roadway,Rear-end (front to rear),Unknown,None Indicated,,Dark - roadway not lighted,Wet,Cloudy,None apparent,Interchange-related:  On-ramp merge area,Paved,,Possible/Unknown,0,1,0,0,1,0,2000,2,2,,POINT (-96.396084351505 42.486881968317)
2014834906,2014-014330,12/12/2014,12-December,6-Friday,07:14,0700 Hours,District 6 (East Central),,DUBUQUE,US 61,US 61 & Co Rd D41/SKYLINE RD,Collision with fixed object:  Traffic sign support,Median,Non-collision (single vehicle),Crossed centerline (undivided),None Indicated,,Dawn,Ice/frost,"Fog, smoke, smog","Surface condition (e.g., wet, icy)",Non-intersection:  Non-junction/no special feature,Paved,,Property Damage Only,0,0,0,0,0,0,4500,1,1,,POINT (-90.694320339027 42.382119275914)
2014833699,14120911,12/12/2014,12-December,6-Friday,11:53,1100 Hours,District 2 (Northeast),CEDAR FALLS,BLACK HAWK,,COLORADO RD & TUCSON DR,Collision with:  Vehicle in traffic,On Roadway,Broadside (front to side),FTYROW:  From stop sign,None Indicated,,Daylight,Dry,Cloudy,None apparent,Intersection:  Four-way intersection,Paved,,Property Damage Only,0,0,0,0,0,0,7000,2,2,,POINT (-92.439847848521 42.507636231892)
2014833867,14021494,12/12/2014,12-December,6-Friday,12:56,1200 Hours,District 2 (Northeast),MASON CITY,CERRO GORDO,IA 122,IA 122/4TH ST SW,Collision with:  Vehicle in traffic,On Roadway,Rear-end (front to rear),Followed too close,None Indicated,,Daylight,Dry,Cloudy,None apparent,Intersection:  Four-way intersection,Paved,,Property Damage Only,0,0,0,0,0,0,2500,2,2,,POINT (-93.227752357942 43.148348222684)
2014833763,14-43994,12/12/2014,12-December,6-Friday,17:50,1700 Hours,District 5 (Southeast),,DES MOINES,US 61,US 61,Collision with:  Animal,,,Animal,None Indicated,,,,,,,Paved,,Property Damage Only,0,0,0,0,0,0,1500,1,1,,POINT (-91.178402247806 41.065060600932)
2014833434,14-40518,12/12/2014,12-December,6-Friday,15:40,1500 Hours,District 3 (Northwest),SIOUX CITY,WOODBURY,,INDIAN HILLS DR & PAWNEE PL,Collision with:  Vehicle in traffic,On Roadway,Rear-end (front to rear),Driver Distraction:  Reaching for object(s)/fallen object(s),None Indicated,,Daylight,Dry,Clear,None apparent,Intersection:  Four-way intersection,Paved,,Property Damage Only,0,0,0,0,0,0,3500,2,2,,POINT (-96.394191199744 42.531906459788)
2014833638,14-1525,12/12/2014,12-December,6-Friday,21:19,2100 Hours,District 1 (Central),CLIVE,POLK,I-35,I-35 & US 6/HICKMAN RD,Collision with:  Vehicle in traffic,On Roadway,"Angle, oncoming left turn",FTYROW:  Making left turn,None Indicated,,Dark - roadway lighted,Dry,Clear,None apparent,Intersection:  Four-way intersection,Paved,,Possible/Unknown,0,2,0,0,2,0,5000,2,3,,POINT (-93.778211506253 41.614892017443)
2014837001,,12/12/2014,12-December,6-Friday,15:38,1500 Hours,District 2 (Northeast),CLEAR LAKE,CERRO GORDO,,,Collision with:  Vehicle in traffic,On Roadway,Rear-end (front to rear),Other (explain in narrative):  Other,None Indicated,,Daylight,Dry,Cloudy,,Non-intersection:  Non-junction/no special feature,,,Possible/Unknown,0,2,0,0,2,0,5500,2,4,,POINT (-96.643700149993 40.233091251414)
2014835171,201405850,12/12/2014,12-December,6-Friday,15:42,1500 Hours,District 1 (Central),,BOONE,,Co Rd E41/216TH DR & Co Rd R18/L AVE,Collision with:  Vehicle in traffic,On Roadway,Rear-end (front to rear),Driver Distraction:  Passenger,None Indicated,,Daylight,Dry,Cloudy,None apparent,Intersection:  T-intersection,Paved,,Property Damage Only,0,0,0,0,0,0,4000,2,4,,POINT (-93.950869479224 42.03739960118)
2014833680,14-8173,12/12/2014,12-December,6-Friday,13:30,1300 Hours,District 1 (Central),,POLK,,SE 6TH AVE & SE 108TH ST,Collision with fixed object:  Ditch,Roadside,Non-collision (single vehicle),Ran off road - right,None Indicated,,Daylight,Dry,Clear,None apparent,Intersection:  Four-way intersection,Paved,,Possible/Unknown,0,1,0,0,1,0,3000,1,1,,POINT (-93.377290184731 41.579851011044)
2014834029,2014068979,12/12/2014,12-December,6-Friday,14:05,1400 Hours,District 6 (East Central),CORALVILLE,JOHNSON,I-80,I-80,Collision with:  Vehicle in traffic,On Roadway,Rear-end (front to rear),Followed too close,None Indicated,,Daylight,Dry,"Fog, smoke, smog",None apparent,Non-intersection:  Non-junction/no special feature,Paved,,Property Damage Only,0,0,0,0,0,0,2900,2,2,,POINT (-91.621275054299 41.694238112418)
2014833862,14010589,12/12/2014,12-December,6-Friday,15:10,1500 Hours,District 6 (East Central),,DELAWARE,,Co Rd D5X/250TH ST & Co Rd X29/220TH AVE,Collision with:  Vehicle in traffic,On Roadway,Broadside (front to side),FTYROW:  From yield sign,None Indicated,,Daylight,Dry,Cloudy,None apparent,Intersection:  T-intersection,Paved,,Property Damage Only,0,0,0,0,0,0,18000,2,2,,POINT (-91.355201603357 42.426777059212)
2014833497,14-43991,12/12/2014,12-December,6-Friday,17:40,1700 Hours,District 5 (Southeast),BURLINGTON,DES MOINES,US 61,US 61 & WEST AVE,Collision with:  Vehicle in traffic,On Roadway,"Angle, oncoming left turn",FTYROW:  Making left turn,None Indicated,,Dark - roadway lighted,Dry,Cloudy,None apparent,Intersection:  Four-way intersection,Paved,,Minor Injury,0,1,0,1,0,0,10000,2,2,,POINT (-91.141621916093 40.800422441838)
2014833352,2014-014329,12/12/2014,12-December,6-Friday,06:18,0600 Hours,District 6 (East Central),,DUBUQUE,,OLDE DAVENPORT RD,Collision with fixed object:  Ditch,On Roadway,Non-collision (single vehicle),Driving too fast for conditions,None Indicated,,Dark - roadway not lighted,Ice/frost,Rain,"Surface condition (e.g., wet, icy)",Non-intersection:  Non-junction/no special feature,Paved,,Possible/Unknown,0,1,0,0,1,0,6000,1,1,,POINT (-90.671133618048 42.424767977116)
2014833258,,12/12/2014,12-December,6-Friday,17:13,1700 Hours,District 2 (Northeast),CLARKSVILLE,BUTLER,IA 188,IA 188/MAIN ST & W PROSPECT ST & E PROSPECT ST,Collision with:  Parked motor vehicle,On Roadway,Rear-end (front to rear),Ran off road - right,None Indicated,,Dusk,Dry,Clear,None apparent,Non-intersection:  Non-junction/no special feature,Paved,,Property Damage Only,0,0,0,0,0,0,7500,2,1,,POINT (-92.667832501672 42.786473686517)
2014833559,201418489,12/12/2014,12-December,6-Friday,17:04,1700 Hours,District 6 (East Central),CEDAR RAPIDS,LINN,,C AVE NE,Collision with:  Vehicle in traffic,On Roadway,Rear-end (front to rear),Lost Control,Refused,,Dark - roadway not lighted,Dry,Clear,None apparent,Non-intersection:  Non-junction/no special feature,Paved,,Possible/Unknown,0,1,0,0,1,0,7050,3,5,,POINT (-91.638555419186 42.032119610443)
2014877283,2014068949,12/12/2014,12-December,6-Friday,11:02,1100 Hours,District 1 (Central),DES MOINES,POLK,,FINKBINE DR & E WALNUT ST,Collision with:  Vehicle in traffic,On Roadway,Broadside (front to side),FTYROW:  From stop sign,None Indicated,,Daylight,Dry,Cloudy,None apparent,Intersection:  Four-way intersection,Paved,,Property Damage Only,0,0,0,0,0,0,4500,2,2,,POINT (-93.605235452709 41.589667764194)
2014833905,14-1111,12/12/2014,12-December,6-Friday,09:30,0900 Hours,District 1 (Central),WINDSOR HEIGHTS,POLK,IA 28,IA 28/63RD ST & CLARK ST & SUNSET TER,Collision with:  Vehicle in traffic,On Roadway,Broadside (front to side),Exceeded authorized speed,None Indicated,,Daylight,Dry,Cloudy,None apparent,Intersection:  Four-way intersection,Paved,,Major Injury,0,1,1,0,0,0,25000,2,2,,POINT (-93.703769411536 41.605824227807)
2014834469,90-14-000430,12/12/2014,12-December,6-Friday,20:50,2000 Hours,District 2 (Northeast),,HUMBOLDT,,Co Rd C44/230TH ST,Collision with:  Animal,On Roadway,Non-collision (single vehicle),Animal,None Indicated,,Dark - roadway not lighted,Dry,"Fog, smoke, smog",None apparent,Non-intersection:  Non-junction/no special feature,Paved,,Minor Injury,0,1,0,1,0,0,1500,1,1,,POINT (-94.291586077209 42.716787325626)
2014833842,14-40541,12/12/2014,12-December,6-Friday,18:07,1800 Hours,District 3 (Northwest),SIOUX CITY,WOODBURY,,SUNNYBROOK DR,Collision with:  Vehicle in traffic,On Roadway,"Angle, oncoming left turn",FTYROW:  Making left turn,None Indicated,,Dark - roadway lighted,Wet,Cloudy,None apparent,Non-intersection:  Driveway access (within),Paved,,Property Damage Only,0,0,0,0,0,0,4500,2,2,,POINT (-96.332535446461 42.449444579289)
2014833206,SO14002947,12/12/2014,12-December,6-Friday,08:09,0800 Hours,District 3 (Northwest),,PLYMOUTH,US 75,US 75/US 75 RAMP & IA 60/IOWA 60,Collision with fixed object:  Ditch,On Roadway,Non-collision (single vehicle),Ran off road - left,None Indicated,,Daylight,Dry,Cloudy,None apparent,Interchange-related:  Off-ramp,Paved,,Possible/Unknown,0,1,0,0,1,0,5000,1,1,,POINT (-96.169946490151 42.818635902344)
2014833270,,12/12/2014,12-December,6-Friday,17:15,1700 Hours,District 6 (East Central),CAMANCHE,CLINTON,US 67,US 67 & 37TH AVE,Collision with:  Animal,On Roadway,Non-collision (single vehicle),Animal,None Indicated,,Dark - roadway lighted,Dry,Clear,None apparent,Intersection:  T-intersection,Paved,,Property Damage Only,0,0,0,0,0,0,1500,1,1,,POINT (-90.295774874469 41.779357603799)
2014834720,C14-0003470,12/12/2014,12-December,6-Friday,18:21,1800 Hours,District 2 (Northeast),MCGREGOR,CLAYTON,US 18,US 18,Collision with:  Animal,,,Animal,None Indicated,,,,,,,Paved,,Property Damage Only,0,0,0,0,0,0,4000,1,1,,POINT (-91.207761021473 43.035917391561)
2014835657,2014-84786,12/12/2014,12-December,6-Friday,02:21,0200 Hours,District 6 (East Central),DAVENPORT,SCOTT,,W 13TH ST & WARREN ST,Non-collision events:  Other non-collision (explain in narrative),On Roadway,Non-collision (single vehicle),Ran off road - right,None Indicated,,Dark - roadway lighted,Dry,Rain,None apparent,Non-intersection:  Non-junction/no special feature,Paved,,Property Damage Only,0,0,0,0,0,0,5100,1,2,,POINT (-90.585761766657 41.532997956009)
2014833359,2014-040461,12/12/2014,12-December,6-Friday,05:35,0500 Hours,District 6 (East Central),DUBUQUE,DUBUQUE,US 52,US 52/KERRIGAN RD,Collision with:  Vehicle in traffic,On Roadway,"Sideswipe, same direction",Lost Control,None Indicated,,Dark - roadway not lighted,Ice/frost,Rain,None apparent,Non-intersection:  Non-junction/no special feature,Paved,,Property Damage Only,0,0,0,0,0,0,4000,2,4,,POINT (-90.662049122375 42.485998922281)
2014834198,S14-120841,12/12/2014,12-December,6-Friday,07:05,0700 Hours,District 2 (Northeast),,BLACK HAWK,US 20,US 20 & Co Rd V51/S CANFIELD RD,Collision with fixed object:  Guardrail - face,On Roadway,Non-collision (single vehicle),Swerving/Evasive Action,None Indicated,,Dawn,Other (explain in narrative),Clear,"Surface condition (e.g., wet, icy)",Non-intersection:  Other non-intersection (explain in narrative),Paved,,Property Damage Only,0,0,0,0,0,0,3000,1,1,,POINT (-92.161845425253 42.44998699867)
2014836517,2014068998,12/12/2014,12-December,6-Friday,15:42,1500 Hours,District 1 (Central),,POLK,I-35,I-35,Non-collision events:  Other non-collision (explain in narrative),On Roadway,Non-collision (single vehicle),Swerving/Evasive Action,None Indicated,,Daylight,Dry,Cloudy,Other (explain in narrative),Non-intersection:  Non-junction/no special feature,Paved,,Minor Injury,0,1,0,1,0,0,7500,2,3,,POINT (-93.570502386132 41.788325917577)
2014833708,2014-0306,12/12/2014,12-December,6-Friday,14:36,1400 Hours,District 5 (Southeast),CARLISLE,WARREN,IA 5,IA 5/IOWA 5 & S 1ST ST,Collision with:  Vehicle in traffic,On Roadway,"Angle, oncoming left turn",Crossed centerline (undivided),None Indicated,,Daylight,Dry,Cloudy,None apparent,Intersection:  Four-way intersection,Paved,,Major Injury,0,2,1,0,1,0,20000,2,2,,POINT (-93.487144719439 41.494417614531)
2014833602,14-6290,12/12/2014,12-December,6-Friday,17:35,1700 Hours,District 1 (Central),WEST DES MOINES,POLK,,WESTOWN PL & 35TH ST/VALLEY WEST DR,Collision with:  Vehicle in traffic,On Roadway,"Angle, oncoming left turn",FTYROW:  Making left turn,None Indicated,,Dark - roadway lighted,Dry,Cloudy,None apparent,Intersection:  Four-way intersection,Paved,,Property Damage Only,0,0,0,0,0,0,4000,2,2,,POINT (-93.751902970801 41.596368169669)
2014833567,20140036750,12/12/2014,12-December,6-Friday,17:26,1700 Hours,District 1 (Central),DES MOINES,POLK,I-235,I-235,Collision with:  Vehicle in traffic,On Roadway,Rear-end (front to rear),Followed too close,None Indicated,,Dark - roadway lighted,Dry,Cloudy,None apparent,Non-intersection:  Non-junction/no special feature,Paved,,Property Damage Only,0,0,0,0,0,0,4500,2,2,,POINT (-93.69900932414 41.592873869387)
2014834287,14-25327,12/12/2014,12-December,6-Friday,03:54,0300 Hours,District 6 (East Central),DAVENPORT,SCOTT,I-80,I-80,Collision with fixed object:  Ditch,Shoulder,Non-collision (single vehicle),Ran off road - right,None Indicated,,Dark - roadway not lighted,Snow,"Sleet, hail","Surface condition (e.g., wet, icy)",Non-intersection:  Non-junction/no special feature,Paved,,Property Damage Only,0,0,0,0,0,0,2500,1,1,,POINT (-90.637567165526 41.600749000629)
2014833572,20140036761,12/12/2014,12-December,6-Friday,19:06,1900 Hours,District 1 (Central),DES MOINES,POLK,,COTTAGE GROVE AVE & MLK JR PKWY,Collision with:  Vehicle in traffic,On Roadway,"Sideswipe, same direction",Made improper turn,None Indicated,,Dark - roadway lighted,Dry,Clear,None apparent,Intersection:  Four-way intersection,Paved,,Property Damage Only,0,0,0,0,0,0,3000,2,3,,POINT (-93.644371479733 41.594391048408)
2014833491,201418488,12/12/2014,12-December,6-Friday,16:55,1600 Hours,District 6 (East Central),CEDAR RAPIDS,LINN,,EDGEWOOD RD SW,Collision with:  Vehicle in traffic,On Roadway,Rear-end (front to rear),Lost Control,None Indicated,,Dark - roadway lighted,Dry,Clear,None apparent,Non-intersection:  Non-junction/no special feature,Paved,,Possible/Unknown,0,1,0,0,1,0,9600,4,4,,POINT (-91.715903910912 41.941559694087)
2014836809,,12/12/2014,12-December,6-Friday,19:15,1900 Hours,District 2 (Northeast),,WINNESHIEK,,Co Rd A38/CANOE RIDGE RD & NORDIC HILLS RD,Non-collision events:  Overturn/rollover,On Roadway,Non-collision (single vehicle),Ran off road - right,None Indicated,,Dark - roadway not lighted,Wet,Rain,None apparent,Intersection:  T-intersection,Paved,,Property Damage Only,0,0,0,0,0,0,3000,1,1,,POINT (-91.675176752822 43.345911213542)
2014833323,14-052025,12/12/2014,12-December,6-Friday,18:00,1800 Hours,District 4 (Southwest),COUNCIL BLUFFS,POTTAWATTAMIE,IA 92,IA 92/OMAHA BRIDGE RD,Collision with:  Vehicle in traffic,On Roadway,Rear-end (front to rear),Followed too close,None Indicated,,Dark - roadway lighted,Dry,Clear,None apparent,Non-intersection:  Other non-intersection (explain in narrative),Paved,,Property Damage Only,0,0,0,0,0,0,5000,2,2,,POINT (-95.831850230262 41.220874252636)
2014835874,14-1438,12/12/2014,12-December,6-Friday,17:19,1700 Hours,District 1 (Central),PLEASANT HILL,POLK,US 65,US 65/NW RAMP,Collision with:  Vehicle in traffic,On Roadway,Rear-end (front to rear),Followed too close,None Indicated,,Dark - roadway not lighted,Dry,Cloudy,None apparent,Interchange-related:  Off-ramp,Paved,,Property Damage Only,0,0,0,0,0,0,17000,4,6,,POINT (-93.498141363434 41.600467948795)
2014833564,20140036735,12/12/2014,12-December,6-Friday,15:00,1500 Hours,District 1 (Central),DES MOINES,POLK,US 69,US 69/E 14TH ST & THOMPSON AVE,Collision with:  Vehicle in traffic,On Roadway,Broadside (front to side),FTYROW:  From stop sign,None Indicated,,Daylight,Dry,Clear,None apparent,Intersection:  Four-way intersection,Paved,,Property Damage Only,0,0,0,0,0,0,2000,2,6,,POINT (-93.600546730511 41.613228257159)
2014834028,2014068947,12/12/2014,12-December,6-Friday,10:20,1000 Hours,District 6 (East Central),DAVENPORT,SCOTT,I-80,I-80,Collision with:  Vehicle in traffic,On Roadway,"Sideswipe, same direction",Improper or erratic lane changing,None Indicated,,Daylight,Dry,Cloudy,None apparent,Non-intersection:  Non-junction/no special feature,Paved,,Possible/Unknown,0,1,0,0,1,0,15000,2,2,,POINT (-90.609810519403 41.599868751155)
2014833391,14007754,12/12/2014,12-December,6-Friday,11:49,1100 Hours,District 2 (Northeast),MASON CITY,CERRO GORDO,,6TH PL SE & S VIRGINIA AVE,Collision with:  Parked motor vehicle,On Roadway,"Sideswipe, same direction",Other (explain in narrative):  Other,None Indicated,,Daylight,Dry,Cloudy,None apparent,Non-intersection:  Non-junction/no special feature,Paved,,Property Damage Only,0,0,0,0,0,0,8000,2,3,,POINT (-93.186088804848 43.145316893702)
2014833211,2014-25328,12/12/2014,12-December,6-Friday,04:42,0400 Hours,District 6 (East Central),DAVENPORT,SCOTT,I-80,I-80,Collision with fixed object:  Ditch,On Roadway,Non-collision (single vehicle),Swerving/Evasive Action,None Indicated,,Dark - roadway not lighted,Ice/frost,"Sleet, hail","Surface condition (e.g., wet, icy)",Interchange-related:  On-ramp merge area,Paved,,Property Damage Only,0,0,0,0,0,0,2500,1,1,,POINT (-90.565056834653 41.595695798731)
2014833876,14-32811,12/12/2014,12-December,6-Friday,22:00,2200 Hours,District 1 (Central),NEWTON,JASPER,,S 8TH AVE W,Non-collision events:  Other non-collision (explain in narrative),On Roadway,"Sideswipe, same direction",Driver Distraction:  Manual operation of an electronic communication device,None Indicated,,Dark - roadway lighted,Dry,Clear,None apparent,Non-intersection:  Non-junction/no special feature,Paved,,Property Damage Only,0,0,0,0,0,0,10000,2,1,,POINT (-93.060806515484 41.692792234458)
2014834907,2014-014332,12/12/2014,12-December,6-Friday,06:39,0600 Hours,District 6 (East Central),,DUBUQUE,US 61,US 61,Collision with fixed object:  Ditch,On Roadway,Non-collision (single vehicle),Driving too fast for conditions,None Indicated,,Dark - roadway not lighted,Ice/frost,"Fog, smoke, smog","Surface condition (e.g., wet, icy)",Non-intersection:  Non-junction/no special feature,Paved,,Minor Injury,0,1,0,1,0,0,40000,1,1,,POINT (-90.694165973449 42.374722742461)
2014833437,14-40536,12/12/2014,12-December,6-Friday,17:48,1700 Hours,District 3 (Northwest),SIOUX CITY,WOODBURY,,HAMILTON BLVD,Collision with:  Vehicle in traffic,On Roadway,Rear-end (front to rear),Followed too close,None Indicated,,Dark - roadway lighted,Dry,Clear,None apparent,Non-intersection:  Non-junction/no special feature,Paved,,Minor Injury,0,1,0,1,0,0,3500,2,4,,POINT (-96.41824543208 42.503519982915)
2014833317,2014-25345,12/12/2014,12-December,6-Friday,11:15,1100 Hours,District 6 (East Central),ELDRIDGE,SCOTT,,Co Rd F45/240 ST & Co Rd Z16/UTICA RIDGE RD,Collision with:  Vehicle in traffic,On Roadway,Broadside (front to side),FTYROW:  From stop sign,None Indicated,,Daylight,Wet,Cloudy,None apparent,Intersection:  Four-way intersection,Paved,,Property Damage Only,0,0,0,0,0,0,7000,2,3,,POINT (-90.490699313378 41.655293298069)
2014833385,S14-004912,12/12/2014,12-December,6-Friday,07:20,0700 Hours,District 4 (Southwest),,POTTAWATTAMIE,,Co Rd G8L/RAILROAD HWY,Collision with:  Animal,,,Animal,None Indicated,,,,,,,Paved,,Property Damage Only,0,0,0,0,0,0,8500,1,1,,POINT (-95.768092899498 41.313507813947)
2014833671,14-052038,12/12/2014,12-December,6-Friday,17:30,1700 Hours,District 4 (Southwest),COUNCIL BLUFFS,POTTAWATTAMIE,US 6,US 6/W BROADWAY & S 31ST ST & N 31ST ST,Collision with:  Vehicle in traffic,On Roadway,Rear-end (front to rear),Followed too close,Under Influence of Alcohol/Drugs/Medications,,Dark - roadway lighted,Wet,Cloudy,None apparent,Intersection:  Four-way intersection,Paved,,Possible/Unknown,0,1,0,0,1,0,1500,2,3,,POINT (-95.894163047659 41.261932742949)
2014833729,14-3973,12/12/2014,12-December,6-Friday,05:35,0500 Hours,District 1 (Central),FORT DODGE,WEBSTER,,N 9TH ST,Collision with:  Parked motor vehicle,On Roadway,Rear-end (front to rear),Other (explain in narrative):  Other,None Indicated,,Dark - roadway lighted,Dry,Cloudy,None apparent,Non-intersection:  Non-junction/no special feature,Paved,,Property Damage Only,0,0,0,0,0,0,2000,2,1,,POINT (-94.187398921731 42.510031185297)
2014833531,14-24006,12/12/2014,12-December,6-Friday,08:20,0800 Hours,District 2 (Northeast),,BREMER,IA 93,IA 93/IOWA 93,Collision with fixed object:  Ditch,On Roadway,Non-collision (single vehicle),Driving too fast for conditions,None Indicated,,Daylight,Ice/frost,Cloudy,"Surface condition (e.g., wet, icy)",Non-intersection:  Non-junction/no special feature,Paved,,Possible/Unknown,0,1,0,0,1,0,6000,1,1,,POINT (-92.229443652022 42.847526248636)
2014833707,14-029081,12/12/2014,12-December,6-Friday,22:07,2200 Hours,District 2 (Northeast),,WORTH,,Co Rd S16/DOGWOOD AVE & CO 105,Non-collision events:  Overturn/rollover,On Roadway,Non-collision (single vehicle),Ran off road - right,None Indicated,,Dark - roadway not lighted,Ice/frost,Rain,"Surface condition (e.g., wet, icy)",Non-intersection:  Non-junction/no special feature,Paved,,Major Injury,0,2,1,1,0,0,15000,1,2,,POINT (-93.438766785425 43.422779850734)
2014833336,14-016155,12/12/2014,12-December,6-Friday,22:13,2200 Hours,District 4 (Southwest),,MILLS,,Co Rd L35/221ST ST,Collision with fixed object:  Utility pole/light support,Outside trafficway,Non-collision (single vehicle),Swerving/Evasive Action,None Indicated,,Dark - roadway not lighted,Wet,Rain,"Surface condition (e.g., wet, icy)",Non-intersection:  Non-junction/no special feature,Paved,,Property Damage Only,0,0,0,0,0,0,3000,1,1,,POINT (-95.784967991713 41.150497774356)
2014833777,14-001491,12/12/2014,12-December,6-Friday,18:30,1800 Hours,District 1 (Central),JOHNSTON,POLK,,WINDSOR PKWY,Collision with:  Vehicle in traffic,On Roadway,Broadside (front to side),FTYROW:  From stop sign,None Indicated,,Dark - roadway lighted,Dry,Clear,None apparent,Intersection:  Four-way intersection,Paved,,Property Damage Only,0,0,0,0,0,0,3500,2,2,,POINT (-93.747835285805 41.668037611285)
2014833641,201418494,12/12/2014,12-December,6-Friday,18:17,1800 Hours,District 6 (East Central),CEDAR RAPIDS,LINN,IA 922,IA 922/1ST AVE E & 14TH ST SE & 14TH ST NE,Collision with:  Vehicle in traffic,On Roadway,Head-on (front to front),Made improper turn,None Indicated,,Dark - roadway lighted,Dry,Clear,None apparent,Non-intersection:  Non-junction/no special feature,Paved,,Property Damage Only,0,0,0,0,0,0,1500,2,4,,POINT (-91.653927812604 41.987160927852)