Iowa DOT Case Number,Law Enforcement Case Number,Date of Crash,Month of Crash,Day of Week,Time of Crash,Hour,DOT District,City Name,County Name,Route with System,Location Description,First Harmful Event,Location of First Harmful Event,Manner of Crash/Collision,Major Cause,Drug or Alcohol ,Environmental Conditions,Light Conditions,Surface Conditions,Weather Conditions,Roadway Contribution,Roadway Type,Roadway Surface,Work Zone,Crash Severity,Number of Fatalities,Number of Injuries,Number of Major Injuries,Number of Minor Injuries,Number of Possible Injuries,Number of Unknown Injuries,Amount of Property Damage,Number of Vehicles Involved,Total Number of Occupants,Travel Direction,Location
2014833428,W14-120944,12/12/2014,12-December,6-Friday,14:04,1400 Hours,District 2 (Northeast),WATERLOO,BLACK HAWK,,FOREST AVE & W 9TH ST,Collision with:  Vehicle in traffic,On Roadway,Broadside (front to side),FTYROW:  From stop sign,None Indicated,,Daylight,Dry,Cloudy,None apparent,Intersection:  Four-way intersection,Paved,,Property Damage Only,0,0,0,0,0,0,7000,2,2,,POINT (-92.34291063359 42.482094209458)
2014833226,CL14004325,12/12/2014,12-December,6-Friday,07:14,0700 Hours,District 6 (East Central),CLINTON,CLINTON,,MILL CREEK PKWY,Non-collision events:  Overturn/rollover,On Roadway,Non-collision (single vehicle),Swerving/Evasive Action,None Indicated,,Dawn,Ice/frost,"Sleet, hail","Surface condition (e.g., wet, icy)",Non-intersection:  Non-junction/no special feature,Paved,,Property Damage Only,0,0,0,0,0,0,20000,1,1,,POINT (-90.255436745984 41.824636172418)
2014833687,14026307,12/12/2014,12-December,6-Friday,20:31,2000 Hours,District 6 (East Central),MARION,LINN,,29TH AVE & 10TH ST,Collision with:  Vehicle in traffic,On Roadway,Head-on (front to front),FTYROW:  Making left turn,None Indicated,,Dark - roadway lighted,Dry,Cloudy,None apparent,Intersection:  Four-way intersection,Paved,,Property Damage Only,0,0,0,0,0,0,8000,2,3,,POINT (-91.599386066641 42.050480460011)
2014833530,14-24004,12/12/2014,12-December,6-Friday,06:44,0600 Hours,District 2 (Northeast),,BREMER,US 218,US 218/SW LOOP,Collision with fixed object:  Bridge overhead structure,On Roadway,Non-collision (single vehicle),Swerving/Evasive Action,None Indicated,,Dark - roadway not lighted,Ice/frost,Cloudy,"Surface condition (e.g., wet, icy)",Non-intersection:  Non-junction/no special feature,Paved,,Property Damage Only,0,0,0,0,0,0,4000,1,1,,POINT (-92.477211080695 42.69189807579)
2014833316,2014-25335,12/12/2014,12-December,6-Friday,07:45,0700 Hours,District 6 (East Central),LONG GROVE,SCOTT,,267 ST,Collision with fixed object:  Ditch,On Roadway,Non-collision (single vehicle),Driving too fast for conditions,None Indicated,,Daylight,Ice/frost,Cloudy,"Surface condition (e.g., wet, icy)",Non-intersection:  Non-junction/no special feature,Paved,,Property Damage Only,0,0,0,0,0,0,5000,1,1,,POINT (-90.55172449746 41.694985610883)
2014833569,20140036755,12/12/2014,12-December,6-Friday,18:08,1800 Hours,District 1 (Central),DES MOINES,POLK,,EASTON BLVD,Collision with:  Vehicle in traffic,On Roadway,Broadside (front to side),FTYROW:  From driveway,None Indicated,,Dark - roadway lighted,Dry,Clear,None apparent,Non-intersection:  Driveway access (within),Paved,,Property Damage Only,0,0,0,0,0,0,4000,2,2,,POINT (-93.571805549702 41.606907617612)
2014833692,14-43978,12/12/2014,12-December,6-Friday,16:00,1600 Hours,District 5 (Southeast),BURLINGTON,DES MOINES,US 61,US 61 & MARKET ST,Collision with:  Vehicle in traffic,On Roadway,Rear-end (front to rear),FTYROW:  Other (explain in narrative),Refused,,Dusk,Dry,Cloudy,None apparent,Intersection:  Four-way intersection,Paved,,Property Damage Only,0,0,0,0,0,0,3000,2,2,,POINT (-91.141462055565 40.810823925088)
2014833292,2014-88-AC,12/12/2014,12-December,6-Friday,14:23,1400 Hours,District 3 (Northwest),SPIRIT LAKE,DICKINSON,,Co Rd M56/260TH AVE,Collision with:  Animal,,,Animal,None Indicated,,,,,,,Paved,,Property Damage Only,0,0,0,0,0,0,3800,1,1,,POINT (-95.065091574619 43.409195033181)
2014835224,141203070,12/12/2014,12-December,6-Friday,13:00,1300 Hours,District 1 (Central),AMES,STORY,,AIRPORT RD,Collision with:  Vehicle in traffic,On Roadway,"Angle, oncoming left turn",FTYROW:  Making left turn,None Indicated,,Daylight,Dry,Cloudy,None apparent,Non-intersection:  Driveway access (within),Paved,,Property Damage Only,0,0,0,0,0,0,6000,2,2,,POINT (-93.613369093938 42.001097299931)
2014833493,201418509,12/12/2014,12-December,6-Friday,20:42,2000 Hours,District 6 (East Central),CEDAR RAPIDS,LINN,,OLD RIVER RD SW,Collision with fixed object:  Utility pole/light support,Outside trafficway,Non-collision (single vehicle),Ran off road - right,Alcohol (Statutory),,Dark - roadway lighted,Dry,Clear,None apparent,Non-intersection:  Non-junction/no special feature,Paved,,Minor Injury,0,1,0,1,0,0,11000,1,2,,POINT (-91.634181053058 41.943525580788)
2014850882,14010025,12/12/2014,12-December,6-Friday,07:13,0700 Hours,District 5 (Southeast),COLUMBUS JUNCTION,LOUISA,IA 92,IA 92/OAK ST,Collision with:  Animal,On Roadway,Non-collision (single vehicle),Animal,None Indicated,,Dawn,Dry,Cloudy,None apparent,Non-intersection:  Non-junction/no special feature,Paved,,Property Damage Only,0,0,0,0,0,0,2500,1,1,,POINT (-91.367520853204 41.278931796031)
2014833601,14-32769,12/12/2014,12-December,6-Friday,17:00,1700 Hours,District 1 (Central),NEWTON,JASPER,US 6,US 6/1ST AVE E,Collision with:  Vehicle in traffic,On Roadway,Broadside (front to side),Ran Traffic Signal,None Indicated,,Dusk,Dry,Cloudy,None apparent,Intersection:  Four-way intersection,Paved,,Possible/Unknown,0,1,0,0,1,0,8000,2,4,,POINT (-93.032882020273 41.699153655741)
2014833325,2014013728,12/12/2014,12-December,6-Friday,16:04,1600 Hours,District 6 (East Central),IOWA CITY,JOHNSON,US 218,US 218/SW RAMP CURV/NW RAMP CURV & IA 1/IOWA 1,Collision with:  Vehicle in traffic,On Roadway,Rear-end (front to rear),Lost Control,None Indicated,,Daylight,Dry,Cloudy,None apparent,Non-intersection:  Non-junction/no special feature,Paved,,Possible/Unknown,0,2,0,0,2,0,10000,4,5,,POINT (-91.56911141055 41.632858059742)
2014833438,14-40538,12/12/2014,12-December,6-Friday,17:31,1700 Hours,District 3 (Northwest),SIOUX CITY,WOODBURY,I-29,I-29,Collision with:  Other non-fixed object (explain in narrative),On Roadway,Non-collision (single vehicle),Other (explain in narrative):  No improper action,None Indicated,,Dark - roadway not lighted,Dry,Clear,Debris,Non-intersection:  Non-junction/no special feature,Paved,,Property Damage Only,0,0,0,0,0,0,2000,3,3,,POINT (-96.377389783755 42.455784110959)
2014834905,2014-014328,12/12/2014,12-December,6-Friday,05:54,0500 Hours,District 6 (East Central),,DUBUQUE,,,Collision with:  Animal,,Non-collision (single vehicle),Animal,None Indicated,,,,,,,,,Property Damage Only,0,0,0,0,0,0,2500,1,1,,POINT (-96.643700149993 40.233091251414)
2014833529,14-24000,12/12/2014,12-December,6-Friday,06:44,0600 Hours,District 2 (Northeast),,BREMER,US 218,US 218/SW LOOP,Collision with fixed object:  Traffic sign support,On Roadway,Non-collision (single vehicle),Swerving/Evasive Action,None Indicated,,Dark - roadway lighted,Ice/frost,Cloudy,"Surface condition (e.g., wet, icy)",Non-intersection:  Non-junction/no special feature,Paved,,Property Damage Only,0,0,0,0,0,0,2200,1,1,,POINT (-92.477211080695 42.69189807579)
2014833843,14-40556,12/12/2014,12-December,6-Friday,19:50,1900 Hours,District 3 (Northwest),SIOUX CITY,WOODBURY,IA 376,IA 376/S LEWIS BLVD,Collision with:  Vehicle in traffic,On Roadway,Broadside (front to side),FTYROW:  From stop sign,None Indicated,,Dark - roadway lighted,Wet,Cloudy,None apparent,Non-intersection:  Driveway access (within),Paved,,Property Damage Only,0,0,0,0,0,0,10000,2,3,,POINT (-96.375724481357 42.464162423788)
2014839049,2014-84878,12/12/2014,12-December,6-Friday,13:55,1300 Hours,District 6 (East Central),DAVENPORT,SCOTT,,W 5TH ST,Collision with:  Vehicle in traffic,On Roadway,Broadside (front to side),FTYROW:  From parked position,None Indicated,,Daylight,Dry,Cloudy,None apparent,Non-intersection:  Non-junction/no special feature,Paved,,Property Damage Only,0,0,0,0,0,0,2709,2,6,,POINT (-90.606295825214 41.524502062553)
2014854628,14680925,12/12/2014,12-December,6-Friday,21:49,2100 Hours,District 5 (Southeast),,MONROE,US 34,US 34,Collision with:  Animal,,,Animal,None Indicated,,,,,,,Paved,,Property Damage Only,0,0,0,0,0,0,3500,1,1,,POINT (-92.663813703151 41.015922167668)
2014834370,2014-84843,12/12/2014,12-December,6-Friday,09:46,0900 Hours,District 6 (East Central),DAVENPORT,SCOTT,,IA 461/BRADY ST,Collision with:  Vehicle in traffic,On Roadway,"Sideswipe, same direction",FTYROW:  Other (explain in narrative),None Indicated,,Daylight,Wet,Cloudy,None apparent,Non-intersection:  Non-junction/no special feature,Paved,,Possible/Unknown,0,1,0,0,1,0,7000,2,4,,POINT (-90.56929814769 41.553329635858)
2014833657,2014-26626,12/12/2014,12-December,6-Friday,22:55,2200 Hours,District 5 (Southeast),,WARREN,,Co Rd G64/STONE ST,Collision with fixed object:  Ditch,On Roadway,Non-collision (single vehicle),Swerving/Evasive Action,None Indicated,,Dark - roadway not lighted,Dry,Cloudy,None apparent,Non-intersection:  Non-junction/no special feature,Unpaved,,Possible/Unknown,0,3,0,0,3,0,6000,1,3,,POINT (-93.731785249353 41.220416650325)
2014833363,2014-040476,12/12/2014,12-December,6-Friday,16:50,1600 Hours,District 6 (East Central),DUBUQUE,DUBUQUE,US 20,US 20/DODGE ST & DEVON DR,Collision with:  Vehicle in traffic,On Roadway,"Angle, oncoming left turn",FTYROW:  Making right turn on red signal,None Indicated,,Dark - roadway lighted,Wet,Rain,None apparent,Intersection:  Four-way intersection,Paved,,Property Damage Only,0,0,0,0,0,0,4000,2,2,,POINT (-90.701354905992 42.491459116474)
2014833490,201418478,12/12/2014,12-December,6-Friday,15:20,1500 Hours,District 6 (East Central),CEDAR RAPIDS,LINN,,13TH AVE SW,Collision with:  Vehicle in traffic,On Roadway,"Sideswipe, same direction",FTYROW:  Other (explain in narrative),None Indicated,,Daylight,Dry,Cloudy,None apparent,Non-intersection:  Non-junction/no special feature,Paved,,Property Damage Only,0,0,0,0,0,0,6000,2,5,,POINT (-91.69493160675 41.964334772977)
2014833690,14-052010,12/12/2014,12-December,6-Friday,16:14,1600 Hours,District 4 (Southwest),COUNCIL BLUFFS,POTTAWATTAMIE,,AVE F & N 22ND ST,Collision with:  Vehicle in traffic,On Roadway,Broadside (front to side),Ran Stop Sign,None Indicated,,Daylight,Dry,Clear,None apparent,Intersection:  Four-way intersection,Paved,,Property Damage Only,0,0,0,0,0,0,1500,2,5,,POINT (-95.877073533671 41.267152787503)
2014833286,14026383,12/13/2014,12-December,7-Saturday,21:49,2100 Hours,District 6 (East Central),MARION,LINN,,MISSION AVE & 50TH ST,Collision with fixed object:  Curb/island/raised median,On Roadway,Non-collision (single vehicle),Driving too fast for conditions,None Indicated,,Dark - roadway lighted,Wet,"Fog, smoke, smog",None apparent,Intersection:  T-intersection,Paved,,Minor Injury,0,1,0,1,0,0,3000,1,2,,POINT (-91.556908709767 42.041515236203)
2014833440,14-40657,12/13/2014,12-December,7-Saturday,16:51,1600 Hours,District 3 (Northwest),SIOUX CITY,WOODBURY,,W 4TH ST & 6TH ST & WESLEY PKWY,Collision with:  Vehicle in traffic,On Roadway,Rear-end (front to rear),Improper Backing,None Indicated,,Dark - roadway lighted,Dry,Cloudy,None apparent,Intersection:  Other intersection (explain in narrative),Paved,,Property Damage Only,0,0,0,0,0,0,2000,2,3,,POINT (-96.410781989209 42.496295909016)
2014835876,14-1448,12/13/2014,12-December,7-Saturday,21:12,2100 Hours,District 1 (Central),PLEASANT HILL,POLK,,MAPLE DR & N HICKORY BLVD,Collision with:  Vehicle in traffic,On Roadway,Broadside (front to side),Ran Traffic Signal,None Indicated,,Dark - roadway lighted,Wet,Other (explain in narrative),None apparent,Intersection:  Four-way intersection,Paved,,Property Damage Only,0,0,0,0,0,0,6500,2,2,,POINT (-93.517033197021 41.597961588901)
2014843249,1213147A,12/13/2014,12-December,7-Saturday,02:45,0200 Hours,District 4 (Southwest),,PAGE,,Co Rd M32/C AVE,Non-collision events:  Overturn/rollover,Shoulder,Non-collision (single vehicle),Swerving/Evasive Action,None Indicated,,Dark - roadway not lighted,"Mud, dirt","Fog, smoke, smog","Shoulders (none, low, soft, high)",Non-intersection:  Non-junction/no special feature,Unpaved,,Property Damage Only,0,0,0,0,0,0,26000,1,1,,POINT (-95.327967652038 40.755987436974)
2014834345,2014-26649,12/13/2014,12-December,7-Saturday,10:50,1000 Hours,District 5 (Southeast),INDIANOLA,WARREN,US 65,US 65/S JEFFERSON WAY & IA 92/E 2ND AVE,Collision with:  Vehicle in traffic,On Roadway,Rear-end (front to rear),Other (explain in narrative):  Other,None Indicated,,Daylight,Wet,Cloudy,None apparent,Intersection:  Four-way intersection,Paved,,Property Damage Only,0,0,0,0,0,0,3000,2,2,,POINT (-93.558326324462 41.358287784294)
2014850870,14-010077,12/13/2014,12-December,7-Saturday,20:00,2000 Hours,District 5 (Southeast),,LOUISA,,Co Rd G52/COUNTY RD G 52 & X AVE,Collision with:  Animal,,,Animal,None Indicated,,,,,,,Paved,,Property Damage Only,0,0,0,0,0,0,2501,1,1,,POINT (-91.446985523874 41.249118102279)
2014833575,14-18633,12/13/2014,12-December,7-Saturday,09:33,0900 Hours,District 3 (Northwest),SPENCER,CLAY,,E 8TH ST,Collision with:  Vehicle in traffic,On Roadway,"Sideswipe, same direction",FTYROW:  Other (explain in narrative),None Indicated,,Daylight,Wet,Cloudy,None apparent,Non-intersection:  Non-junction/no special feature,Paved,,Property Damage Only,0,0,0,0,0,0,5000,2,2,,POINT (-95.144615102389 43.145751649551)
2014833372,2014-040523,12/13/2014,12-December,7-Saturday,21:40,2100 Hours,District 6 (East Central),DUBUQUE,DUBUQUE,,ALGONA ST N & GRANDVIEW AVE N,Collision with:  Non-motorist (see non-motorist section - NOT a unit),On Roadway,Non-collision (single vehicle),FTYROW:  Making left turn,None Indicated,,Dark - roadway lighted,Wet,Cloudy,None apparent,Intersection:  T-intersection,Paved,,Minor Injury,0,1,0,1,0,0,3000,1,1,,POINT (-90.693667353085 42.503965956686)
2014833557,14-6330,12/13/2014,12-December,7-Saturday,21:40,2100 Hours,District 1 (Central),WEST DES MOINES,POLK,,22ND ST,Collision with:  Vehicle in traffic,On Roadway,Rear-end (front to rear),Other (explain in narrative):  Other,None Indicated,,Dark - roadway lighted,Wet,Cloudy,None apparent,Non-intersection:  Non-junction/no special feature,Paved,,Possible/Unknown,0,1,0,0,1,0,2000,2,2,,POINT (-93.736064897051 41.594317939915)
2014833780,14-14326,12/13/2014,12-December,7-Saturday,15:38,1500 Hours,District 3 (Northwest),,SIOUX,,Co Rd B40/390TH ST,Collision with fixed object:  Ditch,Roadside,Non-collision (single vehicle),Ran off road - left,None Indicated,,Daylight,Dry,Cloudy,None apparent,Non-intersection:  Non-junction/no special feature,Paved,,Minor Injury,0,1,0,1,0,0,25000,1,1,,POINT (-96.23341531333 43.084137967242)
2014836900,,12/13/2014,12-December,7-Saturday,17:38,1700 Hours,District 2 (Northeast),,WINNESHIEK,IA 24,IA 24/IOWA 24 & 295TH AVE,Collision with fixed object:  Ditch,Outside trafficway,Non-collision (single vehicle),Swerving/Evasive Action,None Indicated,,Dark - roadway not lighted,Wet,"Fog, smoke, smog",None apparent,Intersection:  Four-way intersection,Paved,,Major Injury,0,2,1,0,1,0,6000,1,2,,POINT (-91.982797137612 43.12615169351)
2014833981,2014-85128,12/13/2014,12-December,7-Saturday,15:30,1500 Hours,District 6 (East Central),DAVENPORT,SCOTT,,W 2ND ST & MARQUETTE ST,Collision with:  Vehicle in traffic,On Roadway,Rear-end (front to rear),Lost Control,None Indicated,,Daylight,Dry,Cloudy,None apparent,Intersection:  Four-way intersection,Paved,,Property Damage Only,0,0,0,0,0,0,2500,2,3,,POINT (-90.590883676517 41.521270973957)
2014833666,20140036821,12/13/2014,12-December,7-Saturday,12:08,1200 Hours,District 1 (Central),DES MOINES,POLK,US 6,US 6/DOUGLAS AVE/EUCLID AVE & MLK JR PKWY,Collision with:  Vehicle in traffic,On Roadway,Rear-end (front to rear),Followed too close,Alcohol (Statutory),,Daylight,Wet,Cloudy,None apparent,Intersection:  Four-way intersection,Paved,,Property Damage Only,0,0,0,0,0,0,4200,2,2,,POINT (-93.651426123348 41.627732011638)
2014833750,20140036848,12/13/2014,12-December,7-Saturday,15:50,1500 Hours,District 1 (Central),DES MOINES,POLK,,LOCUST ST & 5TH AVE,Collision with:  Parked motor vehicle,On Roadway,"Sideswipe, same direction",Lost Control,None Indicated,,Daylight,Wet,Cloudy,None apparent,Non-intersection:  Non-junction/no special feature,Paved,,Property Damage Only,0,0,0,0,0,0,2000,2,1,,POINT (-93.623639051062 41.587056387149)
2014833279,14-005850,12/13/2014,12-December,7-Saturday,12:37,1200 Hours,District 1 (Central),AMES,STORY,US 69,US 69/LINCOLN WAY & CLARK AVE & S WALNUT ST,Collision with:  Vehicle in traffic,On Roadway,Rear-end (front to rear),Followed too close,None Indicated,,Daylight,Wet,Cloudy,"Surface condition (e.g., wet, icy)",Non-intersection:  Non-junction/no special feature,Paved,,Possible/Unknown,0,2,0,0,0,2,4000,2,3,,POINT (-93.616876268892 42.022910487938)
2014877705,2014-8301,12/13/2014,12-December,7-Saturday,08:19,0800 Hours,District 6 (East Central),LE CLAIRE,SCOTT,I-80,I-80 & US 67/CODY RD,Non-collision events:  Overturn/rollover,On Roadway,Non-collision (single vehicle),Lost Control,None Indicated,,Daylight,Wet,Cloudy,None apparent,Intersection:  Intersection with ramp,Paved,,Possible/Unknown,0,1,0,0,1,0,10000,1,1,,POINT (-90.369224170156 41.583462339813)
2014833476,20140036837,12/13/2014,12-December,7-Saturday,12:20,1200 Hours,District 1 (Central),DES MOINES,POLK,US 6,US 6/FREDERICK M HUBBELL AVE & E 38TH ST,Collision with:  Vehicle in traffic,On Roadway,Broadside (front to side),Ran Traffic Signal,None Indicated,,Daylight,Dry,Cloudy,None apparent,Intersection:  Four-way intersection,Paved,,Possible/Unknown,0,1,0,0,1,0,10000,2,3,,POINT (-93.541892590491 41.630534328138)
2014833644,14-052169,12/13/2014,12-December,7-Saturday,17:22,1700 Hours,District 4 (Southwest),COUNCIL BLUFFS,POTTAWATTAMIE,I-29,I-29,Collision with:  Vehicle in traffic,On Roadway,Rear-end (front to rear),Followed too close,None Indicated,,Dark - roadway lighted,Wet,Rain,None apparent,Non-intersection:  Non-junction/no special feature,Paved,,Property Damage Only,0,0,0,0,0,0,3500,2,4,,POINT (-95.872376141383 41.232163414985)
2014834033,2014069056,12/13/2014,12-December,7-Saturday,06:00,0600 Hours,District 1 (Central),,POLK,I-235,I-235,Collision with fixed object:  Concrete traffic barrier (median or right side),Shoulder,Non-collision (single vehicle),Swerving/Evasive Action,None Indicated,,Dark - roadway lighted,Wet,Clear,None apparent,Non-intersection:  Non-junction/no special feature,Paved,,Property Damage Only,0,0,0,0,0,0,1600,1,1,,POINT (-93.575682956227 41.647510738465)
2014836105,14-08299,12/13/2014,12-December,7-Saturday,18:15,1800 Hours,District 2 (Northeast),OELWEIN,FAYETTE,IA 150,IA 150/1ST AVE SE & 2ND ST SE,Collision with:  Non-motorist (see non-motorist section - NOT a unit),On Roadway,Non-collision (single vehicle),FTYROW:  To pedestrian,None Indicated,,Dark - roadway lighted,Wet,Cloudy,None apparent,Intersection:  Four-way intersection,Paved,,Minor Injury,0,1,0,1,0,0,100,1,1,,POINT (-91.912009832902 42.675478294376)
2014833751,20140036859,12/13/2014,12-December,7-Saturday,18:55,1800 Hours,District 1 (Central),DES MOINES,POLK,,PLEASANT ST & 8TH ST & 8TH PL,Collision with:  Vehicle in traffic,On Roadway,"Sideswipe, same direction",Other (explain in narrative):  Other,None Indicated,,Dark - roadway lighted,Wet,Clear,None apparent,Non-intersection:  Non-junction/no special feature,Paved,,Property Damage Only,0,0,0,0,0,0,3500,2,3,,POINT (-93.628248912429 41.588589543128)
2014833642,14-008584,12/13/2014,12-December,7-Saturday,22:51,2200 Hours,District 1 (Central),,HAMILTON,US 69,US 69/LITTLE WALL LAKE RD,Collision with fixed object:  Utility pole/light support,Gore,Non-collision (single vehicle),Swerving/Evasive Action,None Indicated,,Dark - roadway not lighted,Wet,Rain,None apparent,Non-intersection:  Non-junction/no special feature,Paved,,Property Damage Only,0,0,0,0,0,0,2300,1,2,,POINT (-93.620288257214 42.210802248974)
2014834124,C14003950,12/13/2014,12-December,7-Saturday,12:31,1200 Hours,District 6 (East Central),CORALVILLE,JOHNSON,,CORAL RIDGE AVE,Collision with:  Vehicle in traffic,On Roadway,Rear-end (front to rear),Driver Distraction:  Passenger,None Indicated,,Daylight,Dry,Cloudy,None apparent,Non-intersection:  Non-junction/no special feature,Paved,,Property Damage Only,0,0,0,0,0,0,9900,5,10,,POINT (-91.608122309981 41.709012860074)
2014833487,20140036823,12/13/2014,12-December,7-Saturday,12:31,1200 Hours,District 1 (Central),DES MOINES,POLK,,UNIVERSITY AVE,Collision with:  Parked motor vehicle,On Roadway,"Sideswipe, same direction",Unknown,None Indicated,,Daylight,Dry,Cloudy,None apparent,Non-intersection:  Non-junction/no special feature,Paved,,Property Damage Only,0,0,0,0,0,0,1500,2,777,,POINT (-93.650347192636 41.600401253102)
2014849841,14-001470,12/13/2014,12-December,7-Saturday,11:21,1100 Hours,District 1 (Central),,STORY,I-35,I-35,Collision with fixed object:  Ditch,On Roadway,Non-collision (single vehicle),Swerving/Evasive Action,None Indicated,,Daylight,Wet,Rain,None apparent,Interchange-related:  On-ramp,Paved,,Property Damage Only,0,0,0,0,0,0,4500,1,1,,POINT (-93.572050982104 42.005372624471)
2014833639,14-1529,12/13/2014,12-December,7-Saturday,10:25,1000 Hours,District 1 (Central),CLIVE,POLK,US 6,US 6/HICKMAN RD,Collision with:  Vehicle in traffic,On Roadway,Rear-end (front to rear),Driving too fast for conditions,None Indicated,,Daylight,Wet,Rain,"Surface condition (e.g., wet, icy)",Non-intersection:  Other non-intersection (explain in narrative),Paved,,Property Damage Only,0,0,0,0,0,0,4500,2,3,,POINT (-93.776471177752 41.6148947778)
2014833280,14-005856,12/13/2014,12-December,7-Saturday,17:37,1700 Hours,District 1 (Central),AMES,STORY,US 69,US 69/S DUFF AVE,Collision with:  Vehicle in traffic,On Roadway,Rear-end (front to rear),Followed too close,None Indicated,,Dark - roadway lighted,Dry,Cloudy,None apparent,Non-intersection:  Non-junction/no special feature,Paved,,Possible/Unknown,0,1,0,0,1,0,750,2,3,,POINT (-93.610060259453 42.007383530798)
2014833471,PD14-11867,12/13/2014,12-December,7-Saturday,00:00,0000 Hours,District 1 (Central),MARSHALLTOWN,MARSHALL,,SUMMIT ST,Collision with:  Vehicle in traffic,On Roadway,Rear-end (front to rear),Unknown,None Indicated,,Dark - roadway not lighted,Unknown,Unknown,Unknown,Non-intersection:  Non-junction/no special feature,Paved,,Property Damage Only,0,0,0,0,0,0,3000,2,1,,POINT (-92.945522158328 42.052709837122)
2014833367,2014-040503,12/13/2014,12-December,7-Saturday,10:38,1000 Hours,District 6 (East Central),DUBUQUE,DUBUQUE,,JOHN F KENNEDY RD & CARTER RD,Collision with:  Vehicle in traffic,On Roadway,Broadside (front to side),FTYROW:  From stop sign,None Indicated,,Daylight,Wet,Rain,None apparent,Intersection:  Other intersection (explain in narrative),Paved,,Possible/Unknown,0,1,0,0,0,1,4000,2,4,,POINT (-90.721336600991 42.50179113179)
2014833676,20140036802,12/13/2014,12-December,7-Saturday,06:20,0600 Hours,District 1 (Central),DES MOINES,POLK,,UNIVERSITY AVE & KEOSAUQUA WAY,Collision with fixed object:  Bridge overhead structure,On Roadway,Non-collision (single vehicle),Ran off road - right,None Indicated,,Daylight,Wet,Cloudy,None apparent,Non-intersection:  Other non-intersection (explain in narrative),Paved,,Possible/Unknown,0,1,0,0,1,0,8500,1,1,,POINT (-93.638491284087 41.600395651998)
2014833629,14-030225,12/13/2014,12-December,7-Saturday,22:51,2200 Hours,District 5 (Southeast),,MARION,IA 5,IA 5/IOWA 5,Collision with:  Animal,,,Animal,None Indicated,,,,,,,Paved,,Property Damage Only,0,0,0,0,0,0,3500,1,1,,POINT (-92.997661478933 41.225966652661)
2014833478,20140036855,12/13/2014,12-December,7-Saturday,16:47,1600 Hours,District 1 (Central),DES MOINES,POLK,,E 42ND ST,Non-collision events:  Other non-collision (explain in narrative),On Roadway,Non-collision (single vehicle),Unknown,None Indicated,,Dusk,Dry,Cloudy,None apparent,Non-intersection:  Non-junction/no special feature,Paved,,Minor Injury,0,2,0,2,0,0,500,1,2,,POINT (-93.53209747555 41.629238011971)
2014833281,14-005857,12/13/2014,12-December,7-Saturday,18:12,1800 Hours,District 1 (Central),AMES,STORY,,LINCOLN WAY & MARSHALL AVE,Collision with:  Vehicle in traffic,On Roadway,Broadside (front to side),Ran Traffic Signal,None Indicated,,Dark - roadway lighted,Wet,Cloudy,None apparent,Intersection:  Four-way intersection,Paved,,Property Damage Only,0,0,0,0,0,0,8500,2,3,,POINT (-93.668948141829 42.022852995597)
2014835125,2014-85057,12/13/2014,12-December,7-Saturday,06:55,0600 Hours,District 6 (East Central),DAVENPORT,SCOTT,,W 35TH ST,Collision with:  Other non-fixed object (explain in narrative),On Roadway,Non-collision (single vehicle),Other (explain in narrative):  Other,None Indicated,,Daylight,Wet,Cloudy,None apparent,Non-intersection:  Non-junction/no special feature,Paved,,Property Damage Only,0,0,0,0,0,0,3100,1,2,,POINT (-90.598997002571 41.555602120911)
2014833303,2014013762,12/13/2014,12-December,7-Saturday,21:42,2100 Hours,District 6 (East Central),IOWA CITY,JOHNSON,,WHITING AVE,Collision with:  Vehicle in traffic,Shoulder,Head-on (front to front),Unknown,None Indicated,,Dark - roadway lighted,Wet,Clear,None apparent,Non-intersection:  Non-junction/no special feature,Paved,,Property Damage Only,0,0,0,0,0,0,10000,4,1,,POINT (-91.526028074642 41.678482743032)
2014834036,2014069088,12/13/2014,12-December,7-Saturday,11:40,1100 Hours,District 4 (Southwest),,ADAIR,I-80,I-80,Collision with fixed object:  Guardrail - face,On Roadway,Non-collision (single vehicle),Ran off road - left,None Indicated,,Daylight,Dry,Cloudy,None apparent,Non-intersection:  Non-junction/no special feature,Paved,,Property Damage Only,0,0,0,0,0,0,10500,1,1,,POINT (-94.596220832976 41.493730319146)
2014833484,20140036868,12/13/2014,12-December,7-Saturday,18:54,1800 Hours,District 1 (Central),DES MOINES,POLK,,E 30TH ST,Collision with:  Vehicle in traffic,On Roadway,Broadside (front to side),FTYROW:  Making left turn,Alcohol (Statutory),,Dark - roadway lighted,Wet,Clear,None apparent,Non-intersection:  Driveway access (within),Paved,,Property Damage Only,0,0,0,0,0,0,7000,2,3,,POINT (-93.55840088618 41.600010912825)
2014835394,14-8545,12/13/2014,12-December,7-Saturday,01:44,0100 Hours,District 2 (Northeast),,KOSSUTH,,Co Rd A42/370 ST,Non-collision events:  Overturn/rollover,On Roadway,Non-collision (single vehicle),Driving too fast for conditions,None Indicated,,Dark - roadway not lighted,Ice/frost,"Fog, smoke, smog","Surface condition (e.g., wet, icy)",Non-intersection:  Non-junction/no special feature,Paved,,Minor Injury,0,1,0,1,0,0,2500,1,2,,POINT (-94.304662406067 43.298050283976)