Iowa DOT Case Number,Law Enforcement Case Number,Date of Crash,Month of Crash,Day of Week,Time of Crash,Hour,DOT District,City Name,County Name,Route with System,Location Description,First Harmful Event,Location of First Harmful Event,Manner of Crash/Collision,Major Cause,Drug or Alcohol ,Environmental Conditions,Light Conditions,Surface Conditions,Weather Conditions,Roadway Contribution,Roadway Type,Roadway Surface,Work Zone,Crash Severity,Number of Fatalities,Number of Injuries,Number of Major Injuries,Number of Minor Injuries,Number of Possible Injuries,Number of Unknown Injuries,Amount of Property Damage,Number of Vehicles Involved,Total Number of Occupants,Travel Direction,Location
2014834189,2014069190,12/14/2014,12-December,1-Sunday,07:05,0700 Hours,District 5 (Southeast),,CLARKE,US 34,US 34,Collision with:  Animal,,,Animal,None Indicated,,,,,,,Paved,,Property Damage Only,0,0,0,0,0,0,2500,1,1,,POINT (-93.902817158158 41.026785106715)
2014833983,2014-85267,12/14/2014,12-December,1-Sunday,02:52,0200 Hours,District 6 (East Central),DAVENPORT,SCOTT,,IA 461/BRADY ST,Collision with fixed object:  Utility pole/light support,Outside trafficway,Non-collision (single vehicle),FTYROW:  From parked position,None Indicated,,Dark - roadway lighted,Wet,Cloudy,None apparent,Non-intersection:  Non-junction/no special feature,Paved,,Property Damage Only,0,0,0,0,0,0,4000,1,1,,POINT (-90.574031157325 41.531291908631)
2014839043,14028926,12/14/2014,12-December,1-Sunday,16:20,1600 Hours,District 5 (Southeast),,MAHASKA,,KENT AVE,Collision with fixed object:  Culvert/pipe opening,Roadside,Non-collision (single vehicle),Ran off road - right,None Indicated,,Daylight,"Mud, dirt",Cloudy,"Surface condition (e.g., wet, icy)",Non-intersection:  Non-junction/no special feature,Unpaved,,Property Damage Only,0,0,0,0,0,0,9000,1,2,,POINT (-92.669541836544 41.251849471109)
2014834192,2014069260,12/14/2014,12-December,1-Sunday,21:00,2100 Hours,District 5 (Southeast),LOCKRIDGE,JEFFERSON,US 34,US 34 & Co Rd W40/WINTERGREEN BLVD & S CENTER ST,Collision with:  Animal,,,Animal,None Indicated,,,,,,,Paved,,Property Damage Only,0,0,0,0,0,0,4000,1,1,,POINT (-91.746841635994 40.987899791717)
2014833489,20140036888,12/14/2014,12-December,1-Sunday,00:21,0000 Hours,District 1 (Central),DES MOINES,POLK,,GRAND AVE,Collision with:  Vehicle in traffic,On Roadway,Rear-end (front to rear),Followed too close,None Indicated,,Dark - roadway lighted,Dry,Clear,None apparent,Non-intersection:  Non-junction/no special feature,Paved,,Property Damage Only,0,0,0,0,0,0,1500,3,3,,POINT (-93.636136441367 41.585438671293)
2014833376,2014-6157,12/14/2014,12-December,1-Sunday,23:07,2300 Hours,District 4 (Southwest),WAUKEE,DALLAS,,UNIVERSITY AVE & ASHWORTH DR & SE LA GRANT PARKWAY,Collision with:  Vehicle in traffic,On Roadway,"Angle, oncoming left turn",FTYROW:  Making left turn,Alcohol (Statutory),,Dark - roadway lighted,Wet,Clear,None apparent,Intersection:  Four-way intersection,Paved,,Property Damage Only,0,0,0,0,0,0,6500,2,2,,POINT (-93.866163738699 41.60039193325)
2014833526,14-018107,12/14/2014,12-December,1-Sunday,17:55,1700 Hours,District 2 (Northeast),WEST UNION,FAYETTE,IA 150,IA 150/LINCOLN RD & KING RD,Collision with:  Animal,,,Animal,None Indicated,,,,,,,Paved,,Property Damage Only,0,0,0,0,0,0,1500,1,1,,POINT (-91.838776360426 43.06958111691)
2014833599,14-052288,12/14/2014,12-December,1-Sunday,13:20,1300 Hours,District 4 (Southwest),COUNCIL BLUFFS,POTTAWATTAMIE,US 6,US 6/W BROADWAY & N 18TH ST,Collision with:  Vehicle in traffic,On Roadway,Rear-end (front to rear),Improper or erratic lane changing,None Indicated,,Daylight,Wet,Clear,None apparent,Non-intersection:  Non-junction/no special feature,Paved,,Possible/Unknown,0,1,0,0,1,0,3000,2,4,,POINT (-95.870801161241 41.261851650412)
2014834042,2014069244,12/14/2014,12-December,1-Sunday,17:47,1700 Hours,District 4 (Southwest),,POTTAWATTAMIE,I-29,I-29,Collision with:  Animal,,Non-collision (single vehicle),Animal,None Indicated,,,,,,,Paved,,Property Damage Only,0,0,0,0,0,0,4000,1,1,,POINT (-95.89959086226 41.394340777698)
2014834567,14-8214,12/14/2014,12-December,1-Sunday,22:57,2200 Hours,District 1 (Central),ALTOONA,POLK,,NE 64TH ST,Collision with:  Vehicle in traffic,On Roadway,Rear-end (front to rear),Followed too close,None Indicated,,Dark - roadway not lighted,Wet,Clear,Obstruction in roadway,Non-intersection:  Non-junction/no special feature,Paved,,Property Damage Only,0,0,0,0,0,0,2500,2,2,,POINT (-93.483773277611 41.636846455345)
2014833702,14-052293,12/14/2014,12-December,1-Sunday,14:21,1400 Hours,District 4 (Southwest),COUNCIL BLUFFS,POTTAWATTAMIE,I-29,I-29,Collision with fixed object:  Guardrail - face,On Roadway,Non-collision (single vehicle),Unknown,None Indicated,,Daylight,Wet,Cloudy,Work Zone (roadway-related),Non-intersection:  Non-junction/no special feature,Paved,Yes,Property Damage Only,0,0,0,0,0,0,6100,1,1,,POINT (-95.867748268211 41.23218879518)
2014834114,,12/14/2014,12-December,1-Sunday,19:30,1900 Hours,District 5 (Southeast),CHARITON,LUCAS,IA 14,IA 14/WOODLAWN AVE & S GRAND ST,Collision with:  Parked motor vehicle,On Roadway,Rear-end (front to rear),Other (explain in narrative):  Other,None Indicated,,Dark - roadway lighted,Dry,Cloudy,None apparent,Non-intersection:  Non-junction/no special feature,Paved,,Property Damage Only,0,0,0,0,0,0,4000,2,1,,POINT (-93.306893783691 41.010905239814)
2014833321,20140036917,12/14/2014,12-December,1-Sunday,12:11,1200 Hours,District 1 (Central),DES MOINES,POLK,,PARK AVE,Collision with fixed object:  Curb/island/raised median,On Roadway,Broadside (front to side),Lost Control,None Indicated,,Daylight,Wet,Cloudy,None apparent,Intersection:  Four-way intersection,Paved,,Property Damage Only,0,0,0,0,0,0,14700,2,2,,POINT (-93.645087762249 41.555448615367)
2014833667,20140036910,12/14/2014,12-December,1-Sunday,07:45,0700 Hours,District 1 (Central),DES MOINES,POLK,,DELAWARE AVE,Collision with fixed object:  Utility pole/light support,Shoulder,Non-collision (single vehicle),Ran off road - right,None Indicated,,Daylight,Wet,Cloudy,Unknown,Non-intersection:  Non-junction/no special feature,Paved,,Property Damage Only,0,0,0,0,0,0,5000,1,1,,POINT (-93.581254408051 41.604680482807)
2014833350,14016249,12/14/2014,12-December,1-Sunday,19:41,1900 Hours,District 4 (Southwest),,MILLS,US 275,US 275 & ONEIL AVE,Collision with:  Animal,,,Animal,None Indicated,,,,,,,Paved,,Property Damage Only,0,0,0,0,0,0,3500,1,1,,POINT (-95.671307043349 40.952160004946)
2014833891,SO14002969,12/14/2014,12-December,1-Sunday,21:15,2100 Hours,District 3 (Northwest),,PLYMOUTH,IA 60,IA 60/IOWA 60 & 120TH ST,Collision with:  Animal,,,Animal,None Indicated,,,,,,,Paved,,Property Damage Only,0,0,0,0,0,0,5000,1,1,,POINT (-96.101030509308 42.880619699339)
2014833356,2014-014386,12/14/2014,12-December,1-Sunday,11:00,1100 Hours,District 6 (East Central),,DUBUQUE,,Co Rd D29/NORTH CASCADE RD,Collision with:  Animal,,,Animal,None Indicated,,,,,,,Paved,,Property Damage Only,0,0,0,0,0,0,2000,1,1,,POINT (-90.752306253973 42.453288135261)
2014833382,K14-037977,12/14/2014,12-December,1-Sunday,10:38,1000 Hours,District 5 (Southeast),KEOKUK,LEE,,ORLEANS AVE & 13TH ST N,Collision with:  Vehicle in traffic,On Roadway,Broadside (front to side),FTYROW:  From stop sign,None Indicated,,Daylight,Wet,Clear,None apparent,Intersection:  Four-way intersection,Paved,,Minor Injury,0,1,0,1,0,0,3000,2,2,,POINT (-91.382559056807 40.406525116543)
2014833374,2014-0522,12/14/2014,12-December,1-Sunday,13:10,1300 Hours,District 5 (Southeast),NORWALK,WARREN,,HWY G14,Non-collision events:  Overturn/rollover,On Roadway,Non-collision (single vehicle),Over correcting/over steering,None Indicated,,Daylight,Dry,Cloudy,"Shoulders (none, low, soft, high)",Non-intersection:  Non-junction/no special feature,Paved,,Possible/Unknown,0,1,0,0,1,0,2500,1,1,,POINT (-93.719591017438 41.482956815474)
2014833942,W14-121674,12/14/2014,12-December,1-Sunday,19:21,1900 Hours,District 2 (Northeast),WATERLOO,BLACK HAWK,US 20,US 20,Collision with:  Vehicle in traffic,On Roadway,"Sideswipe, same direction",Other (explain in narrative):  Other,None Indicated,,Dark - roadway not lighted,Wet,Cloudy,None apparent,Non-intersection:  Non-junction/no special feature,Paved,,Property Damage Only,0,0,0,0,0,0,6000,4,7,,POINT (-92.386391931838 42.453786598939)
2014833670,C14003955,12/14/2014,12-December,1-Sunday,11:00,1100 Hours,District 6 (East Central),CORALVILLE,JOHNSON,US 6,US 6/2ND ST & CAMP CARDINAL BLVD & 22ND AVE,Collision with:  Vehicle in traffic,On Roadway,Rear-end (front to rear),Other (explain in narrative):  Other,None Indicated,,Daylight,Wet,"Fog, smoke, smog",None apparent,Intersection:  Four-way intersection,Paved,,Property Damage Only,0,0,0,0,0,0,3000,2,2,,POINT (-91.595795483899 41.681698268838)
2014833864,14010639,12/14/2014,12-December,1-Sunday,11:48,1100 Hours,District 6 (East Central),,DELAWARE,IA 38,IA 38/IOWA 38,Collision with:  Animal,On Roadway,Non-collision (single vehicle),Animal,None Indicated,,Daylight,Wet,"Fog, smoke, smog",None apparent,Non-intersection:  Other non-intersection (explain in narrative),Paved,,Property Damage Only,0,0,0,0,0,0,5000,1,1,,POINT (-91.281610833972 42.397383479713)
2014833430,14-052282,12/14/2014,12-December,1-Sunday,13:00,1300 Hours,District 4 (Southwest),COUNCIL BLUFFS,POTTAWATTAMIE,,MCBRIDE AVE,Collision with:  Parked motor vehicle,On Roadway,Broadside (front to side),Lost Control,None Indicated,,Daylight,Wet,Rain,Unknown,Non-intersection:  Non-junction/no special feature,Paved,,Property Damage Only,0,0,0,0,0,0,3500,2,1,,POINT (-95.88771715411 41.268687357351)
2014833309,W14-121446,12/14/2014,12-December,1-Sunday,00:55,0000 Hours,District 2 (Northeast),WATERLOO,BLACK HAWK,,ANSBOROUGH AVE,Collision with fixed object:  Ditch,On Roadway,Non-collision (single vehicle),Crossed centerline (undivided),Under Influence of Alcohol/Drugs/Medications,,Dark - roadway not lighted,Wet,Rain,"Surface condition (e.g., wet, icy)",Non-intersection:  Non-junction/no special feature,Paved,,Possible/Unknown,0,1,0,0,1,0,8000,1,1,,POINT (-92.376380305037 42.436900505779)
2014833305,201413785,12/14/2014,12-December,1-Sunday,12:33,1200 Hours,District 6 (East Central),IOWA CITY,JOHNSON,US 6,US 6/S RIVERSIDE DR,Collision with:  Vehicle in traffic,On Roadway,Broadside (front to side),FTYROW:  From driveway,None Indicated,,Daylight,Dry,Clear,None apparent,Non-intersection:  Driveway access (within),Paved,,Possible/Unknown,0,1,0,0,1,0,8800,2,3,,POINT (-91.540347529493 41.653014027593)
2014833851,14-40742,12/14/2014,12-December,1-Sunday,15:01,1500 Hours,District 3 (Northwest),SIOUX CITY,WOODBURY,,14TH ST & COURT ST,Collision with:  Vehicle in traffic,On Roadway,Broadside (front to side),FTYROW:  Other (explain in narrative),None Indicated,,Daylight,Wet,Cloudy,None apparent,Intersection:  T-intersection,Paved,,Possible/Unknown,0,2,0,0,2,0,6800,2,7,,POINT (-96.396504468523 42.504968522157)
2014833508,20140036929,12/14/2014,12-December,1-Sunday,16:01,1600 Hours,District 1 (Central),DES MOINES,POLK,,FOREST AVE & MLK JR PKWY,Collision with:  Vehicle in traffic,On Roadway,Broadside (front to side),Ran Traffic Signal,None Indicated,,Daylight,Wet,Cloudy,None apparent,Intersection:  Four-way intersection,Paved,,Property Damage Only,0,0,0,0,0,0,7127,2,2,,POINT (-93.643867719703 41.604067636187)
2014834209,14-012755,12/14/2014,12-December,1-Sunday,19:12,1900 Hours,District 5 (Southeast),,WAYNE,IA 2,IA 2/IOWA 2,Collision with:  Animal,,,Animal,None Indicated,,,,,,,Paved,,Property Damage Only,0,0,0,0,0,0,10000,1,1,,POINT (-93.552233520788 40.761216132885)
2014833890,SO14002968,12/14/2014,12-December,1-Sunday,18:03,1800 Hours,District 3 (Northwest),,PLYMOUTH,IA 60,IA 60/IOWA 60,Collision with:  Animal,On Roadway,Non-collision (single vehicle),Animal,None Indicated,,Dark - roadway not lighted,Wet,Cloudy,None apparent,Non-intersection:  Non-junction/no special feature,Paved,,Property Damage Only,0,0,0,0,0,0,4000,2,3,,POINT (-96.134096270602 42.856604448159)
2014833658,2014-26749,12/14/2014,12-December,1-Sunday,18:36,1800 Hours,District 5 (Southeast),BEVINGTON,WARREN,IA 92,IA 92/IOWA 92,Collision with:  Vehicle in traffic,On Roadway,"Sideswipe, same direction",Made improper turn,None Indicated,,Dark - roadway not lighted,Dry,Clear,Work Zone (roadway-related),"Interchange-related:  Off-ramp, diverge area",Paved,Yes,Property Damage Only,0,0,0,0,0,0,20000,2,6,,POINT (-93.787033005664 41.361481742859)
2014833443,14-40764,12/14/2014,12-December,1-Sunday,18:08,1800 Hours,District 3 (Northwest),SIOUX CITY,WOODBURY,I-29,I-29,Collision with:  Vehicle in traffic,On Roadway,"Sideswipe, same direction",Other (explain in narrative):  Other,None Indicated,,Dark - roadway lighted,Wet,Clear,None apparent,Interchange-related:  On-ramp merge area,Paved,,Property Damage Only,0,0,0,0,0,0,2500,2,2,,POINT (-96.416871262459 42.492152347835)
2014833520,14-015127,12/14/2014,12-December,1-Sunday,00:20,0000 Hours,District 1 (Central),,TAMA,US 30,US 30,Collision with:  Animal,,,Animal,None Indicated,,,,,,,Paved,,Property Damage Only,0,0,0,0,0,0,6500,1,1,,POINT (-92.627258983231 41.994925528117)
2014836209,2014-85390,12/14/2014,12-December,1-Sunday,21:58,2100 Hours,District 6 (East Central),DAVENPORT,SCOTT,,E 53RD ST & ELMORE AVE,Collision with:  Vehicle in traffic,On Roadway,Rear-end (front to rear),Followed too close,None Indicated,,Dark - roadway lighted,Wet,Rain,None apparent,Intersection:  Four-way intersection,Paved,,Property Damage Only,0,0,0,0,0,0,2000,2,2,,POINT (-90.528598618926 41.574869362005)
2014834803,201404623,12/14/2014,12-December,1-Sunday,22:20,2200 Hours,District 6 (East Central),,LINN,,JORDANS GROVE RD & WAUBEEK RD,Collision with:  Animal,On Roadway,Non-collision (single vehicle),Animal,None Indicated,,Dark - roadway not lighted,Wet,Rain,None apparent,Non-intersection:  Non-junction/no special feature,Paved,,Property Damage Only,0,0,0,0,0,0,6000,1,1,,POINT (-91.500680911446 42.170213237675)
2014833510,20140036944,12/14/2014,12-December,1-Sunday,18:01,1800 Hours,District 1 (Central),DES MOINES,POLK,,ARMY POST RD,Collision with:  Vehicle in traffic,On Roadway,Rear-end (front to rear),Followed too close,None Indicated,,Dark - roadway lighted,Wet,Clear,None apparent,Non-intersection:  Non-junction/no special feature,Paved,,Possible/Unknown,0,1,0,0,1,0,1100,2,3,,POINT (-93.624351483512 41.526478428476)
2014833850,14-40728,12/14/2014,12-December,1-Sunday,12:45,1200 Hours,District 3 (Northwest),SIOUX CITY,WOODBURY,,W 21ST ST & REBECCA ST,Collision with:  Vehicle in traffic,On Roadway,Broadside (front to side),FTYROW:  From stop sign,None Indicated,,Daylight,Wet,Rain,None apparent,Intersection:  Four-way intersection,Paved,,Possible/Unknown,0,1,0,0,1,0,11300,2,2,,POINT (-96.425671683463 42.512257413333)
2014833429,14-052270,12/14/2014,12-December,1-Sunday,10:30,1000 Hours,District 4 (Southwest),COUNCIL BLUFFS,POTTAWATTAMIE,,5TH AVE & S 16TH ST,Collision with:  Vehicle in traffic,On Roadway,Broadside (front to side),Ran Stop Sign,None Indicated,,Daylight,Wet,Rain,None apparent,Intersection:  Four-way intersection,Paved,,Property Damage Only,0,0,0,0,0,0,6000,2,2,,POINT (-95.867561675348 41.257105044912)
2014834564,149715,12/14/2014,12-December,1-Sunday,02:25,0200 Hours,District 4 (Southwest),,DALLAS,I-80,I-80,Collision with fixed object:  Utility pole/light support,On Roadway,Non-collision (single vehicle),Other (explain in narrative):  No improper action,None Indicated,,Dark - roadway not lighted,Wet,Clear,None apparent,Non-intersection:  Non-junction/no special feature,Paved,,Property Damage Only,0,0,0,0,0,0,7600,1,1,,POINT (-94.10334478601 41.517583997713)
2014833875,14-24089,12/14/2014,12-December,1-Sunday,15:28,1500 Hours,District 6 (East Central),BETTENDORF,SCOTT,I-74,I-74 & US 6/SPRUCE HILLS DR,Collision with:  Vehicle in traffic,On Roadway,Rear-end (front to rear),Lost Control,None Indicated,,Daylight,Wet,Cloudy,None apparent,"Interchange-related:  Off-ramp, diverge area",Paved,,Possible/Unknown,0,2,0,0,2,0,2200,2,4,,POINT (-90.519795486087 41.554802725122)
2014833613,14-6339,12/14/2014,12-December,1-Sunday,14:20,1400 Hours,District 4 (Southwest),WEST DES MOINES,DALLAS,,JORDAN CREEK PKWY & E P TRUE PKWY,Collision with:  Vehicle in traffic,On Roadway,Rear-end (front to rear),Followed too close,None Indicated,,Daylight,Dry,Cloudy,None apparent,Intersection:  Four-way intersection,Paved,,Property Damage Only,0,0,0,0,0,0,3100,2,2,,POINT (-93.809235583981 41.573397820411)
2014833474,SO1405438,12/14/2014,12-December,1-Sunday,17:17,1700 Hours,District 5 (Southeast),,JEFFERSON,,Co Rd W40/GERMANVILLE RD,Collision with:  Animal,,,Animal,None Indicated,,,,,,,Paved,,Property Damage Only,0,0,0,0,0,0,2000,1,1,,POINT (-91.774892942578 41.073452140243)
2014833609,20140036892,12/14/2014,12-December,1-Sunday,01:04,0100 Hours,District 1 (Central),DES MOINES,POLK,,8TH ST,Collision with fixed object:  Other fixed object (explain in narrative),On Roadway,Non-collision (single vehicle),Ran off road - left,Alcohol (Statutory),,Dark - roadway lighted,Wet,Clear,None apparent,Intersection:  Four-way intersection,Paved,,Possible/Unknown,0,1,0,0,1,0,25000,1,1,,POINT (-93.627484165062 41.58643197909)
2014834373,2014-85309,12/14/2014,12-December,1-Sunday,12:16,1200 Hours,District 6 (East Central),DAVENPORT,SCOTT,,IA 461/HARRISON ST & W CENTRAL PARK AVE,Collision with:  Vehicle in traffic,On Roadway,Broadside (front to side),Ran Traffic Signal,None Indicated,,Daylight,Wet,Cloudy,None apparent,Intersection:  Four-way intersection,Paved,,Possible/Unknown,0,1,0,0,1,0,10000,2,2,,POINT (-90.5769746866 41.545548102762)
2014833519,14-005400,12/14/2014,12-December,1-Sunday,17:25,1700 Hours,District 1 (Central),ANKENY,POLK,US 69,US 69/S ANKENY BLVD/N ANKENY BLVD & W 1ST ST & E 1ST ST,Collision with:  Vehicle in traffic,On Roadway,"Angle, oncoming left turn",Unknown,None Indicated,,Dark - roadway lighted,Dry,Clear,None apparent,Intersection:  Four-way intersection,Paved,,Possible/Unknown,0,1,0,0,1,0,5000,2,3,,POINT (-93.600375962325 41.731870994936)
2014834445,20140036938,12/14/2014,12-December,1-Sunday,17:01,1700 Hours,District 1 (Central),DES MOINES,POLK,,,Non-collision events:  Overturn/rollover,On Roadway,Non-collision (single vehicle),Exceeded authorized speed,None Indicated,,Dark - roadway lighted,Dry,Clear,None apparent,Non-intersection:  Non-junction/no special feature,,,Possible/Unknown,0,1,0,0,1,0,13200,1,2,,POINT (-96.643700149993 40.233091251414)
2014833304,2014013794,12/14/2014,12-December,1-Sunday,18:37,1800 Hours,District 6 (East Central),IOWA CITY,JOHNSON,IA 1,IA 1/DODGE ST & N SUMMIT ST & PRAIRIE DU CHIEN RD,Collision with:  Vehicle in traffic,On Roadway,Rear-end (front to rear),Improper Backing,None Indicated,,Dark - roadway lighted,Wet,Cloudy,None apparent,Intersection:  Four-way intersection,Paved,,Property Damage Only,0,0,0,0,0,0,1500,2,2,,POINT (-91.521175131921 41.675304029767)
2014833561,14-052345,12/14/2014,12-December,1-Sunday,22:59,2200 Hours,District 4 (Southwest),COUNCIL BLUFFS,POTTAWATTAMIE,,PARK WILD DR,Collision with:  Vehicle in traffic,On Roadway,Head-on (front to front),Crossed centerline (undivided),None Indicated,,Dark - roadway lighted,Wet,Rain,None apparent,Non-intersection:  Non-junction/no special feature,Paved,,Possible/Unknown,0,1,0,0,1,0,6000,2,2,,POINT (-95.856636016586 41.277235858774)
2014833468,2014-85311,12/14/2014,12-December,1-Sunday,12:51,1200 Hours,District 6 (East Central),DAVENPORT,SCOTT,US 6,US 6/E KIMBERLY RD,Collision with:  Vehicle in traffic,On Roadway,Rear-end (front to rear),Followed too close,None Indicated,,Daylight,Wet,Cloudy,None apparent,Non-intersection:  Non-junction/no special feature,Paved,,Property Damage Only,0,0,0,0,0,0,2500,2,4,,POINT (-90.55131130095 41.556874566563)
2014833825,2101405883,12/14/2014,12-December,1-Sunday,18:32,1800 Hours,District 1 (Central),,BOONE,,Co Rd E57/270TH ST,Non-collision events:  Overturn/rollover,On Roadway,Non-collision (single vehicle),Swerving/Evasive Action,None Indicated,,Dark - roadway not lighted,Wet,Cloudy,None apparent,Non-intersection:  Non-junction/no special feature,Paved,,Property Damage Only,0,0,0,0,0,0,10250,1,1,,POINT (-93.800536880833 41.965107056453)
2014833375,2014-14380,12/14/2014,12-December,1-Sunday,02:16,0200 Hours,District 6 (East Central),,DUBUQUE,US 52,US 52,Collision with fixed object:  Ditch,Shoulder,Non-collision (single vehicle),Driving too fast for conditions,Alcohol (Statutory),,Dark - roadway not lighted,Wet,Rain,None apparent,Non-intersection:  Non-junction/no special feature,Paved,,Property Damage Only,0,0,0,0,0,0,27500,1,1,,POINT (-91.039068058869 42.602676914329)
2014833509,20140036931,12/14/2014,12-December,1-Sunday,15:45,1500 Hours,District 1 (Central),DES MOINES,POLK,,SW 3RD ST & W MLK JR PKWY,Collision with fixed object:  Other fixed object (explain in narrative),On Roadway,Non-collision (single vehicle),"Operating vehicle in an reckless, erratic, careless, negligent manner",Refused,,Daylight,Dry,Cloudy,Unknown,Intersection:  Four-way intersection,Paved,Yes,Possible/Unknown,0,1,0,0,1,0,14700,1,1,,POINT (-93.619262002182 41.582243149149)
2014833285,14-6334,12/14/2014,12-December,1-Sunday,01:53,0100 Hours,District 1 (Central),WEST DES MOINES,POLK,I-35,I-35,Collision with:  Animal,On Roadway,Non-collision (single vehicle),Animal,None Indicated,,Dark - roadway lighted,Wet,Cloudy,None apparent,Non-intersection:  Non-junction/no special feature,Paved,,Property Damage Only,0,0,0,0,0,0,5000,1,1,,POINT (-93.77809893558 41.515551810965)
2014834486,14-11709,12/14/2014,12-December,1-Sunday,16:11,1600 Hours,District 5 (Southeast),MOUNT PLEASANT,HENRY,,W WARREN ST & S JEFFERSON ST,Collision with:  Vehicle in traffic,On Roadway,Rear-end (front to rear),Followed too close,None Indicated,,Daylight,Dry,Clear,None apparent,Non-intersection:  Non-junction/no special feature,Paved,,Major Injury,0,1,1,0,0,0,10000,2,3,,POINT (-91.555161863203 40.963470008886)
2014834148,201418607,12/14/2014,12-December,1-Sunday,15:27,1500 Hours,District 6 (East Central),CEDAR RAPIDS,LINN,IA 100,IA 100/COLLINS RD NE,Collision with:  Vehicle in traffic,On Roadway,Rear-end (front to rear),Driving too fast for conditions,None Indicated,,Daylight,Dry,Cloudy,None apparent,Non-intersection:  Non-junction/no special feature,Paved,,Property Damage Only,0,0,0,0,0,0,6500,2,3,,POINT (-91.626303705827 42.027731618977)
2014833787,S14-13124,12/14/2014,12-December,1-Sunday,17:50,1700 Hours,District 3 (Northwest),,WOODBURY,,PORT NEAL CIR,Collision with:  Animal,,,Animal,None Indicated,,,,,,,Paved,,Property Damage Only,0,0,0,0,0,0,10000,1,1,,POINT (-96.358802388231 42.316822172437)
2014833852,14-40756,12/14/2014,12-December,1-Sunday,16:51,1600 Hours,District 3 (Northwest),SIOUX CITY,WOODBURY,IA 12,IA 12/GORDON DR & STONE AVE,Collision with:  Vehicle in traffic,On Roadway,Rear-end (front to rear),Other (explain in narrative):  Other,None Indicated,,Dark - roadway lighted,Wet,Cloudy,None apparent,Intersection:  Four-way intersection,Paved,,Property Damage Only,0,0,0,0,0,0,1500,2,5,,POINT (-96.352020724102 42.47917611044)
2014834528,14-015158,12/14/2014,12-December,1-Sunday,17:56,1700 Hours,District 1 (Central),TRAER,TAMA,,170TH ST,Non-collision events:  Other non-collision (explain in narrative),On Roadway,Non-collision (single vehicle),Exceeded authorized speed,Alcohol (Statutory),,Dark - roadway not lighted,Dry,Clear,None apparent,Non-intersection:  Non-junction/no special feature,Unpaved,,Property Damage Only,0,0,0,0,0,0,3500,1,1,,POINT (-92.453810648511 42.193319496406)
2014833713,CFS#14188224,12/14/2014,12-December,1-Sunday,21:39,2100 Hours,District 6 (East Central),,JOHNSON,I-380,I-380,Collision with fixed object:  Guardrail - face,Shoulder,Non-collision (single vehicle),Crossed centerline (undivided),None Indicated,,Dark - roadway not lighted,Wet,Clear,None apparent,Non-intersection:  Non-junction/no special feature,Paved,,Property Damage Only,0,0,0,0,0,0,10000,1,1,,POINT (-91.667707833641 41.849494775482)
2014833826,14-44216,12/14/2014,12-December,1-Sunday,20:55,2000 Hours,District 5 (Southeast),,DES MOINES,US 61,US 61,Collision with:  Animal,,,Animal,None Indicated,,,,,,,Paved,,Property Damage Only,0,0,0,0,0,0,1500,1,1,,POINT (-91.206361808237 40.727059648595)
2014834149,201418623,12/14/2014,12-December,1-Sunday,20:23,2000 Hours,District 6 (East Central),CEDAR RAPIDS,LINN,,C AVE NE,Collision with:  Vehicle in traffic,On Roadway,Broadside (front to side),Ran Traffic Signal,None Indicated,,Dark - roadway lighted,Wet,"Fog, smoke, smog",None apparent,Intersection:  Four-way intersection,Paved,,Possible/Unknown,0,1,0,0,1,0,6000,2,4,,POINT (-91.638522087085 42.02802132382)
2014833507,20140036921,12/14/2014,12-December,1-Sunday,13:42,1300 Hours,District 1 (Central),DES MOINES,POLK,,UNIVERSITY AVE & 6TH AVE,Collision with:  Vehicle in traffic,On Roadway,"Sideswipe, same direction",FTYROW:  Making right turn on red signal,None Indicated,,Daylight,Wet,Cloudy,None apparent,Non-intersection:  Non-junction/no special feature,Paved,,Property Damage Only,0,0,0,0,0,0,1600,2,5,,POINT (-93.625763074904 41.600771882955)
2014833659,20140036897,12/14/2014,12-December,1-Sunday,01:45,0100 Hours,District 1 (Central),DES MOINES,POLK,,48TH ST,Collision with:  Parked motor vehicle,On Roadway,Rear-end (front to rear),Lost Control,None Indicated,,Dark - roadway lighted,Dry,Clear,None apparent,Non-intersection:  Non-junction/no special feature,Paved,,Property Damage Only,0,0,0,0,0,0,3500,2,1,,POINT (-93.682650148586 41.608311463288)
2014833340,14-037987,12/14/2014,12-December,1-Sunday,12:34,1200 Hours,District 5 (Southeast),,LEE,US 61,US 61,Non-collision events:  Overturn/rollover,On Roadway,Non-collision (single vehicle),Swerving/Evasive Action,None Indicated,,Daylight,Dry,Cloudy,None apparent,Non-intersection:  Non-junction/no special feature,Paved,,Possible/Unknown,0,1,0,0,1,0,5000,1,1,,POINT (-91.344253850238 40.670459567771)
2014833848,14-40693,12/14/2014,12-December,1-Sunday,00:34,0000 Hours,District 3 (Northwest),SIOUX CITY,WOODBURY,,36TH ST & PIERCE PL,Collision with:  Vehicle in traffic,On Roadway,Rear-end (front to rear),Other (explain in narrative):  Other,Alcohol (Statutory),,Dark - roadway lighted,Wet,Rain,None apparent,Intersection:  T-intersection,Paved,,Property Damage Only,0,0,0,0,0,0,4200,2,3,,POINT (-96.404836317563 42.531986500911)
2014845807,,12/14/2014,12-December,1-Sunday,03:08,0300 Hours,District 6 (East Central),CEDAR RAPIDS,LINN,IA 922,IA 922/1ST AVE E & 18TH ST NE,Collision with fixed object:  Tree,On Roadway,Non-collision (single vehicle),Ran off road - right,None Indicated,,Dark - roadway lighted,Wet,Clear,"Surface condition (e.g., wet, icy)",Intersection:  T-intersection,Paved,,Major Injury,0,2,1,1,0,0,6000,1,7,,POINT (-91.646558490514 41.991406354271)