Iowa DOT Case Number,Law Enforcement Case Number,Date of Crash,Month of Crash,Day of Week,Time of Crash,Hour,DOT District,City Name,County Name,Route with System,Location Description,First Harmful Event,Location of First Harmful Event,Manner of Crash/Collision,Major Cause,Drug or Alcohol ,Environmental Conditions,Light Conditions,Surface Conditions,Weather Conditions,Roadway Contribution,Roadway Type,Roadway Surface,Work Zone,Crash Severity,Number of Fatalities,Number of Injuries,Number of Major Injuries,Number of Minor Injuries,Number of Possible Injuries,Number of Unknown Injuries,Amount of Property Damage,Number of Vehicles Involved,Total Number of Occupants,Travel Direction,Location
2014834313,14-038140,12/15/2014,12-December,2-Monday,19:22,1900 Hours,District 5 (Southeast),,LEE,,Co Rd J62/255 ST,Collision with:  Animal,,,Animal,None Indicated,,,,,,,Paved,,Property Damage Only,0,0,0,0,0,0,1500,1,2,,POINT (-91.434861910925 40.588658115955)
2014833858,14-40861,12/15/2014,12-December,2-Monday,18:00,1800 Hours,District 3 (Northwest),SIOUX CITY,WOODBURY,IA 12,IA 12/GORDON DR & VIRGINIA ST,Collision with:  Vehicle in traffic,On Roadway,Broadside (front to side),Driving too fast for conditions,None Indicated,,Dark - unknown roadway lighting,Wet,Rain,Work Zone (roadway-related),Intersection:  Four-way intersection,Paved,Yes,Major Injury,0,2,2,0,0,0,10000,3,5,,POINT (-96.397799362247 42.48979355681)
2014834143,14021654,12/15/2014,12-December,2-Monday,12:30,1200 Hours,District 2 (Northeast),MASON CITY,CERRO GORDO,,12TH ST NW,Collision with:  Vehicle in traffic,On Roadway,Rear-end (front to rear),Followed too close,None Indicated,,Daylight,Wet,"Fog, smoke, smog",None apparent,Non-intersection:  Non-junction/no special feature,Paved,,Possible/Unknown,0,1,0,0,1,0,9000,2,2,,POINT (-93.259456589293 43.162697470738)
2014833919,CL14004362,12/15/2014,12-December,2-Monday,16:22,1600 Hours,District 6 (East Central),CLINTON,CLINTON,,PERSHING BLVD,Collision with:  Vehicle in traffic,On Roadway,Broadside (front to side),Ran Stop Sign,None Indicated,,Dusk,Wet,Rain,None apparent,Intersection:  Four-way intersection,Paved,,Possible/Unknown,0,1,0,0,1,0,4000,2,2,,POINT (-90.186178049977 41.858783882126)
2014836602,SA1410545,12/15/2014,12-December,2-Monday,17:57,1700 Hours,District 5 (Southeast),RIVERSIDE,WASHINGTON,IA 22,IA 22,Collision with:  Vehicle in traffic,On Roadway,Rear-end (front to rear),Followed too close,None Indicated,,Dark - roadway lighted,Wet,Rain,None apparent,Intersection:  T-intersection,Paved,,Possible/Unknown,0,1,0,0,1,0,15000,2,2,,POINT (-91.554206551723 41.48627156131)
2014833738,W14-121895,12/15/2014,12-December,2-Monday,14:07,1400 Hours,District 2 (Northeast),WATERLOO,BLACK HAWK,,W 2ND ST & COMMERCIAL ST,Collision with:  Vehicle in traffic,On Roadway,"Angle, oncoming left turn",Made improper turn,None Indicated,,Daylight,Wet,Rain,None apparent,Non-intersection:  Non-junction/no special feature,Paved,,Possible/Unknown,0,1,0,0,1,0,5000,2,3,,POINT (-92.342898193473 42.497232960911)
2014835551,,12/15/2014,12-December,2-Monday,10:24,1000 Hours,District 5 (Southeast),FORT MADISON,LEE,,AVE F & 20TH ST,Collision with:  Vehicle in traffic,On Roadway,Broadside (front to side),FTYROW:  From stop sign,None Indicated,,Daylight,Wet,Rain,None apparent,Intersection:  Four-way intersection,Paved,,Minor Injury,0,2,0,1,0,1,0,2,2,,POINT (-91.333469554411 40.632217700312)
2014839036,14-8948,12/15/2014,12-December,2-Monday,17:56,1700 Hours,District 3 (Northwest),GALVA,IDA,,MAIN ST & 2ND ST,Collision with fixed object:  Traffic sign support,On Roadway,Non-collision (single vehicle),Other (explain in narrative):  Other,None Indicated,,Dark - roadway lighted,Wet,"Sleet, hail",None apparent,Intersection:  Four-way intersection,Paved,,Property Damage Only,0,0,0,0,0,0,5500,1,1,,POINT (-95.417285387316 42.507018240125)
2014834459,,12/15/2014,12-December,2-Monday,16:00,1600 Hours,District 6 (East Central),,JOHNSON,,,Collision with:  Animal,On Roadway,Non-collision (single vehicle),Animal,None Indicated,,Daylight,Wet,Cloudy,,Non-intersection:  Driveway access (within),,,Possible/Unknown,0,1,0,0,1,0,1000,1,1,,POINT (-96.643700149993 40.233091251414)
2014833951,14V12071,12/15/2014,12-December,2-Monday,15:27,1500 Hours,District 6 (East Central),VINTON,BENTON,,W 8TH ST & S D AVE,Collision with:  Vehicle in traffic,On Roadway,Broadside (front to side),FTYROW:  From stop sign,None Indicated,,Daylight,Wet,Rain,None apparent,Intersection:  Four-way intersection,Paved,,Property Damage Only,0,0,0,0,0,0,4500,2,4,,POINT (-92.029067797456 42.163906307512)
2014834151,201418674,12/15/2014,12-December,2-Monday,16:11,1600 Hours,District 6 (East Central),CEDAR RAPIDS,LINN,IA 922,IA 922/1ST AVE W & 11TH ST SW & 11TH ST NW,Collision with:  Vehicle in traffic,On Roadway,"Sideswipe, same direction",Swerving/Evasive Action,None Indicated,,Dark - roadway lighted,Wet,"Fog, smoke, smog",None apparent,Intersection:  Four-way intersection,Paved,,Property Damage Only,0,0,0,0,0,0,4000,2,2,,POINT (-91.685575679387 41.972135697551)
2014834677,2014-85540,12/15/2014,12-December,2-Monday,15:45,1500 Hours,District 6 (East Central),DAVENPORT,SCOTT,,W 8TH ST & N DIVISION ST,Collision with:  Vehicle in traffic,On Roadway,"Sideswipe, same direction",FTYROW:  Other (explain in narrative),None Indicated,,Daylight,Wet,Rain,None apparent,Non-intersection:  Non-junction/no special feature,Paved,,Property Damage Only,0,0,0,0,0,0,4000,2,2,,POINT (-90.601129126813 41.527780769054)
2014833921,14-005417,12/15/2014,12-December,2-Monday,19:21,1900 Hours,District 1 (Central),ANKENY,POLK,,SW TOWNPARK CIR,Collision with:  Vehicle in traffic,On Roadway,Rear-end (front to rear),Other (explain in narrative):  Other,None Indicated,,Dark - roadway not lighted,Wet,Rain,None apparent,Non-intersection:  Non-junction/no special feature,Paved,,Property Damage Only,0,0,0,0,0,0,4000,2,2,,POINT (-93.636099979671 41.696497236335)
2014834150,201418670,12/15/2014,12-December,2-Monday,14:28,1400 Hours,District 6 (East Central),CEDAR RAPIDS,LINN,,GLASS RD NE & EDGEWOOD RD NE,Collision with:  Vehicle in traffic,On Roadway,Rear-end (front to rear),Driving too fast for conditions,None Indicated,,Daylight,Wet,Rain,None apparent,Intersection:  T-intersection,Paved,,Property Damage Only,0,0,0,0,0,0,4000,2,4,,POINT (-91.702464907559 42.017080802165)
2014833816,20140037042,12/15/2014,12-December,2-Monday,17:21,1700 Hours,District 1 (Central),DES MOINES,POLK,,HICKMAN RD & BEAVER AVE,Collision with:  Vehicle in traffic,On Roadway,"Angle, oncoming left turn",FTYROW:  Making left turn,None Indicated,,Dark - roadway lighted,Wet,Rain,None apparent,Intersection:  Four-way intersection,Paved,,Property Damage Only,0,0,0,0,0,0,4000,2,3,,POINT (-93.673057750032 41.614916260995)
2014834142,14021644,12/15/2014,12-December,2-Monday,10:01,1000 Hours,District 2 (Northeast),MASON CITY,CERRO GORDO,,12TH ST NW,Collision with:  Animal,On Roadway,Non-collision (single vehicle),Animal,None Indicated,,Daylight,Wet,Rain,None apparent,Non-intersection:  Non-junction/no special feature,Paved,,Property Damage Only,0,0,0,0,0,0,1600,1,1,,POINT (-93.227670658076 43.162783145093)
2014834823,2014069428,12/15/2014,12-December,2-Monday,15:35,1500 Hours,District 4 (Southwest),,DALLAS,I-80,I-80,Collision with fixed object:  Guardrail - face,On Roadway,Non-collision (single vehicle),Driving too fast for conditions,None Indicated,,Daylight,Wet,Rain,None apparent,Non-intersection:  Non-junction/no special feature,Paved,,Property Damage Only,0,0,0,0,0,0,7000,1,1,,POINT (-94.190690401775 41.517136095879)
2014833297,20140037009,12/15/2014,12-December,2-Monday,13:15,1300 Hours,District 1 (Central),DES MOINES,POLK,,FOREST AVE & MLK JR PKWY,Collision with:  Vehicle in traffic,On Roadway,Broadside (front to side),Ran Traffic Signal,None Indicated,,Daylight,Wet,Rain,None apparent,Intersection:  Four-way intersection,Paved,,Property Damage Only,0,0,0,0,0,0,3700,2,2,,POINT (-93.643867719703 41.604067636187)
2014833767,2014-24176,12/15/2014,12-December,2-Monday,17:39,1700 Hours,District 6 (East Central),BETTENDORF,SCOTT,US 67,US 67/STATE ST/GRANT ST & 26TH ST,Collision with:  Vehicle in traffic,On Roadway,"Angle, oncoming left turn",Made improper turn,None Indicated,,Dark - roadway lighted,Wet,Rain,None apparent,Intersection:  Y-intersection,Paved,,Property Damage Only,0,0,0,0,0,0,3500,2,3,,POINT (-90.496802055878 41.52581711565)
2014833534,14015174,12/15/2014,12-December,2-Monday,06:00,0600 Hours,District 1 (Central),,TAMA,,Co Rd D65/HWY D65,Collision with:  Animal,On Roadway,Non-collision (single vehicle),Animal,None Indicated,,Dark - roadway not lighted,Wet,Rain,None apparent,Non-intersection:  Non-junction/no special feature,Paved,,Property Damage Only,0,0,0,0,0,0,2000,1,1,,POINT (-92.546296576327 42.253794496355)
2014836210,2014-85542,12/15/2014,12-December,2-Monday,16:28,1600 Hours,District 6 (East Central),DAVENPORT,SCOTT,US 6,US 6/E KIMBERLY RD & BRIDGE AVE,Collision with:  Vehicle in traffic,On Roadway,Rear-end (front to rear),Lost Control,None Indicated,,Dark - roadway lighted,Wet,Rain,None apparent,Non-intersection:  Non-junction/no special feature,Paved,,Property Damage Only,0,0,0,0,0,0,5000,2,2,,POINT (-90.557090189382 41.556889480335)
2014833883,20140037052,12/15/2014,12-December,2-Monday,17:42,1700 Hours,District 1 (Central),DES MOINES,POLK,,BLOOMFIELD RD,Collision with:  Vehicle in traffic,On Roadway,Broadside (front to side),FTYROW:  Other (explain in narrative),None Indicated,,Dark - roadway lighted,Wet,Rain,None apparent,Non-intersection:  Driveway access (within),Paved,,Possible/Unknown,0,1,0,0,1,0,3000,2,3,,POINT (-93.596406742768 41.524636124547)
2014833877,20140037028,12/15/2014,12-December,2-Monday,15:45,1500 Hours,District 1 (Central),DES MOINES,POLK,IA 28,IA 28/63RD ST & ASHWORTH RD,Collision with:  Vehicle in traffic,On Roadway,Rear-end (front to rear),Followed too close,None Indicated,,Dusk,Wet,Rain,None apparent,Intersection:  T-intersection,Paved,,Property Damage Only,0,0,0,0,0,0,3800,3,3,,POINT (-93.703394494285 41.584560469434)
2014833819,2014013825,12/15/2014,12-December,2-Monday,17:14,1700 Hours,District 6 (East Central),IOWA CITY,JOHNSON,US 6,US 6 & HEINZ RD & S HEINZ RD,Collision with:  Vehicle in traffic,On Roadway,Rear-end (front to rear),Other (explain in narrative):  Other,None Indicated,,Dark - roadway not lighted,Wet,Rain,None apparent,Non-intersection:  Non-junction/no special feature,Paved,,Possible/Unknown,0,1,0,0,1,0,6000,2,12,,POINT (-91.491063841561 41.631823830178)
2014833757,14-051709,12/15/2014,12-December,2-Monday,17:38,1700 Hours,District 5 (Southeast),MUSCATINE,MUSCATINE,US 61,US 61,Collision with:  Animal,,,Animal,None Indicated,,,,,,,Paved,,Property Damage Only,0,0,0,0,0,0,4000,1,1,,POINT (-91.076260950006 41.451951227063)
2014833630,14026493,12/15/2014,12-December,2-Monday,07:00,0700 Hours,District 6 (East Central),MARION,LINN,IA 100,IA 100/COLLINS RD SE,Collision with:  Vehicle in traffic,On Roadway,Broadside (front to side),FTYROW:  Making right turn on red signal,None Indicated,,Daylight,Wet,Rain,None apparent,Intersection:  Four-way intersection,Paved,,Property Damage Only,0,0,0,0,0,0,3000,2,3,,POINT (-91.588953489994 42.015173930269)
2014833910,20140037036,12/15/2014,12-December,2-Monday,17:10,1700 Hours,District 1 (Central),DES MOINES,POLK,I-235,I-235,Collision with:  Vehicle in traffic,On Roadway,Rear-end (front to rear),Followed too close,None Indicated,,Dark - roadway lighted,Wet,Rain,"Surface condition (e.g., wet, icy)",Non-intersection:  Non-junction/no special feature,Paved,,Property Damage Only,0,0,0,0,0,0,7000,2,4,,POINT (-93.6999215347 41.59290434747)
2014834375,2014-85568,12/15/2014,12-December,2-Monday,18:34,1800 Hours,District 6 (East Central),DAVENPORT,SCOTT,,ELMORE AVE,Collision with:  Vehicle in traffic,On Roadway,Broadside (front to side),Ran Traffic Signal,None Indicated,,Dark - roadway lighted,Wet,Rain,None apparent,Intersection:  Four-way intersection,Paved,,Possible/Unknown,0,1,0,0,1,0,9500,2,4,,POINT (-90.527195621963 41.55757403733)
2014835989,A14100,12/15/2014,12-December,2-Monday,17:08,1700 Hours,District 5 (Southeast),KNOXVILLE,MARION,IA 14,IA 14/LINCOLN ST & W MADISON ST,Collision with:  Vehicle in traffic,On Roadway,"Angle, oncoming left turn",Crossed centerline (undivided),None Indicated,,Dark - roadway lighted,Wet,Rain,None apparent,Intersection:  Four-way intersection,Paved,,Property Damage Only,0,0,0,0,0,0,7000,3,5,,POINT (-93.109543522331 41.313416477941)
2014836828,,12/15/2014,12-December,2-Monday,14:00,1400 Hours,District 2 (Northeast),DECORAH,WINNESHIEK,,W MAIN ST & RIVER ST,Collision with:  Vehicle in traffic,On Roadway,Broadside (front to side),FTYROW:  From stop sign,None Indicated,,Daylight,Wet,Rain,None apparent,Intersection:  Four-way intersection,Paved,,Property Damage Only,0,0,0,0,0,0,7000,2,3,,POINT (-91.789680724334 43.303274694416)
2014833808,2014-014390,12/15/2014,12-December,2-Monday,09:15,0900 Hours,District 6 (East Central),,DUBUQUE,,SWISS VALLEY RD,Collision with:  Animal,,,Animal,None Indicated,,,,,,,Paved,,Property Damage Only,0,0,0,0,0,0,5000,1,1,,POINT (-90.774173251995 42.432624523437)
2014836519,2014069471,12/15/2014,12-December,2-Monday,18:39,1800 Hours,District 5 (Southeast),INDIANOLA,WARREN,US 65,US 65,Collision with:  Vehicle in traffic,On Roadway,Rear-end (front to rear),Crossed centerline (undivided),None Indicated,,Dark - roadway lighted,Wet,Rain,None apparent,Intersection:  Four-way intersection,Paved,,Fatal,1,6,0,5,1,0,8000,2,7,,POINT (-93.558668592242 41.387119448256)
2014833874,S14-004960,12/15/2014,12-December,2-Monday,22:56,2200 Hours,District 4 (Southwest),COUNCIL BLUFFS,POTTAWATTAMIE,,Co Rd L35/WABASH AVE & OVERLAND TRL,Collision with fixed object:  Ditch,On Roadway,Non-collision (single vehicle),Ran off road - straight,None Indicated,,Dark - roadway not lighted,Dry,Clear,None apparent,Non-intersection:  Alley,Paved,,Property Damage Only,0,0,0,0,0,0,5000,1,1,,POINT (-95.7989543215 41.211988201348)
2014833888,20140037064,12/15/2014,12-December,2-Monday,20:02,2000 Hours,District 1 (Central),DES MOINES,POLK,,E ARMY POST RD & SE 2ND ST,Collision with:  Vehicle in traffic,On Roadway,Rear-end (front to rear),Followed too close,None Indicated,,Dark - roadway lighted,Wet,Rain,None apparent,Non-intersection:  Non-junction/no special feature,Paved,,Possible/Unknown,0,1,0,0,1,0,10500,2,2,,POINT (-93.613671227013 41.52641882164)
2014833549,20140036989,12/15/2014,12-December,2-Monday,10:00,1000 Hours,District 1 (Central),DES MOINES,POLK,,31ST ST,Collision with fixed object:  Other fixed object (explain in narrative),Outside trafficway,Non-collision (single vehicle),Other (explain in narrative):  Other,None Indicated,,Daylight,Wet,Cloudy,None apparent,Non-intersection:  Driveway access (within),Paved,,Property Damage Only,0,0,0,0,0,0,7000,1,1,,POINT (-93.659340395042 41.585596174618)
2014833827,14026538,12/15/2014,12-December,2-Monday,17:10,1700 Hours,District 6 (East Central),MARION,LINN,,31ST ST & 7TH AVE,Collision with:  Vehicle in traffic,On Roadway,"Angle, oncoming left turn",FTYROW:  Making left turn,None Indicated,,Dark - roadway lighted,Wet,Rain,None apparent,Intersection:  Four-way intersection,Paved,,Property Damage Only,0,0,0,0,0,0,3000,2,3,,POINT (-91.579422783714 42.033699472691)
2014835208,,12/15/2014,12-December,2-Monday,15:10,1500 Hours,District 6 (East Central),BELLEVUE,JACKSON,,MARKET ST & N 2ND ST,Collision with:  Vehicle in traffic,On Roadway,"Angle, oncoming left turn",FTYROW:  Making left turn,None Indicated,,Daylight,Wet,Rain,None apparent,Non-intersection:  Alley,Paved,,Property Damage Only,0,0,0,0,0,0,4000,2,2,,POINT (-90.424629451285 42.259279036032)
2014834555,2014-040575,12/15/2014,12-December,2-Monday,17:31,1700 Hours,District 6 (East Central),DUBUQUE,DUBUQUE,,HILLCREST RD & JOHN F KENNEDY RD,Collision with:  Vehicle in traffic,Shoulder,"Angle, oncoming left turn",FTYROW:  Making left turn,None Indicated,,Dark - roadway lighted,Wet,Rain,None apparent,Intersection:  Four-way intersection,Paved,,Property Damage Only,0,0,0,0,0,0,4000,2,4,,POINT (-90.72042180252 42.506869895931)
2014835329,2014069488,12/15/2014,12-December,2-Monday,21:12,2100 Hours,District 3 (Northwest),,IDA,US 20,US 20,Non-collision events:  Other non-collision (explain in narrative),On Roadway,Non-collision (single vehicle),Ran off road - right,None Indicated,,Dark - roadway not lighted,Ice/frost,Cloudy,"Surface condition (e.g., wet, icy)",Non-intersection:  Non-junction/no special feature,Paved,,Property Damage Only,0,0,0,0,0,0,4000,1,1,,POINT (-95.377544037567 42.47481897685)
2014834043,2014069338,12/15/2014,12-December,2-Monday,11:11,1100 Hours,District 6 (East Central),CEDAR RAPIDS,LINN,I-380,I-380,Collision with:  Vehicle in traffic,On Roadway,"Sideswipe, same direction",Other (explain in narrative):  Vision obstructed,None Indicated,,Daylight,Wet,Rain,None apparent,Non-intersection:  Non-junction/no special feature,Paved,,Property Damage Only,0,0,0,0,0,0,2500,2,2,,POINT (-91.669888101968 41.871586261221)
2014834696,2014069472,12/15/2014,12-December,2-Monday,20:50,2000 Hours,District 6 (East Central),DELAWARE,DELAWARE,US 20,US 20/SE LOOP,Collision with fixed object:  Ditch,Gore,Non-collision (single vehicle),Swerving/Evasive Action,None Indicated,,Dark - roadway lighted,Wet,Rain,None apparent,"Interchange-related:  Off-ramp, diverge area",Paved,,Property Damage Only,0,0,0,0,0,0,10000,1,1,,POINT (-91.342930987782 42.468953724082)
2014834822,2014069278,12/15/2014,12-December,2-Monday,03:25,0300 Hours,District 5 (Southeast),,KEOKUK,IA 149,IA 149/IOWA 149,Collision with:  Animal,,,Animal,None Indicated,,,,,,,Paved,,Property Damage Only,0,0,0,0,0,0,2400,1,1,,POINT (-92.333307474342 41.176727520658)
2014833990,2014013814,12/15/2014,12-December,2-Monday,13:08,1300 Hours,District 6 (East Central),IOWA CITY,JOHNSON,,WESTWINDS DR & MORMON TREK BLVD,Collision with:  Vehicle in traffic,On Roadway,Rear-end (front to rear),Driving too fast for conditions,None Indicated,,Daylight,Wet,Rain,None apparent,Intersection:  T-intersection,Paved,,Property Damage Only,0,0,0,0,0,0,20001,2,2,,POINT (-91.574057739882 41.650825251077)
2014836107,2014069393,12/15/2014,12-December,2-Monday,14:00,1400 Hours,District 4 (Southwest),ADAIR,ADAIR,I-80,I-80,Collision with fixed object:  Traffic sign support,On Roadway,Non-collision (single vehicle),Swerving/Evasive Action,None Indicated,,Daylight,Wet,Rain,None apparent,Interchange-related:  On-ramp merge area,Paved,,Property Damage Only,0,0,0,0,0,0,4200,1,1,,POINT (-94.641117917547 41.493152360344)
2014834544,14011175,12/15/2014,12-December,2-Monday,18:05,1800 Hours,District 6 (East Central),,BUCHANAN,US 20,US 20,Collision with:  Animal,,,Animal,None Indicated,,,,,,,Paved,,Property Damage Only,0,0,0,0,0,0,3000,1,1,,POINT (-91.926723529428 42.447630197411)
2014833532,14-24210,12/15/2014,12-December,2-Monday,04:55,0400 Hours,District 2 (Northeast),DENVER,BREMER,US 63,US 63,Collision with:  Animal,,,Animal,None Indicated,,,,,,,Paved,,Property Damage Only,0,0,0,0,0,0,4000,1,1,,POINT (-92.343694440535 42.674487582095)
2014833790,14-24251,12/15/2014,12-December,2-Monday,19:04,1900 Hours,District 2 (Northeast),,BREMER,US 63,US 63 & LARRABEE AVE,Collision with:  Animal,,,Animal,None Indicated,,,,,,,Paved,,Property Damage Only,0,0,0,0,0,0,2000,1,1,,POINT (-92.338424439717 42.660462617926)
2014850871,14-010114,12/15/2014,12-December,2-Monday,05:45,0500 Hours,District 5 (Southeast),,LOUISA,,Co Rd X61/COUNTY RD X 61,Collision with:  Animal,,,Animal,None Indicated,,,,,,,Paved,,Property Damage Only,0,0,0,0,0,0,7000,1,1,,POINT (-91.109347167355 41.316701275951)
2014834002,14-051728,12/15/2014,12-December,2-Monday,21:29,2100 Hours,District 5 (Southeast),MUSCATINE,MUSCATINE,,E 7TH ST & MULBERRY AVE,Collision with:  Vehicle in traffic,On Roadway,Broadside (front to side),Ran Stop Sign,None Indicated,,Dark - roadway lighted,Wet,Rain,None apparent,Intersection:  Four-way intersection,Paved,,Possible/Unknown,0,1,0,0,1,0,3800,2,2,,POINT (-91.045337622964 41.427642567213)
2014834985,14007590,12/15/2014,12-December,2-Monday,17:55,1700 Hours,District 3 (Northwest),,CHEROKEE,US 59,US 59 & IA 3/IOWA 3,Collision with:  Vehicle in traffic,On Roadway,Broadside (front to side),FTYROW:  From stop sign,None Indicated,,Dark - roadway lighted,Wet,Rain,None apparent,Intersection:  Four-way intersection,Paved,,Property Damage Only,0,0,0,0,0,0,10000,2,3,,POINT (-95.55401306817 42.772280270208)
2014833517,14-001477,12/15/2014,12-December,2-Monday,06:40,0600 Hours,District 1 (Central),,STORY,,Co Rd E29/190TH ST,Collision with:  Animal,,,Animal,None Indicated,,,,,,,Paved,,Property Damage Only,0,0,0,0,0,0,3500,1,1,,POINT (-93.357883639596 42.077716369953)
2014833748,2014013831,12/15/2014,12-December,2-Monday,20:06,2000 Hours,District 6 (East Central),IOWA CITY,JOHNSON,,MORMON TREK BLVD & MELROSE AVE,Collision with:  Vehicle in traffic,On Roadway,"Angle, oncoming left turn",Swerving/Evasive Action,None Indicated,,Dark - roadway lighted,Wet,Rain,None apparent,Intersection:  Four-way intersection,Paved,,Property Damage Only,0,0,0,0,0,0,3000,2,2,,POINT (-91.573898847626 41.656938952074)
2014836699,14029006,12/15/2014,12-December,2-Monday,17:23,1700 Hours,District 5 (Southeast),OSKALOOSA,MAHASKA,,N D ST,Collision with:  Vehicle in traffic,On Roadway,Rear-end (front to rear),FTYROW:  From driveway,None Indicated,,Dark - roadway lighted,Dry,Cloudy,None apparent,Non-intersection:  Driveway access (within),Paved,,Property Damage Only,0,0,0,0,0,0,1850,2,3,,POINT (-92.649845478369 41.301397116914)
2014833986,2014-85576,12/15/2014,12-December,2-Monday,18:45,1800 Hours,District 6 (East Central),DAVENPORT,SCOTT,US 6,US 6/W KIMBERLY RD & GAINES ST,Collision with:  Vehicle in traffic,On Roadway,"Sideswipe, same direction",Unknown,None Indicated,,Dark - roadway lighted,Wet,Rain,None apparent,Non-intersection:  Non-junction/no special feature,Paved,,Property Damage Only,0,0,0,0,0,0,4000,2,2,,POINT (-90.583218272247 41.560089801518)
2014835056,201404630,12/15/2014,12-December,2-Monday,10:01,1000 Hours,District 6 (East Central),WALKER,LINN,,DOWS ST & GREENE ST,Collision with:  Vehicle in traffic,On Roadway,Broadside (front to side),FTYROW:  From stop sign,None Indicated,,Daylight,Wet,Cloudy,None apparent,Intersection:  Four-way intersection,Paved,,Property Damage Only,0,0,0,0,0,0,7000,2,2,,POINT (-91.780880864776 42.285317285786)
2014834629,14-005887,12/15/2014,12-December,2-Monday,16:14,1600 Hours,District 1 (Central),AMES,STORY,,STANGE RD & TIVERTON CT,Collision with:  Vehicle in traffic,On Roadway,Broadside (front to side),FTYROW:  From stop sign,None Indicated,,Daylight,Wet,Rain,None apparent,Intersection:  T-intersection,Paved,,Possible/Unknown,0,1,0,0,1,0,6000,2,2,,POINT (-93.645140524011 42.05749334892)
2014833807,14016279,12/15/2014,12-December,2-Monday,18:04,1800 Hours,District 4 (Southwest),,MILLS,,Co Rd H12/BARRUS RD & Co Rd L43/230TH ST,Collision with:  Vehicle in traffic,On Roadway,Rear-end (front to rear),Ran Stop Sign,None Indicated,,Dark - roadway not lighted,Wet,Rain,None apparent,Intersection:  T-intersection,Paved,,Property Damage Only,0,0,0,0,0,0,3300,2,2,,POINT (-95.742388558936 41.130949012242)
2014834074,201400060601,12/15/2014,12-December,2-Monday,15:12,1500 Hours,District 5 (Southeast),OTTUMWA,WAPELLO,,GARFIELD ST & N SHERIDAN ST,Collision with:  Vehicle in traffic,On Roadway,Broadside (front to side),FTYROW:  From stop sign,None Indicated,,Daylight,Wet,Rain,None apparent,Intersection:  Other intersection (explain in narrative),Paved,,Possible/Unknown,0,1,0,0,1,0,6000,2,3,,POINT (-92.418670655105 41.007857065605)
2014833832,14C05490,12/15/2014,12-December,2-Monday,19:00,1900 Hours,District 4 (Southwest),CRESTON,UNION,,W MONTGOMERY ST & N DIVISION ST,Collision with:  Parked motor vehicle,On Roadway,Rear-end (front to rear),Lost Control,None Indicated,,Dark - roadway lighted,Wet,Rain,None apparent,Non-intersection:  Non-junction/no special feature,Paved,,Property Damage Only,0,0,0,0,0,0,3000,2,1,,POINT (-94.366267421314 41.058524161377)
2014833811,2014-040537,12/15/2014,12-December,2-Monday,17:20,1700 Hours,District 6 (East Central),DUBUQUE,DUBUQUE,,LORAS BLVD & BLUFF ST,Collision with:  Vehicle in traffic,On Roadway,"Sideswipe, same direction",FTYROW:  Other (explain in narrative),None Indicated,,Dark - roadway lighted,Wet,Rain,None apparent,Intersection:  Other intersection (explain in narrative),Paved,,Property Damage Only,0,0,0,0,0,0,1500,2,4,,POINT (-90.67172751829 42.505188068317)
2014834472,14017551,12/15/2014,12-December,2-Monday,22:08,2200 Hours,District 5 (Southeast),CENTERVILLE,APPANOOSE,,Co Rd T20/195TH AVE,Collision with:  Animal,,,Animal,None Indicated,,,,,,,Unpaved,,Property Damage Only,0,0,0,0,0,0,1500,1,1,,POINT (-92.924278013451 40.669912265038)
2014833753,14-002822,12/15/2014,12-December,2-Monday,15:25,1500 Hours,District 1 (Central),ALTOONA,POLK,,17TH AVE SW,Collision with:  Vehicle in traffic,On Roadway,Broadside (front to side),FTYROW:  From driveway,None Indicated,,Daylight,Wet,Rain,None apparent,Non-intersection:  Driveway access (within),Paved,,Property Damage Only,0,0,0,0,0,0,3500,2,3,,POINT (-93.483726731225 41.643466939573)
2014835936,1412-091,12/15/2014,12-December,2-Monday,18:00,1800 Hours,District 3 (Northwest),,OSCEOLA,IA 60,IA 60/IOWA 60,Collision with:  Animal,,,Animal,None Indicated,,,,,,,Paved,,Property Damage Only,0,0,0,0,0,0,5000,1,1,,POINT (-95.778648005406 43.312283281445)
2014834073,201400060507,12/15/2014,12-December,2-Monday,00:51,0000 Hours,District 5 (Southeast),OTTUMWA,WAPELLO,,N GREEN ST,Collision with:  Vehicle in traffic,On Roadway,"Sideswipe, same direction",Over correcting/over steering,Alcohol (Statutory),,Dark - roadway lighted,Dry,Clear,None apparent,Non-intersection:  Non-junction/no special feature,Paved,,Property Damage Only,0,0,0,0,0,0,4500,3,1,,POINT (-92.405087233197 41.022741282521)
2014833637,W14-121852,12/15/2014,12-December,2-Monday,11:28,1100 Hours,District 2 (Northeast),WATERLOO,BLACK HAWK,US 63,US 63/E MULLAN AVE & MULBERRY ST,Collision with:  Vehicle in traffic,On Roadway,"Sideswipe, same direction",Made improper turn,None Indicated,,Daylight,Wet,Rain,None apparent,Intersection:  Four-way intersection,Paved,,Property Damage Only,0,0,0,0,0,0,5500,2,2,,POINT (-92.339305343024 42.50327322452)