Iowa DOT Case Number,Law Enforcement Case Number,Date of Crash,Month of Crash,Day of Week,Time of Crash,Hour,DOT District,City Name,County Name,Route with System,Location Description,First Harmful Event,Location of First Harmful Event,Manner of Crash/Collision,Major Cause,Drug or Alcohol ,Environmental Conditions,Light Conditions,Surface Conditions,Weather Conditions,Roadway Contribution,Roadway Type,Roadway Surface,Work Zone,Crash Severity,Number of Fatalities,Number of Injuries,Number of Major Injuries,Number of Minor Injuries,Number of Possible Injuries,Number of Unknown Injuries,Amount of Property Damage,Number of Vehicles Involved,Total Number of Occupants,Travel Direction,Location
2014833879,20140037033,12/15/2014,12-December,2-Monday,16:44,1600 Hours,District 1 (Central),DES MOINES,POLK,,VIRGINIA AVE & SW 9TH ST,Collision with:  Vehicle in traffic,On Roadway,Rear-end (front to rear),Followed too close,None Indicated,,Dark - roadway lighted,Wet,Rain,"Surface condition (e.g., wet, icy)",Non-intersection:  Non-junction/no special feature,Paved,,Property Damage Only,0,0,0,0,0,0,2200,2,2,,POINT (-93.625686920967 41.558086871639)
2014833548,14-6353,12/15/2014,12-December,2-Monday,12:53,1200 Hours,District 1 (Central),WEST DES MOINES,POLK,,36TH ST,Collision with:  Vehicle in traffic,On Roadway,Broadside (front to side),Ran Stop Sign,None Indicated,,Daylight,Wet,Rain,None apparent,Intersection:  Four-way intersection,Paved,,Major Injury,0,1,1,0,0,0,14500,2,2,,POINT (-93.754461329297 41.598648246251)
2014833574,14-052406,12/15/2014,12-December,2-Monday,12:15,1200 Hours,District 4 (Southwest),COUNCIL BLUFFS,POTTAWATTAMIE,,AVE B,Collision with:  Parked motor vehicle,On Roadway,"Sideswipe, same direction",Other (explain in narrative):  No improper action,None Indicated,,Daylight,Wet,Rain,None apparent,Non-intersection:  Non-junction/no special feature,Paved,,Property Damage Only,0,0,0,0,0,0,4500,2,2,,POINT (-95.892067430635 41.263669628092)
2014833636,C14003964,12/15/2014,12-December,2-Monday,12:20,1200 Hours,District 6 (East Central),CORALVILLE,JOHNSON,,UNIVERSITY PKWY & CROSSPARK RD,Collision with:  Vehicle in traffic,On Roadway,Broadside (front to side),FTYROW:  From stop sign,None Indicated,,Daylight,Wet,Rain,None apparent,Intersection:  Four-way intersection,Paved,,Property Damage Only,0,0,0,0,0,0,2400,2,2,,POINT (-91.605316333595 41.71426583221)
2014834916,2014-040560,12/15/2014,12-December,2-Monday,08:20,0800 Hours,District 6 (East Central),DUBUQUE,DUBUQUE,,JOHN F KENNEDY RD & CARTER RD,Collision with:  Vehicle in traffic,On Roadway,Broadside (front to side),FTYROW:  From stop sign,None Indicated,,Daylight,Wet,"Fog, smoke, smog",None apparent,Intersection:  Other intersection (explain in narrative),Paved,,Property Damage Only,0,0,0,0,0,0,3000,2,5,,POINT (-90.721286321319 42.501835157968)
2014835879,14-1461,12/15/2014,12-December,2-Monday,18:20,1800 Hours,District 1 (Central),PLEASANT HILL,POLK,IA 163,IA 163/E UNIVERSITY AVE & N HICKORY BLVD,Collision with:  Vehicle in traffic,On Roadway,Rear-end (front to rear),Followed too close,None Indicated,,Dark - roadway lighted,Wet,Rain,Non-highway work,Intersection:  Four-way intersection,Paved,,Property Damage Only,0,0,0,0,0,0,3550,2,3,,POINT (-93.517020054017 41.599321744304)
2014833576,14-8220,12/15/2014,12-December,2-Monday,07:00,0700 Hours,District 1 (Central),GRIMES,POLK,IA 141,IA 141/IOWA 141,Collision with:  Vehicle in traffic,On Roadway,Rear-end (front to rear),Followed too close,None Indicated,,Dark - roadway lighted,Wet,Cloudy,None apparent,Intersection:  Four-way intersection,Paved,,Property Damage Only,0,0,0,0,0,0,8000,2,2,,POINT (-93.775012131485 41.658427130323)
2014834156,K-14-038038,12/15/2014,12-December,2-Monday,05:40,0500 Hours,District 5 (Southeast),KEOKUK,LEE,US 218,US 218/MAIN ST & 14TH ST S & 14TH ST N,Collision with:  Vehicle in traffic,On Roadway,Broadside (front to side),Ran Traffic Signal,None Indicated,,Dark - roadway lighted,Wet,Rain,None apparent,Unknown,Paved,,Possible/Unknown,0,1,0,0,1,0,12000,2,2,,POINT (-91.390718900164 40.402855390652)
2014834908,2014-014396,12/15/2014,12-December,2-Monday,16:56,1600 Hours,District 6 (East Central),,DUBUQUE,US 61,US 61,Collision with:  Vehicle in traffic,On Roadway,"Sideswipe, same direction",Lost Control,None Indicated,,Dark - roadway not lighted,Wet,Rain,None apparent,Non-intersection:  Non-junction/no special feature,Paved,,Property Damage Only,0,0,0,0,0,0,8000,2,2,,POINT (-90.689339729625 42.306256219598)
2014833764,14-6352,12/15/2014,12-December,2-Monday,12:40,1200 Hours,District 4 (Southwest),WEST DES MOINES,DALLAS,,MILLS CIVIC PKWY & S 68TH ST,Collision with:  Vehicle in traffic,Shoulder,Broadside (front to side),Ran Traffic Signal,None Indicated,,Daylight,Wet,Rain,None apparent,Intersection:  Four-way intersection,Paved,,Property Damage Only,0,0,0,0,0,0,10000,2,10,,POINT (-93.799893040325 41.561843855365)
2014833818,2014013816,12/15/2014,12-December,2-Monday,14:00,1400 Hours,District 6 (East Central),IOWA CITY,JOHNSON,,E WASHINGTON ST & LUCAS ST,Collision with:  Vehicle in traffic,On Roadway,Broadside (front to side),FTYROW:  From stop sign,None Indicated,,Daylight,Wet,Rain,None apparent,Intersection:  T-intersection,Paved,,Property Damage Only,0,0,0,0,0,0,3500,2,2,,POINT (-91.524299484989 41.660014557252)
2014833830,14-6362,12/15/2014,12-December,2-Monday,16:46,1600 Hours,District 1 (Central),WEST DES MOINES,POLK,I-35,I-35,Collision with:  Vehicle in traffic,On Roadway,Rear-end (front to rear),Followed too close,None Indicated,,Dark - roadway lighted,Wet,Rain,None apparent,Non-intersection:  Non-junction/no special feature,Paved,,Property Damage Only,0,0,0,0,0,0,1800,2,2,,POINT (-93.776992076695 41.599290812081)
2014834194,2014069452,12/15/2014,12-December,2-Monday,17:50,1700 Hours,District 2 (Northeast),,CERRO GORDO,US 18,US 18,Collision with:  Animal,,,Animal,None Indicated,,,,,,,Paved,,Property Damage Only,0,0,0,0,0,0,3000,1,1,,POINT (-93.143645073375 43.111924900384)
2014834236,14-18724,12/15/2014,12-December,2-Monday,20:17,2000 Hours,District 3 (Northwest),,CLAY,US 18,US 18,Collision with:  Vehicle in traffic,On Roadway,"Sideswipe, opposite direction",Crossed centerline (undivided),None Indicated,,Dark - roadway not lighted,Ice/frost,"Sleet, hail","Surface condition (e.g., wet, icy)",Non-intersection:  Non-junction/no special feature,Paved,,Minor Injury,0,1,0,1,0,0,35000,2,2,,POINT (-94.940786178467 43.126655623349)
2014833552,C14003967,12/15/2014,12-December,2-Monday,14:41,1400 Hours,District 6 (East Central),CORALVILLE,JOHNSON,US 6,US 6/2ND ST,Collision with:  Vehicle in traffic,On Roadway,Unknown,Unknown,None Indicated,,Daylight,Wet,Rain,None apparent,Non-intersection:  Driveway access (within),Paved,,Property Damage Only,0,0,0,0,0,0,4500,2,2,,POINT (-91.602876962932 41.685360307268)
2014835878,14-1460,12/15/2014,12-December,2-Monday,14:42,1400 Hours,District 1 (Central),PLEASANT HILL,POLK,IA 163,IA 163/NE UNIVERSITY AVE & NE 80TH ST,Collision with:  Vehicle in traffic,On Roadway,Broadside (front to side),Other (explain in narrative):  Other,None Indicated,,Daylight,Wet,Rain,None apparent,Intersection:  Four-way intersection,Paved,,Minor Injury,0,1,0,1,0,0,7000,2,5,,POINT (-93.44407007116 41.600509374532)
2014835132,W14-121934,12/15/2014,12-December,2-Monday,17:09,1700 Hours,District 2 (Northeast),WATERLOO,BLACK HAWK,US 218,US 218/WASHINGTON ST,Collision with:  Vehicle in traffic,On Roadway,Rear-end (front to rear),Ran off road - right,None Indicated,,Dark - roadway lighted,Wet,Rain,None apparent,Non-intersection:  Non-junction/no special feature,Paved,,Possible/Unknown,0,2,0,0,2,0,10000,2,2,,POINT (-92.290822791774 42.435862746761)
2014833996,2014-26769,12/15/2014,12-December,2-Monday,07:21,0700 Hours,District 5 (Southeast),,WARREN,,Co Rd R63/100TH AVE,Collision with:  Animal,,,Animal,None Indicated,,,,,,,Paved,,Property Damage Only,0,0,0,0,0,0,2500,1,1,,POINT (-93.619651448493 41.40936210801)
2014834308,W14-122222,12/16/2014,12-December,3-Tuesday,16:45,1600 Hours,District 2 (Northeast),WATERLOO,BLACK HAWK,US 218,US 218/SPECIAL CASE/NW RAMP & ANSBOROUGH AVE,Collision with fixed object:  Guardrail - face,On Roadway,Non-collision (single vehicle),Other (explain in narrative):  Other,None Indicated,,Daylight,Dry,Clear,None apparent,Intersection:  Four-way intersection,Paved,,Property Damage Only,0,0,0,0,0,0,4170,1,1,,POINT (-92.375649175412 42.508051944241)
2014833813,2014-0749,12/16/2014,12-December,3-Tuesday,00:28,0000 Hours,District 5 (Southeast),DES MOINES,WARREN,IA 5,IA 5/IOWA 5,Collision with:  Animal,,,Animal,None Indicated,,,,,,,Paved,,Property Damage Only,0,0,0,0,0,0,5000,1,1,,POINT (-93.576997907984 41.505324250946)
2014835241,W14-122079,12/16/2014,12-December,3-Tuesday,07:51,0700 Hours,District 2 (Northeast),WATERLOO,BLACK HAWK,,ONEIDA ST & MOBILE ST,Collision with:  Vehicle in traffic,On Roadway,Broadside (front to side),Ran Stop Sign,None Indicated,,Dawn,Dry,Clear,None apparent,Intersection:  Four-way intersection,Paved,,Property Damage Only,0,0,0,0,0,0,5800,2,2,,POINT (-92.322855614369 42.507274857777)
2014833835,14-13964,12/16/2014,12-December,3-Tuesday,00:06,0000 Hours,District 3 (Northwest),,SAC,US 20,US 20,Non-collision events:  Jackknife,On Roadway,Non-collision (single vehicle),Over correcting/over steering,None Indicated,,Dark - roadway not lighted,Ice/frost,"Sleet, hail","Surface condition (e.g., wet, icy)",Non-intersection:  Non-junction/no special feature,Paved,,Property Damage Only,0,0,0,0,0,0,1500,1,1,,POINT (-94.971999686993 42.454078443659)
2014833943,14-8275,12/16/2014,12-December,3-Tuesday,18:00,1800 Hours,District 1 (Central),,POLK,,NE 54TH AVE,Collision with:  Animal,,,Animal,None Indicated,,,,,,,Paved,,Property Damage Only,0,0,0,0,0,0,3500,1,1,,POINT (-93.580202302335 41.658674906398)
2014833959,2014-13963,12/16/2014,12-December,3-Tuesday,00:10,0000 Hours,District 3 (Northwest),,SAC,,Co Rd D36/255TH ST,Non-collision events:  Overturn/rollover,On Roadway,Non-collision (single vehicle),Crossed centerline (undivided),None Indicated,,Dark - roadway lighted,Ice/frost,"Sleet, hail","Surface condition (e.g., wet, icy)",Non-intersection:  Non-junction/no special feature,Paved,,Property Damage Only,0,0,0,0,0,0,5000,1,2,,POINT (-95.125516887649 42.422029753101)
2014834378,2014-85809,12/16/2014,12-December,3-Tuesday,17:09,1700 Hours,District 6 (East Central),DAVENPORT,SCOTT,,CORPORATE PARK DR,Collision with:  Vehicle in traffic,On Roadway,Broadside (front to side),FTYROW:  From driveway,None Indicated,,Dark - roadway lighted,Dry,Cloudy,None apparent,Non-intersection:  Driveway access (within),Paved,,Property Damage Only,0,0,0,0,0,0,7000,2,2,,POINT (-90.517176011003 41.57529859735)
2014834065,14189177,12/16/2014,12-December,3-Tuesday,18:10,1800 Hours,District 6 (East Central),IOWA CITY,JOHNSON,US 218,US 218/NW LOOP,Collision with fixed object:  Ditch,Shoulder,Non-collision (single vehicle),Driving too fast for conditions,None Indicated,,Dark - roadway lighted,Dry,Other (explain in narrative),Unknown,"Interchange-related:  Off-ramp, diverge area",Paved,,Property Damage Only,0,0,0,0,0,0,5000,1,1,,POINT (-91.551169630335 41.612196588379)
2014834824,2014069617,12/16/2014,12-December,3-Tuesday,18:37,1800 Hours,District 4 (Southwest),STUART,ADAIR,I-80,I-80,Collision with:  Vehicle in traffic,On Roadway,Rear-end (front to rear),Followed too close,None Indicated,,Dark - roadway not lighted,Dry,Clear,None apparent,Non-intersection:  Non-junction/no special feature,Paved,,Property Damage Only,0,0,0,0,0,0,77000,2,2,,POINT (-94.328278147693 41.492967124655)
2014833939,20140037137,12/16/2014,12-December,3-Tuesday,17:20,1700 Hours,District 1 (Central),DES MOINES,POLK,,NW 44TH ST & NW MEREDITH DR,Collision with:  Vehicle in traffic,On Roadway,Rear-end (front to rear),Followed too close,None Indicated,,Dark - roadway lighted,Dry,Cloudy,None apparent,Non-intersection:  Non-junction/no special feature,Paved,,Property Damage Only,0,0,0,0,0,0,3000,2,2,,POINT (-93.678161107997 41.644916190286)
2014834532,14-13971,12/16/2014,12-December,3-Tuesday,05:30,0500 Hours,District 3 (Northwest),,SAC,,Co Rd M54/280TH ST,Non-collision events:  Overturn/rollover,On Roadway,Non-collision (single vehicle),Swerving/Evasive Action,None Indicated,,Dark - roadway not lighted,Ice/frost,"Sleet, hail","Surface condition (e.g., wet, icy)",Non-intersection:  Non-junction/no special feature,Paved,,Possible/Unknown,0,1,0,0,1,0,5000,1,1,,POINT (-95.003263897916 42.386093891898)
2014833909,14-44429,12/16/2014,12-December,3-Tuesday,16:00,1600 Hours,District 5 (Southeast),BURLINGTON,DES MOINES,,DIVISION ST & STARR AVE,Collision with:  Vehicle in traffic,On Roadway,Rear-end (front to rear),FTYROW:  Making left turn,None Indicated,,Daylight,Dry,Cloudy,None apparent,Intersection:  Four-way intersection,Paved,,Property Damage Only,0,0,0,0,0,0,1750,2,2,,POINT (-91.122570085435 40.807671491517)
2014841913,2014-85803,12/16/2014,12-December,3-Tuesday,17:43,1700 Hours,District 6 (East Central),DAVENPORT,SCOTT,US 6,US 6/W KIMBERLY RD & LILLIE AVE,Collision with:  Vehicle in traffic,On Roadway,Rear-end (front to rear),FTYROW:  Other (explain in narrative),None Indicated,,Dark - roadway not lighted,Dry,Clear,None apparent,Non-intersection:  Non-junction/no special feature,Paved,,Possible/Unknown,0,1,0,0,1,0,5500,4,6,,POINT (-90.588853748236 41.560100100328)
2014833987,2014-85662,12/16/2014,12-December,3-Tuesday,05:41,0500 Hours,District 6 (East Central),DAVENPORT,SCOTT,US 67,US 67/GAINES ST/W 2ND ST,Collision with:  Vehicle in traffic,On Roadway,"Sideswipe, same direction",Improper or erratic lane changing,None Indicated,,Dark - roadway lighted,Wet,Rain,None apparent,Non-intersection:  Other non-intersection (explain in narrative),Paved,,Property Damage Only,0,0,0,0,0,0,1800,2,2,,POINT (-90.583392485315 41.521302850348)
2014833908,14-4017,12/16/2014,12-December,3-Tuesday,09:25,0900 Hours,District 1 (Central),FORT DODGE,WEBSTER,,KENYON RD,Collision with:  Vehicle in traffic,On Roadway,"Sideswipe, same direction",FTYROW:  Other (explain in narrative),None Indicated,,Daylight,Dry,Snow,None apparent,Non-intersection:  Non-junction/no special feature,Paved,,Property Damage Only,0,0,0,0,0,0,6000,2,3,,POINT (-94.203513811897 42.485862859114)
2014833970,14-001481,12/16/2014,12-December,3-Tuesday,12:25,1200 Hours,District 1 (Central),,STORY,I-35,I-35,Collision with fixed object:  Bridge overhead structure,On Roadway,Non-collision (single vehicle),Ran off road - right,None Indicated,,Daylight,Dry,Cloudy,None apparent,Non-intersection:  Other non-intersection (explain in narrative),Paved,,Property Damage Only,0,0,0,0,0,0,5000,1,2,,POINT (-93.552985427793 42.122595887397)
2014834376,2014-85736,12/16/2014,12-December,3-Tuesday,13:48,1300 Hours,District 6 (East Central),DAVENPORT,SCOTT,,E 53RD ST & JERSEY RIDGE RD,Collision with:  Vehicle in traffic,On Roadway,"Angle, oncoming left turn",FTYROW:  Making left turn,None Indicated,,Daylight,Dry,Cloudy,None apparent,Intersection:  Four-way intersection,Paved,,Minor Injury,0,1,0,1,0,0,8000,2,3,,POINT (-90.541615387236 41.574779319312)
2014833993,14021698,12/16/2014,12-December,3-Tuesday,07:34,0700 Hours,District 2 (Northeast),MASON CITY,CERRO GORDO,,12TH ST NE,Collision with:  Animal,On Roadway,Non-collision (single vehicle),Animal,None Indicated,,Daylight,Dry,Cloudy,None apparent,Non-intersection:  Non-junction/no special feature,Paved,,Property Damage Only,0,0,0,0,0,0,2500,1,1,,POINT (-93.133799871226 43.162634265913)
2014834088,14002837,12/16/2014,12-December,3-Tuesday,14:30,1400 Hours,District 6 (East Central),IOWA CITY,JOHNSON,,STADIUM DR,Collision with fixed object:  Utility pole/light support,Outside trafficway,Non-collision (single vehicle),Over correcting/over steering,None Indicated,,Daylight,Dry,Cloudy,None apparent,Non-intersection:  Non-junction/no special feature,Paved,,Property Damage Only,0,0,0,0,0,0,2000,1,1,,POINT (-91.553082056618 41.659777102026)
2014833946,14-005422,12/16/2014,12-December,3-Tuesday,07:05,0700 Hours,District 1 (Central),ANKENY,POLK,US 69,US 69/N ANKENY BLVD,Collision with:  Vehicle in traffic,On Roadway,Broadside (front to side),Ran Traffic Signal,None Indicated,,Dawn,Dry,Clear,None apparent,Intersection:  Four-way intersection,Paved,,Property Damage Only,0,0,0,0,0,0,3501,2,3,,POINT (-93.600319883421 41.738761664406)
2014834518,121614-182,12/16/2014,12-December,3-Tuesday,17:50,1700 Hours,District 3 (Northwest),,BUENA VISTA,,Co Rd M43/90TH AVE & 650TH ST,Collision with:  Animal,On Roadway,Non-collision (single vehicle),Animal,None Indicated,,Dark - roadway not lighted,Dry,Clear,None apparent,Non-intersection:  Non-junction/no special feature,Paved,,Property Damage Only,0,0,0,0,0,0,2000,1,1,,POINT (-95.229620422617 42.575401343539)
2014834084,2014013856,12/16/2014,12-December,3-Tuesday,14:30,1400 Hours,District 6 (East Central),IOWA CITY,JOHNSON,,S CLINTON ST,Collision with:  Vehicle in traffic,On Roadway,Rear-end (front to rear),Improper Backing,None Indicated,,Daylight,Dry,Cloudy,None apparent,Non-intersection:  Non-junction/no special feature,Paved,,Property Damage Only,0,0,0,0,0,0,2500,2,2,,POINT (-91.534614667122 41.655859291679)
2014846051,14-076,12/16/2014,12-December,3-Tuesday,02:10,0200 Hours,District 3 (Northwest),,CALHOUN,,Co Rd D36/270TH ST,Non-collision events:  Overturn/rollover,On Roadway,Non-collision (single vehicle),Crossed centerline (undivided),None Indicated,,Dark - roadway not lighted,Ice/frost,Severe winds,"Surface condition (e.g., wet, icy)",Non-intersection:  Non-junction/no special feature,Paved,,Property Damage Only,0,0,0,0,0,0,8000,1,1,,POINT (-94.44509424097 42.398408334344)
2014834077,S14-13204,12/16/2014,12-December,3-Tuesday,19:30,1900 Hours,District 3 (Northwest),OTO,WOODBURY,IA 31,IA 31/RAILROAD AVE,Unknown,Roadside,Non-collision (single vehicle),Ran off road - right,None Indicated,,Dark - roadway not lighted,Dry,Cloudy,None apparent,Non-intersection:  Non-junction/no special feature,Paved,,Property Damage Only,0,0,0,0,0,0,18000,1,1,,POINT (-95.89149853839 42.278178390479)
2014834145,14122071,12/16/2014,12-December,3-Tuesday,15:55,1500 Hours,District 4 (Southwest),CLARINDA,PAGE,,W MAIN ST & S 22ND ST,Collision with:  Vehicle in traffic,On Roadway,Head-on (front to front),Made improper turn,None Indicated,,Daylight,Dry,Clear,None apparent,Non-intersection:  Non-junction/no special feature,Paved,,Property Damage Only,0,0,0,0,0,0,2000,2,3,,POINT (-95.045940351394 40.738301323762)
2014834129,14122070,12/16/2014,12-December,3-Tuesday,15:25,1500 Hours,District 4 (Southwest),CLARINDA,PAGE,,S 16TH ST,Collision with:  Vehicle in traffic,On Roadway,Rear-end (front to rear),Followed too close,None Indicated,,Daylight,Dry,Clear,None apparent,Non-intersection:  Non-junction/no special feature,Paved,,Property Damage Only,0,0,0,0,0,0,2000,2,2,,POINT (-95.037834280291 40.731905120819)
2014833994,14021700,12/16/2014,12-December,3-Tuesday,08:52,0800 Hours,District 2 (Northeast),MASON CITY,CERRO GORDO,,3RD ST SW,Collision with:  Vehicle in traffic,On Roadway,Head-on (front to front),FTYROW:  Making left turn,None Indicated,,Daylight,Dry,Cloudy,None apparent,Non-intersection:  Driveway access (within),Paved,,Property Damage Only,0,0,0,0,0,0,3000,2,2,,POINT (-93.214719143748 43.14920186991)
2014834159,14021732,12/16/2014,12-December,3-Tuesday,20:05,2000 Hours,District 2 (Northeast),MASON CITY,CERRO GORDO,,12TH ST NW,Collision with:  Vehicle in traffic,On Roadway,Head-on (front to front),Other (explain in narrative):  Other,None Indicated,,Dark - roadway not lighted,Dry,Snow,None apparent,Non-intersection:  Non-junction/no special feature,Paved,,Possible/Unknown,0,3,0,0,3,0,20000,2,4,,POINT (-93.24972662743 43.162764145681)
2014833933,14-33136,12/16/2014,12-December,3-Tuesday,07:39,0700 Hours,District 1 (Central),NEWTON,JASPER,,E 21ST ST S,Collision with:  Vehicle in traffic,On Roadway,Rear-end (front to rear),Lost Control,None Indicated,,Daylight,Dry,Cloudy,"Surface condition (e.g., wet, icy)",Non-intersection:  Non-junction/no special feature,Paved,,Property Damage Only,0,0,0,0,0,0,5000,2,3,,POINT (-93.026786767387 41.694372443237)
2014833860,14-40899,12/16/2014,12-December,3-Tuesday,07:32,0700 Hours,District 3 (Northwest),SIOUX CITY,WOODBURY,,COUNTRY CLUB BLVD & PERRY WAY,Collision with fixed object:  Utility pole/light support,Roadside,Non-collision (single vehicle),Ran off road - right,None Indicated,,Dawn,Snow,Cloudy,None apparent,Non-intersection:  Non-junction/no special feature,Paved,,Possible/Unknown,0,1,0,0,1,0,10500,1,1,,POINT (-96.412890869319 42.547747494485)
2014833719,14-4016,12/16/2014,12-December,3-Tuesday,08:10,0800 Hours,District 1 (Central),FORT DODGE,WEBSTER,,5TH AVE S & S 15TH ST,Collision with:  Vehicle in traffic,On Roadway,Rear-end (front to rear),Unknown,None Indicated,,Daylight,Dry,Cloudy,None apparent,Intersection:  Four-way intersection,Paved,,Property Damage Only,0,0,0,0,0,0,3000,2,3,,POINT (-94.177626551414 42.501054283776)
2014834056,14-1730,12/16/2014,12-December,3-Tuesday,06:45,0600 Hours,District 3 (Northwest),SPIRIT LAKE,DICKINSON,US 71,US 71/18TH ST & IA 9 & UNNAMED ST,Collision with:  Vehicle in traffic,On Roadway,"Angle, oncoming left turn",FTYROW:  From stop sign,None Indicated,,Dark - roadway lighted,Dry,Cloudy,None apparent,Intersection:  Four-way intersection,Paved,,Property Damage Only,0,0,0,0,0,0,2050,2,2,,POINT (-95.126334220214 43.422505784261)
2014833791,14-6373,12/16/2014,12-December,3-Tuesday,08:12,0800 Hours,District 1 (Central),WEST DES MOINES,POLK,,35TH ST,Collision with:  Vehicle in traffic,On Roadway,Rear-end (front to rear),Driving too fast for conditions,None Indicated,,Daylight,Dry,Cloudy,None apparent,Non-intersection:  Non-junction/no special feature,Paved,,Property Damage Only,0,0,0,0,0,0,5000,2,2,,POINT (-93.751806921135 41.58809116694)
2014834275,14-2803,12/16/2014,12-December,3-Tuesday,17:25,1700 Hours,District 1 (Central),URBANDALE,POLK,,MEREDITH DR,Collision with:  Vehicle in traffic,On Roadway,Rear-end (front to rear),Followed too close,None Indicated,,Dusk,Dry,Clear,None apparent,Non-intersection:  Driveway access (within),Paved,,Property Damage Only,0,0,0,0,0,0,16000,2,2,,POINT (-93.716238842429 41.643838554442)
2014835977,2014-85836,12/16/2014,12-December,3-Tuesday,21:33,2100 Hours,District 6 (East Central),DAVENPORT,SCOTT,,KIMBERLY RD,Non-collision events:  Overturn/rollover,On Roadway,Non-collision (single vehicle),Swerving/Evasive Action,Drug/Alcohol (Statutory),,Dark - roadway lighted,Dry,Clear,None apparent,Non-intersection:  Non-junction/no special feature,Paved,,Major Injury,0,2,1,1,0,0,15700,1,2,,POINT (-90.522421486893 41.547267018775)
2014834948,C14003978,12/16/2014,12-December,3-Tuesday,11:57,1100 Hours,District 6 (East Central),CORALVILLE,JOHNSON,,CORAL RIDGE AVE,Collision with:  Vehicle in traffic,On Roadway,Rear-end (front to rear),Driving too fast for conditions,None Indicated,,Daylight,Dry,Clear,Work Zone (roadway-related),Non-intersection:  Non-junction/no special feature,Paved,Yes,Property Damage Only,0,0,0,0,0,0,8500,3,3,,POINT (-91.608191877336 41.70523083876)
2014833714,14002833,12/16/2014,12-December,3-Tuesday,08:00,0800 Hours,District 6 (East Central),IOWA CITY,JOHNSON,,HAWKINS DR,Collision with:  Vehicle in traffic,Outside trafficway,"Sideswipe, opposite direction",Over correcting/over steering,None Indicated,,Daylight,Dry,Cloudy,None apparent,Non-intersection:  Non-junction/no special feature,Paved,,Property Damage Only,0,0,0,0,0,0,1700,2,1,,POINT (-91.55656040697 41.662676020018)
2014833988,2014-85749,12/16/2014,12-December,3-Tuesday,14:39,1400 Hours,District 6 (East Central),DAVENPORT,SCOTT,,W CENTRAL PARK AVE & HOWELL ST,Collision with:  Vehicle in traffic,On Roadway,"Sideswipe, same direction",FTYROW:  Other (explain in narrative),None Indicated,,Daylight,Dry,Cloudy,None apparent,Non-intersection:  Non-junction/no special feature,Paved,,Property Damage Only,0,0,0,0,0,0,2000,2,4,,POINT (-90.604274651465 41.545489980528)
2014833937,20140037126,12/16/2014,12-December,3-Tuesday,16:37,1600 Hours,District 1 (Central),DES MOINES,POLK,,SE 6TH ST & INDIANOLA AVE & SE 5TH ST,Collision with:  Vehicle in traffic,On Roadway,Rear-end (front to rear),Followed too close,None Indicated,,Daylight,Dry,Cloudy,None apparent,Non-intersection:  Non-junction/no special feature,Paved,,Property Damage Only,0,0,0,0,0,0,2800,2,2,,POINT (-93.605763007314 41.560103107968)
2014833936,20140037120,12/16/2014,12-December,3-Tuesday,15:37,1500 Hours,District 1 (Central),DES MOINES,POLK,,E SHERIDAN AVE & E 42ND ST,Collision with:  Vehicle in traffic,On Roadway,Rear-end (front to rear),Lost Control,None Indicated,,Daylight,Dry,Cloudy,None apparent,Intersection:  T-intersection,Paved,,Property Damage Only,0,0,0,0,0,0,4500,2,4,,POINT (-93.532119239865 41.618744508392)
2014836505,032-116-14,12/16/2014,12-December,3-Tuesday,08:30,0800 Hours,District 3 (Northwest),ESTHERVILLE,EMMET,IA 4,IA 4/N 9TH ST & 5TH AVE N,Collision with:  Vehicle in traffic,On Roadway,Broadside (front to side),FTYROW:  From stop sign,None Indicated,,Daylight,Dry,Clear,None apparent,Intersection:  Four-way intersection,Paved,,Property Damage Only,0,0,0,0,0,0,2700,2,2,,POINT (-94.832895955093 43.406562690962)
2014835297,14236,12/16/2014,12-December,3-Tuesday,23:00,2300 Hours,District 5 (Southeast),PELLA,MARION,,PARK LN & W 3RD ST,Collision with:  Animal,,,Animal,None Indicated,,,,,,,Paved,,Property Damage Only,0,0,0,0,0,0,1500,1,1,,POINT (-92.922572841193 41.422336172746)
2014834450,14-005431,12/16/2014,12-December,3-Tuesday,17:15,1700 Hours,District 1 (Central),ANKENY,POLK,IA 160,IA 160/SE ORALABOR RD & SE DELAWARE AVE,Collision with:  Vehicle in traffic,On Roadway,"Angle, oncoming left turn",FTYROW:  Making left turn,None Indicated,,Dark - roadway lighted,Dry,Clear,Traffic control obscured,Intersection:  Four-way intersection,Paved,,Property Damage Only,0,0,0,0,0,0,2000,2,2,,POINT (-93.581272792163 41.702903442953)
2014833949,143824,12/16/2014,12-December,3-Tuesday,15:20,1500 Hours,District 3 (Northwest),,CRAWFORD,IA 141,IA 141/IOWA 141 & Co Rd M14/KENWOOD RD & 180TH ST,Non-collision events:  Other non-collision (explain in narrative),On Roadway,Rear-end (front to rear),Driver Distraction:  Manual operation of an electronic communication device,None Indicated,,Daylight,Dry,Cloudy,None apparent,Intersection:  Four-way intersection,Paved,,Property Damage Only,0,0,0,0,0,0,7500,2,3,,POINT (-95.517677354822 42.045643373767)
2014835683,14011206,12/16/2014,12-December,3-Tuesday,23:12,2300 Hours,District 6 (East Central),,BUCHANAN,,INDIANA AVE,Non-collision events:  Overturn/rollover,Outside trafficway,Non-collision (single vehicle),Ran off road - right,None Indicated,,Dark - roadway not lighted,Dry,Clear,None apparent,Non-intersection:  Non-junction/no special feature,Unpaved,,Property Damage Only,0,0,0,0,0,0,13370,1,1,,POINT (-91.924515096087 42.585775145783)