Iowa DOT Case Number,Law Enforcement Case Number,Date of Crash,Month of Crash,Day of Week,Time of Crash,Hour,DOT District,City Name,County Name,Route with System,Location Description,First Harmful Event,Location of First Harmful Event,Manner of Crash/Collision,Major Cause,Drug or Alcohol ,Environmental Conditions,Light Conditions,Surface Conditions,Weather Conditions,Roadway Contribution,Roadway Type,Roadway Surface,Work Zone,Crash Severity,Number of Fatalities,Number of Injuries,Number of Major Injuries,Number of Minor Injuries,Number of Possible Injuries,Number of Unknown Injuries,Amount of Property Damage,Number of Vehicles Involved,Total Number of Occupants,Travel Direction,Location
2014834075,201400060755,12/16/2014,12-December,3-Tuesday,15:12,1500 Hours,District 5 (Southeast),OTTUMWA,WAPELLO,,W WOODLAND AVE & E WOODLAND AVE & N COURT ST,Collision with:  Vehicle in traffic,On Roadway,"Angle, oncoming left turn",FTYROW:  Making left turn,None Indicated,,Daylight,Dry,Clear,None apparent,Intersection:  Other intersection (explain in narrative),Paved,,Property Damage Only,0,0,0,0,0,0,6500,2,4,,POINT (-92.408940949284 41.029400102481)
2014837086,201418708,12/16/2014,12-December,3-Tuesday,09:57,0900 Hours,District 6 (East Central),CEDAR RAPIDS,LINN,IA 922,IA 922/1ST AVE E & 15TH ST SE & 15TH ST NE,Collision with fixed object:  Tree,Outside trafficway,Non-collision (single vehicle),Ran off road - right,Drug,,Daylight,Dry,Cloudy,None apparent,Non-intersection:  Non-junction/no special feature,Paved,,Possible/Unknown,0,1,0,0,1,0,1000,1,1,,POINT (-91.652313627107 41.988141698798)
2014834461,,12/16/2014,12-December,3-Tuesday,11:37,1100 Hours,District 6 (East Central),CEDAR RAPIDS,LINN,IA 100,IA 100/COLLINS RD NE & F AVE NE,Collision with:  Vehicle in traffic,On Roadway,"Sideswipe, opposite direction",Unknown,None Indicated,,Daylight,Dry,Cloudy,,Non-intersection:  Non-junction/no special feature,Paved,,Property Damage Only,0,0,0,0,0,0,6000,2,2,,POINT (-91.643445904277 42.028241746377)
2014836071,14-1732,12/16/2014,12-December,3-Tuesday,19:10,1900 Hours,District 3 (Northwest),SPIRIT LAKE,DICKINSON,IA 9,IA 9/IOWA 9,Collision with:  Animal,,Non-collision (single vehicle),Animal,None Indicated,,,,,,,Paved,,Property Damage Only,0,0,0,0,0,0,5000,1,1,,POINT (-95.142756770766 43.423702788379)
2014834117,14051837,12/16/2014,12-December,3-Tuesday,16:58,1600 Hours,District 5 (Southeast),,MUSCATINE,,Co Rd Y36/ZACHARY AVE,Collision with:  Animal,On Roadway,Non-collision (single vehicle),Animal,None Indicated,,Dark - roadway not lighted,Dry,Clear,None apparent,Non-intersection:  Non-junction/no special feature,Paved,,Possible/Unknown,0,1,0,0,0,1,5500,2,2,,POINT (-90.799399164007 41.50064792741)
2014843233,2014069567,12/16/2014,12-December,3-Tuesday,11:13,1100 Hours,District 2 (Northeast),WATERLOO,BLACK HAWK,,NILES ST,Collision with:  Vehicle in traffic,On Roadway,Rear-end (front to rear),Exceeded authorized speed,None Indicated,,Daylight,Dry,Cloudy,None apparent,Non-intersection:  Non-junction/no special feature,Paved,,Minor Injury,0,3,0,1,2,0,42500,4,3,,POINT (-92.328207090834 42.5303882053)
2014835052,201400004664,12/16/2014,12-December,3-Tuesday,19:15,1900 Hours,District 6 (East Central),,LINN,,Co Rd E36/BLAIRS FERRY RD,Collision with:  Vehicle in traffic,On Roadway,Rear-end (front to rear),Followed too close,None Indicated,,Dark - roadway not lighted,Dry,Cloudy,None apparent,Non-intersection:  Non-junction/no special feature,Paved,,Property Damage Only,0,0,0,0,0,0,4500,2,3,,POINT (-91.753226693139 42.065926660706)
2014834099,N14000691,12/16/2014,12-December,3-Tuesday,17:11,1700 Hours,District 6 (East Central),NORTH LIBERTY,JOHNSON,,Co Rd F28/250TH ST,Collision with:  Vehicle in traffic,On Roadway,Rear-end (front to rear),Other (explain in narrative):  Other,None Indicated,,Dark - roadway lighted,Dry,Cloudy,None apparent,Non-intersection:  Non-junction/no special feature,Paved,,Property Damage Only,0,0,0,0,0,0,2600,3,3,,POINT (-91.638408068396 41.752464267069)
2014834097,CL14004377,12/16/2014,12-December,3-Tuesday,16:13,1600 Hours,District 6 (East Central),CLINTON,CLINTON,,20TH AVE N & N 3RD ST,Collision with fixed object:  Traffic sign support,On Roadway,Non-collision (single vehicle),Exceeded authorized speed,None Indicated,,Daylight,Dry,Cloudy,None apparent,Non-intersection:  Non-junction/no special feature,Paved,,Possible/Unknown,0,1,0,0,1,0,4200,1,2,,POINT (-90.184065771024 41.868206044519)
2014836902,,12/16/2014,12-December,3-Tuesday,17:43,1700 Hours,District 2 (Northeast),,WINNESHIEK,,Co Rd W38/MIDDLE CALMAR RD,Collision with:  Animal,On Roadway,Non-collision (single vehicle),Animal,None Indicated,,Dark - roadway not lighted,Dry,Cloudy,None apparent,Non-intersection:  Non-junction/no special feature,Paved,,Property Damage Only,0,0,0,0,0,0,5000,1,1,,POINT (-91.805817529036 43.254873899859)
2014833789,S14-13174,12/16/2014,12-December,3-Tuesday,07:47,0700 Hours,District 3 (Northwest),,WOODBURY,,280TH ST,Collision with:  Animal,,,Animal,None Indicated,,,,,,,Unpaved,,Property Damage Only,0,0,0,0,0,0,2500,1,1,,POINT (-96.324032824856 42.301006605827)
2014839055,2014069520,12/16/2014,12-December,3-Tuesday,08:25,0800 Hours,District 6 (East Central),,CEDAR,I-80,I-80,Collision with:  Vehicle in traffic,On Roadway,Rear-end (front to rear),Unknown,None Indicated,,Daylight,Dry,Cloudy,None apparent,Non-intersection:  Non-junction/no special feature,Paved,,Minor Injury,0,1,0,1,0,0,6500,2,4,,POINT (-91.017043168147 41.633367621063)
2014834152,201418697,12/16/2014,12-December,3-Tuesday,08:02,0800 Hours,District 6 (East Central),CEDAR RAPIDS,LINN,IA 922,IA 922/1ST AVE E & COTTAGE GROVE AVE SE,Collision with:  Vehicle in traffic,On Roadway,Rear-end (front to rear),Lost Control,None Indicated,,Daylight,Dry,Cloudy,None apparent,Intersection:  Four-way intersection,Paved,,Property Damage Only,0,0,0,0,0,0,12000,2,2,,POINT (-91.638844654317 41.995908401043)
2014833947,14-005423,12/16/2014,12-December,3-Tuesday,07:45,0700 Hours,District 1 (Central),ANKENY,POLK,I-35,I-35,Collision with:  Vehicle in traffic,On Roadway,Rear-end (front to rear),Followed too close,None Indicated,,Daylight,Dry,Cloudy,None apparent,Non-intersection:  Non-junction/no special feature,Paved,,Property Damage Only,0,0,0,0,0,0,6500,2,2,,POINT (-93.575912921975 41.690842911135)
2014833976,14-40955,12/16/2014,12-December,3-Tuesday,15:45,1500 Hours,District 3 (Northwest),SIOUX CITY,WOODBURY,,26TH ST & WALL ST,Collision with:  Vehicle in traffic,On Roadway,Rear-end (front to rear),Improper Backing,None Indicated,,Daylight,Dry,Clear,None apparent,Non-intersection:  Alley,Paved,,Property Damage Only,0,0,0,0,0,0,2000,2,4,,POINT (-96.393572060167 42.516662258318)
2014834608,90-14-000444,12/16/2014,12-December,3-Tuesday,17:30,1700 Hours,District 2 (Northeast),DAKOTA CITY,HUMBOLDT,,Co Rd P56/NEVADA AVE & 225TH ST,Collision with:  Animal,,,Animal,None Indicated,,,,,,,Paved,,Property Damage Only,0,0,0,0,0,0,2000,1,1,,POINT (-94.188328715869 42.724434217585)
2014836155,,12/16/2014,12-December,3-Tuesday,19:30,1900 Hours,District 2 (Northeast),,WINNESHIEK,US 52,US 52,Collision with:  Animal,On Roadway,Non-collision (single vehicle),Animal,None Indicated,,Dark - roadway not lighted,Dry,Cloudy,None apparent,Non-intersection:  Non-junction/no special feature,Paved,,Property Damage Only,0,0,0,0,0,0,1500,1,2,,POINT (-91.63098263942 43.101069561332)
2014834089,14008632,12/16/2014,12-December,3-Tuesday,04:27,0400 Hours,District 1 (Central),,HAMILTON,US 20,US 20 & Co Rd R77/XIRCUS AVE,Non-collision events:  Jackknife,Outside trafficway,Non-collision (single vehicle),Driving too fast for conditions,None Indicated,,Dark - roadway not lighted,Ice/frost,Rain,"Surface condition (e.g., wet, icy)",Non-intersection:  Other non-intersection (explain in narrative),Paved,,Property Damage Only,0,0,0,0,0,0,20000,1,1,,POINT (-93.521048364799 42.448057662609)
2014833935,14-6387,12/16/2014,12-December,3-Tuesday,16:40,1600 Hours,District 1 (Central),WEST DES MOINES,POLK,,UNIVERSITY AVE,Collision with:  Vehicle in traffic,On Roadway,Rear-end (front to rear),Other (explain in narrative):  Other,None Indicated,,Dusk,Dry,Cloudy,None apparent,Intersection:  Four-way intersection,Paved,,Property Damage Only,0,0,0,0,0,0,1600,2,2,,POINT (-93.782177837997 41.600444596084)
2014835330,2014069497,12/16/2014,12-December,3-Tuesday,05:39,0500 Hours,District 6 (East Central),,IOWA,I-80,I-80,Collision with:  Vehicle in traffic,On Roadway,Rear-end (front to rear),Followed too close,None Indicated,,Dark - roadway not lighted,Dry,Clear,None apparent,Non-intersection:  Non-junction/no special feature,Paved,,Property Damage Only,0,0,0,0,0,0,10000,2,2,,POINT (-91.982693673992 41.687017666468)
2014837484,,12/16/2014,12-December,3-Tuesday,18:00,1800 Hours,District 2 (Northeast),,FAYETTE,,110TH ST,Collision with:  Animal,On Roadway,Non-collision (single vehicle),Animal,None Indicated,,Dawn,Wet,Snow,,Non-intersection:  Non-junction/no special feature,Unpaved,,Property Damage Only,0,0,0,0,0,0,5700,1,2,,POINT (-91.748851165196 42.788378183324)
2014834098,GP20141049,12/16/2014,12-December,3-Tuesday,17:40,1700 Hours,District 1 (Central),GRINNELL,POWESHIEK,IA 146,IA 146/WEST ST,Collision with:  Animal,,,Animal,None Indicated,,,,,,,Paved,,Property Damage Only,0,0,0,0,0,0,150000,1,1,,POINT (-92.727208710842 41.707787682843)
2014833772,2014-85721,12/16/2014,12-December,3-Tuesday,12:11,1200 Hours,District 6 (East Central),DAVENPORT,SCOTT,,E 53RD ST & ELMORE AVE,Collision with:  Vehicle in traffic,On Roadway,Rear-end (front to rear),Followed too close,None Indicated,,Daylight,Dry,Clear,None apparent,Intersection:  Four-way intersection,Paved,,Property Damage Only,0,0,0,0,0,0,2500,2,3,,POINT (-90.528586977681 41.574860104089)
2014833926,14-081216-01,12/16/2014,12-December,3-Tuesday,07:30,0700 Hours,District 6 (East Central),,IOWA,,Co Rd V52/H AVE,Collision with:  Animal,,,Animal,None Indicated,,,,,,,Paved,,Property Damage Only,0,0,0,0,0,0,2500,1,1,,POINT (-92.156614442804 41.541176666256)
2014834670,2014-007947,12/16/2014,12-December,3-Tuesday,20:03,2000 Hours,District 6 (East Central),,BENTON,,Co Rd E24/61 ST LN,Collision with:  Animal,,,Animal,None Indicated,,,,,,,Paved,,Property Damage Only,0,0,0,0,0,0,3500,1,1,,POINT (-91.971148912394 42.14780261614)
2014833836,14-13965,12/16/2014,12-December,3-Tuesday,01:27,0100 Hours,District 3 (Northwest),,SAC,,Co Rd D59/370TH ST,Non-collision events:  Overturn/rollover,On Roadway,Non-collision (single vehicle),Swerving/Evasive Action,None Indicated,,Dark - roadway not lighted,Ice/frost,"Sleet, hail","Surface condition (e.g., wet, icy)",Non-intersection:  Non-junction/no special feature,Paved,,Property Damage Only,0,0,0,0,0,0,6000,1,1,,POINT (-94.954242103093 42.253413320064)
2014834439,W14-122267,12/16/2014,12-December,3-Tuesday,20:59,2000 Hours,District 2 (Northeast),WATERLOO,BLACK HAWK,IA 934,IA 934/UNIVERSITY AVE/NW RAMP CURV,Collision with:  Vehicle in traffic,On Roadway,Rear-end (front to rear),Other (explain in narrative):  Other,None Indicated,,Dark - roadway lighted,Dry,Clear,None apparent,Intersection:  T-intersection,Paved,,Property Damage Only,0,0,0,0,0,0,1550,2,2,,POINT (-92.396409494931 42.503516160225)
2014833717,14-052562,12/16/2014,12-December,3-Tuesday,13:15,1300 Hours,District 4 (Southwest),COUNCIL BLUFFS,POTTAWATTAMIE,US 6,US 6/W BROADWAY & S 32ND ST & N 32ND ST,Collision with:  Vehicle in traffic,On Roadway,Broadside (front to side),FTYROW:  From driveway,None Indicated,,Daylight,Dry,Cloudy,None apparent,Non-intersection:  Driveway access (within),Paved,,Property Damage Only,0,0,0,0,0,0,3600,2,3,,POINT (-95.89641838925 41.261921012348)
2014833972,14-40936,12/16/2014,12-December,3-Tuesday,13:13,1300 Hours,District 3 (Northwest),SIOUX CITY,WOODBURY,,OUTER DR N & INDIAN HILLS DR,Collision with:  Vehicle in traffic,On Roadway,Rear-end (front to rear),Followed too close,None Indicated,,Daylight,Dry,Clear,None apparent,Intersection:  Four-way intersection,Paved,,Property Damage Only,0,0,0,0,0,0,11000,3,3,,POINT (-96.374476709682 42.536811495022)
2014833739,14-052510,12/16/2014,12-December,3-Tuesday,05:03,0500 Hours,District 4 (Southwest),COUNCIL BLUFFS,POTTAWATTAMIE,US 6,US 6/KANESVILLE BLVD & IA 192/S 7TH ST & N 7TH ST & BROADWAY KANESVILLE CONN,Collision with:  Vehicle in traffic,On Roadway,Broadside (front to side),FTYROW:  Other (explain in narrative),None Indicated,,Dark - roadway lighted,Dry,Clear,None apparent,Intersection:  Four-way intersection,Paved,,Property Damage Only,0,0,0,0,0,0,4000,2,2,,POINT (-95.853601877213 41.261856273085)
2014834612,14-14405,12/16/2014,12-December,3-Tuesday,15:00,1500 Hours,District 3 (Northwest),ORANGE CITY,SIOUX,IA 10,IA 10/8TH ST SE & HARTFORD PL SE,Collision with:  Vehicle in traffic,On Roadway,Rear-end (front to rear),Followed too close,None Indicated,,Daylight,Dry,Clear,None apparent,Non-intersection:  Non-junction/no special feature,Paved,,Property Damage Only,0,0,0,0,0,0,2500,2,3,,POINT (-96.04933834948 42.997498024412)
2014833997,W14-122068,12/16/2014,12-December,3-Tuesday,02:26,0200 Hours,District 2 (Northeast),WATERLOO,BLACK HAWK,,OSAGE RD & DUBUQUE RD,Collision with:  Vehicle in traffic,On Roadway,Broadside (front to side),Other (explain in narrative):  Other,None Indicated,,Dark - roadway lighted,Wet,Clear,None apparent,Intersection:  Four-way intersection,Paved,,Possible/Unknown,0,1,0,0,1,0,2200,2,3,,POINT (-92.295391623623 42.483820223991)
2014834354,1400001114,12/16/2014,12-December,3-Tuesday,15:45,1500 Hours,District 1 (Central),,MARSHALL,,VANCE AVE,Collision with fixed object:  Ditch,,,Ran off road - right,None Indicated,,,,,,,Unpaved,,Property Damage Only,0,0,0,0,0,0,10000,1,1,,POINT (-92.843329799008 42.0543901327)
2014834291,14-33166,12/16/2014,12-December,3-Tuesday,15:32,1500 Hours,District 1 (Central),NEWTON,JASPER,,S 8TH AVE W,Non-collision events:  Overturn/rollover,On Roadway,Non-collision (single vehicle),Lost Control,None Indicated,,Daylight,Dry,Clear,None apparent,Non-intersection:  Non-junction/no special feature,Paved,,Property Damage Only,0,0,0,0,0,0,5500,1,2,,POINT (-93.063173450156 41.69234960871)
2014833979,2014-0526,12/16/2014,12-December,3-Tuesday,07:46,0700 Hours,District 5 (Southeast),NORWALK,WARREN,,E 17TH ST,Collision with:  Vehicle in traffic,On Roadway,Broadside (front to side),FTYROW:  From driveway,None Indicated,,Daylight,Dry,Cloudy,None apparent,Non-intersection:  Driveway access (within),Paved,,Property Damage Only,0,0,0,0,0,0,2300,2,2,,POINT (-93.66818700825 41.477727369129)
2014835564,,12/16/2014,12-December,3-Tuesday,01:00,0100 Hours,District 2 (Northeast),,ALLAMAKEE,,Co Rd X32/WATERVILLE RD,Collision with:  Animal,On Roadway,Non-collision (single vehicle),Animal,None Indicated,,Dark - roadway not lighted,Dry,Cloudy,,Non-intersection:  Non-junction/no special feature,Paved,,Property Damage Only,0,0,0,0,0,0,1600,1,1,,POINT (-91.328989547438 43.204491104356)
2014834697,2014069618,12/16/2014,12-December,3-Tuesday,19:28,1900 Hours,District 4 (Southwest),,MILLS,I-29,I-29,Collision with:  Animal,,,Animal,None Indicated,,,,,,,Paved,,Property Damage Only,0,0,0,0,0,0,3000,1,1,,POINT (-95.800326033713 40.980611065147)
2014833955,2014-040590,12/16/2014,12-December,3-Tuesday,12:22,1200 Hours,District 6 (East Central),DUBUQUE,DUBUQUE,IA 32,IA 32/IA32 NW ARTERIAL,Collision with:  Vehicle in traffic,On Roadway,"Sideswipe, same direction",FTYROW:  Other (explain in narrative),None Indicated,,Daylight,Dry,Cloudy,None apparent,Non-intersection:  Non-junction/no special feature,Paved,,Property Damage Only,0,0,0,0,0,0,5000,2,2,,POINT (-90.73945398691 42.489398647263)
2014834307,,12/16/2014,12-December,3-Tuesday,15:30,1500 Hours,District 5 (Southeast),,WASHINGTON,IA 1,IA 1,Collision with:  Animal,On Roadway,Non-collision (single vehicle),Animal,None Indicated,,Daylight,Dry,Cloudy,,Non-intersection:  Non-junction/no special feature,Paved,,Property Damage Only,0,0,0,0,0,0,5700,1,1,,POINT (-91.807028661889 41.195925587074)
2014834118,14052694,12/16/2014,12-December,3-Tuesday,17:57,1700 Hours,District 5 (Southeast),,MUSCATINE,,Co Rd F56/100TH ST & Co Rd X40/GARFIELD AVE,Collision with:  Vehicle in traffic,On Roadway,Rear-end (front to rear),Other (explain in narrative):  Other,None Indicated,,Dark - roadway not lighted,Dry,Cloudy,None apparent,Intersection:  Four-way intersection,Paved,,Property Damage Only,0,0,0,0,0,0,14000,2,2,,POINT (-91.251021561368 41.598014575988)
2014833746,20140037071,12/16/2014,12-December,3-Tuesday,23:36,2300 Hours,District 1 (Central),DES MOINES,POLK,IA 28,IA 28/MERLE HAY RD & FRONTAGE RD & FRONTAGE RD CONN,Collision with:  Vehicle in traffic,On Roadway,Broadside (front to side),FTYROW:  From driveway,None Indicated,,Dark - roadway lighted,Wet,Rain,None apparent,Non-intersection:  Driveway access (within),Paved,,Property Damage Only,0,0,0,0,0,0,3250,2,3,,POINT (-93.697636143093 41.640269041141)
2014834096,201405919,12/16/2014,12-December,3-Tuesday,17:32,1700 Hours,District 1 (Central),,BOONE,,Co Rd E26/L AVE,Collision with:  Animal,,,Animal,None Indicated,,,,,,,Paved,,Property Damage Only,0,0,0,0,0,0,1800,1,1,,POINT (-93.950224241678 42.095424393989)
2014835017,14-007371,12/16/2014,12-December,3-Tuesday,16:40,1600 Hours,District 3 (Northwest),,OBRIEN,,Co Rd B40/390TH ST & Co Rd L54/TAFT AVE,Collision with:  Vehicle in traffic,On Roadway,Broadside (front to side),FTYROW:  From stop sign,None Indicated,,Dusk,Dry,Clear,None apparent,Intersection:  Four-way intersection,Paved,,Minor Injury,0,2,0,2,0,0,7700,2,3,,POINT (-95.564789877123 43.084460747483)
2014833989,20140037093,12/16/2014,12-December,3-Tuesday,10:10,1000 Hours,District 1 (Central),DES MOINES,POLK,,LOCUST ST & 2ND AVE,Collision with:  Vehicle in traffic,On Roadway,Broadside (front to side),FTYROW:  Making left turn,None Indicated,,Daylight,Dry,Cloudy,None apparent,Intersection:  Other intersection (explain in narrative),Paved,,Property Damage Only,0,0,0,0,0,0,7500,2,3,,POINT (-93.620011441875 41.587850631029)
2014836520,2014069531,12/16/2014,12-December,3-Tuesday,09:05,0900 Hours,District 1 (Central),,MARSHALL,IA 330,IA 330/MARSHALLTOWN BLVD,Collision with:  Animal,,,Animal,None Indicated,,,,,,,Paved,,Property Damage Only,0,0,0,0,0,0,4000,1,1,,POINT (-93.17684071864 41.90191346382)
2014834845,14-2006,12/16/2014,12-December,3-Tuesday,05:19,0500 Hours,District 1 (Central),,GREENE,,Co Rd E53/240TH,Non-collision events:  Other non-collision (explain in narrative),On Roadway,Non-collision (single vehicle),Crossed centerline (undivided),None Indicated,,Dark - roadway not lighted,Dry,Severe winds,None apparent,Non-intersection:  Non-junction/no special feature,Paved,,Property Damage Only,0,0,0,0,0,0,4000,1,2,,POINT (-94.487031484163 42.008234330853)
2014834122,"18,751-14",12/16/2014,12-December,3-Tuesday,18:49,1800 Hours,District 3 (Northwest),SPENCER,CLAY,,E 8TH ST & 9TH AVE E,Collision with:  Vehicle in traffic,On Roadway,Broadside (front to side),FTYROW:  At uncontrolled intersection,None Indicated,,Dark - roadway lighted,Dry,Clear,None apparent,Intersection:  Four-way intersection,Paved,,Possible/Unknown,0,2,0,0,2,0,1700,2,3,,POINT (-95.132640926996 43.146200672048)
2014835094,14-030463,12/16/2014,12-December,3-Tuesday,19:02,1900 Hours,District 5 (Southeast),,MARION,,Co Rd T17/HWY T17 & KEOKUK DR,Collision with:  Animal,On Roadway,Non-collision (single vehicle),Animal,None Indicated,,Dark - roadway not lighted,Dry,Clear,None apparent,Non-intersection:  Non-junction/no special feature,Paved,,Property Damage Only,0,0,0,0,0,0,3500,1,1,,POINT (-92.913984561632 41.346620904378)
2014833770,2014-85668,12/16/2014,12-December,3-Tuesday,06:49,0600 Hours,District 6 (East Central),DAVENPORT,SCOTT,,IA 461/BRADY ST & E PLEASANT ST,Collision with:  Vehicle in traffic,On Roadway,Rear-end (front to rear),Lost Control,None Indicated,,Daylight,Wet,Rain,None apparent,Intersection:  T-intersection,Paved,,Possible/Unknown,0,1,0,0,1,0,0,2,2,,POINT (-90.573978369242 41.539756820955)
2014837054,14120327,12/16/2014,12-December,3-Tuesday,18:02,1800 Hours,District 5 (Southeast),,WAPELLO,,87TH ST,Collision with:  Animal,,,Animal,None Indicated,,,,,,,Paved,,Property Damage Only,0,0,0,0,0,0,1500,1,1,,POINT (-92.495542574245 41.016713826378)
2014834515,1-14-000476,12/16/2014,12-December,3-Tuesday,10:46,1000 Hours,District 4 (Southwest),,SHELBY,,Co Rd F24/STREET F24,Collision with fixed object:  Ditch,On Roadway,Non-collision (single vehicle),Ran off road - right,None Indicated,,Daylight,Ice/frost,Severe winds,"Surface condition (e.g., wet, icy)",Non-intersection:  Non-junction/no special feature,Paved,,Minor Injury,0,1,0,1,0,0,10000,1,1,,POINT (-95.172720795855 41.791744521737)
2014834272,20140037143,12/16/2014,12-December,3-Tuesday,18:49,1800 Hours,District 1 (Central),DES MOINES,POLK,,SW 9TH ST,Collision with:  Non-motorist (see non-motorist section - NOT a unit),On Roadway,Non-collision (single vehicle),Other (explain in narrative):  No improper action,None Indicated,,Dark - roadway lighted,Dry,Clear,None apparent,Non-intersection:  Non-junction/no special feature,Paved,,Major Injury,0,1,1,0,0,0,4500,1,2,,POINT (-93.625747225546 41.534496383144)
2014833934,14-4025,12/16/2014,12-December,3-Tuesday,17:30,1700 Hours,District 1 (Central),FORT DODGE,WEBSTER,,3RD AVE N & N 15TH ST,Collision with:  Vehicle in traffic,On Roadway,"Angle, oncoming left turn",FTYROW:  Making left turn,None Indicated,,Dark - roadway lighted,Dry,Clear,None apparent,Intersection:  Four-way intersection,Paved,,Property Damage Only,0,0,0,0,0,0,3000,2,3,,POINT (-94.177927076369 42.509282407591)
2014834076,201400060789,12/16/2014,12-December,3-Tuesday,18:09,1800 Hours,District 5 (Southeast),OTTUMWA,WAPELLO,,W KEOTA ST & S FERRY ST,Collision with:  Vehicle in traffic,On Roadway,"Sideswipe, same direction",FTYROW:  From driveway,None Indicated,,Dark - unknown roadway lighting,Dry,Cloudy,None apparent,Non-intersection:  Driveway access (within),Paved,,Minor Injury,0,1,0,1,0,0,1500,2,4,,POINT (-92.433654155978 40.99675251467)
2014835216,14-005896,12/16/2014,12-December,3-Tuesday,12:23,1200 Hours,District 1 (Central),AMES,STORY,,S 16TH ST & BUCKEYE AVE,Collision with:  Vehicle in traffic,On Roadway,"Sideswipe, same direction",Lost Control,None Indicated,,Daylight,Dry,Clear,None apparent,Non-intersection:  Non-junction/no special feature,Paved,,Property Damage Only,0,0,0,0,0,0,7000,2,2,,POINT (-93.611518713573 42.008357489593)
2014834325,14-38198,12/16/2014,12-December,3-Tuesday,07:55,0700 Hours,District 5 (Southeast),,LEE,,Co Rd J82/340 ST,Collision with:  Animal,,,Animal,None Indicated,,,,,,,Paved,,Property Damage Only,0,0,0,0,0,0,1500,1,1,,POINT (-91.409702881271 40.464889854085)
2014834377,2014-85796,12/16/2014,12-December,3-Tuesday,17:01,1700 Hours,District 6 (East Central),DAVENPORT,SCOTT,,N DIVISION ST,Collision with:  Vehicle in traffic,On Roadway,"Sideswipe, same direction",Lost Control,None Indicated,,Dark - roadway lighted,Dry,Cloudy,None apparent,Non-intersection:  Non-junction/no special feature,Paved,,Property Damage Only,0,0,0,0,0,0,3000,2,2,,POINT (-90.600774915685 41.553243547203)
2014833804,14-052517,12/16/2014,12-December,3-Tuesday,06:54,0600 Hours,District 4 (Southwest),COUNCIL BLUFFS,POTTAWATTAMIE,US 6,US 6/KANESVILLE BLVD & S 1ST ST & HARRISON ST,Collision with:  Non-motorist (see non-motorist section - NOT a unit),On Roadway,Non-collision (single vehicle),FTYROW:  To pedestrian,None Indicated,,Dawn,Dry,Clear,None apparent,Intersection:  Four-way intersection,Paved,,Minor Injury,0,1,0,1,0,0,0,1,1,,POINT (-95.844059288984 41.265019653204)
2014833956,2014-040593,12/16/2014,12-December,3-Tuesday,14:20,1400 Hours,District 6 (East Central),DUBUQUE,DUBUQUE,US 20,US 20/DODGE ST & IA 946/IOWA 946,Collision with:  Vehicle in traffic,On Roadway,Rear-end (front to rear),Lost Control,None Indicated,,Daylight,Dry,Cloudy,None apparent,Non-intersection:  Non-junction/no special feature,Paved,,Property Damage Only,0,0,0,0,0,0,6500,2,2,,POINT (-90.66504922786 42.4920215773)
2014833948,14-005426,12/16/2014,12-December,3-Tuesday,11:08,1100 Hours,District 1 (Central),ANKENY,POLK,,W 1ST ST & SW IRVINEDALE DR & NW IRVINEDALE DR,Collision with:  Vehicle in traffic,On Roadway,Head-on (front to front),Other (explain in narrative):  Other,None Indicated,,Daylight,Dry,Clear,None apparent,Intersection:  Four-way intersection,Paved,,Property Damage Only,0,0,0,0,0,0,3000,2,2,,POINT (-93.639105135979 41.731761187153)
2014833973,14-40944,12/16/2014,12-December,3-Tuesday,14:29,1400 Hours,District 3 (Northwest),SIOUX CITY,WOODBURY,,PIERCE ST,Collision with:  Vehicle in traffic,On Roadway,"Sideswipe, same direction",Improper or erratic lane changing,None Indicated,,Daylight,Dry,Clear,Work Zone (roadway-related),Non-intersection:  Non-junction/no special feature,Paved,Yes,Property Damage Only,0,0,0,0,0,0,4500,2,3,,POINT (-96.404875913841 42.490384697672)
2014835307,14-005763,12/16/2014,12-December,3-Tuesday,13:36,1300 Hours,District 3 (Northwest),,LYON,,Co Rd K20/COOLDIGE AVE & 260TH ST,Collision with:  Vehicle in traffic,On Roadway,Broadside (front to side),Ran Stop Sign,None Indicated,,Daylight,"Mud, dirt",Clear,None apparent,Intersection:  Four-way intersection,Unpaved,,Minor Injury,0,2,0,2,0,0,16000,2,5,,POINT (-96.392786265115 43.272749172744)
2014833834,14-4015,12/16/2014,12-December,3-Tuesday,02:10,0200 Hours,District 1 (Central),FORT DODGE,WEBSTER,,S 20TH ST,Collision with:  Vehicle in traffic,On Roadway,"Sideswipe, opposite direction",Other (explain in narrative):  Other,None Indicated,,Dark - roadway lighted,Wet,Rain,None apparent,Non-intersection:  Non-junction/no special feature,Paved,,Property Damage Only,0,0,0,0,0,0,6000,2,1,,POINT (-94.170653801207 42.495884402118)
2014834279,14-4026,12/16/2014,12-December,3-Tuesday,17:39,1700 Hours,District 1 (Central),FORT DODGE,WEBSTER,,3RD AVE NW,Collision with:  Vehicle in traffic,On Roadway,Rear-end (front to rear),Lost Control,None Indicated,,Dark - roadway lighted,Dry,Clear,None apparent,Non-intersection:  Non-junction/no special feature,Paved,,Property Damage Only,0,0,0,0,0,0,6500,2,2,,POINT (-94.217690411374 42.515413889308)
2014931977,,12/16/2014,12-December,3-Tuesday,05:40,0500 Hours,District 3 (Northwest),SERGEANT BLUFF,WOODBURY,I-29,I-29 & 1ST ST,Collision with:  Vehicle in traffic,On Roadway,Rear-end (front to rear),Followed too close,None Indicated,,Dark - roadway lighted,Dry,Cloudy,None apparent,Non-intersection:  Other non-intersection (explain in narrative),Paved,,Property Damage Only,0,0,0,0,0,0,5500,2,2,,POINT (-96.368366112426 42.400662778216)
2014834195,2014069504,12/16/2014,12-December,3-Tuesday,07:00,0700 Hours,District 5 (Southeast),,DECATUR,I-35,I-35,Collision with:  Animal,,,Animal,None Indicated,,,,,,,Paved,,Property Damage Only,0,0,0,0,0,0,4000,1,1,,POINT (-93.844996330586 40.69542934347)